mapping	target_segment_id	target_title	target_type	rank	score	lexical_overlap	candidate_segment_id	candidate_title	candidate_type	video_start	video_end	video_start_seconds	video_end_seconds	youtube_start_corrected	candidate_text
tidy_sections_to_chapters	tidy:section:001	🗺️ Feeling of Computing demo transcript: 2D visual language topic map ZUI	tidy_section	1	0.528784	0.177778	chapter:05	Adding visual language: generated icons	chapter	00:05:24.413	00:06:14.406	324.413	374.406	00:37:23.413	Adding visual language: generated icons. semi-manually and semi-automatically generated icons for the topics That probably helps a little bit What would be more useful is a zoomable user interface where we can look at different things at different levels and
tidy_sections_to_chapters	tidy:section:001	🗺️ Feeling of Computing demo transcript: 2D visual language topic map ZUI	tidy_section	2	0.487026	0.139535	chapter:07	Q (Ivy): can the interface express, not just reveal?	chapter	00:07:54.548	00:08:12.087	474.548	492.087	00:39:53.548	Q (Ivy): can the interface express, not just reveal?. So far, you have talked about what this interface is revealing, what it is showing, and how it relates to higher-dimensional spaces I’m curious what you have thought about with respect to doing expressive
tidy_sections_to_chapters	tidy:section:001	🗺️ Feeling of Computing demo transcript: 2D visual language topic map ZUI	tidy_section	3	0.459932	0.097561	chapter:15	Closing	chapter	00:19:55.657	00:20:17.599	1195.657	1217.599	00:51:54.657	Closing. Luke, thank you very much for sharing what seems to be promising first steps on a project I will be excited to see this unfold in the coming months Thanks to Jasmine Otto, Ivan Lugo, and Luke for demoing today Thanks everybody for coming out, and we
tidy_sections_to_chapters	tidy:section:002	👋 Introduction	tidy_section	1	0.775827	0.909091	chapter:01	Intro: good mental models, high-bandwidth visual cognition	chapter	00:00:00.838	00:00:52.468	0.838	52.468	00:31:59.838	Intro: good mental models, high-bandwidth visual cognition. Hello I’m interested in the problem of how we as human beings, can get a good mental model of what is going on I want to understand things and make use of our high-bandwidth visual centres, which are
tidy_sections_to_chapters	tidy:section:002	👋 Introduction	tidy_section	2	0.513651	0.405797	chapter:05	Adding visual language: generated icons	chapter	00:05:24.413	00:06:14.406	324.413	374.406	00:37:23.413	Adding visual language: generated icons. semi-manually and semi-automatically generated icons for the topics That probably helps a little bit What would be more useful is a zoomable user interface where we can look at different things at different levels and
tidy_sections_to_chapters	tidy:section:002	👋 Introduction	tidy_section	3	0.501084	0.38961	chapter:13	MiniLM salience, then the Manifold Steering paper	chapter	00:15:26.504	00:16:57.935	926.504	1017.935	00:47:25.504	MiniLM salience, then the Manifold Steering paper. It basically showed things like different dates mapping to a particular shape inside large language models They look at things like weekdays in different language models corresponding to certain shapes So I p
tidy_sections_to_chapters	tidy:section:003	🧩 Why the first map looks messy	tidy_section	1	0.919817	0.983051	chapter:02	Why the first map looks messy (high-D to 2D, overlap, force-directed kludge)	chapter	00:00:52.468	00:01:35.655	52.468	95.655	00:32:51.468	Why the first map looks messy (high-D to 2D, overlap, force-directed kludge). This is what happens when a data set of topics is projected down from high-dimensional space into 2D space We should expect it to be a mess We should expect overlap By default, ther
tidy_sections_to_chapters	tidy:section:003	🧩 Why the first map looks messy	tidy_section	2	0.65736	0.688679	chapter:03	No-overlap layout that keeps semantic integrity	chapter	00:01:35.655	00:03:57.121	95.655	237.121	00:33:34.655	No-overlap layout that keeps semantic integrity. two-dimensional representation unless that dimension is deliberately added When we add that dimension, we then have to decide what to do about overlap One common thing people do is use a force-directed effect:
tidy_sections_to_chapters	tidy:section:003	🧩 Why the first map looks messy	tidy_section	3	0.557431	0.339623	chapter:08	Projecting back with UMAP: where would a new thing land?	chapter	00:08:12.087	00:10:12.774	492.087	612.774	00:40:11.087	Projecting back with UMAP: where would a new thing land?. There is a popular library called UMAP Learn that lets us do that UMAP is a common solution for dimensionality reduction of high dimensional data It does not have a global objective It is mostly local,
tidy_sections_to_chapters	tidy:section:004	🧭 Finding non-overlapping positions without losing meaning	tidy_section	1	0.782313	0.652542	chapter:03	No-overlap layout that keeps semantic integrity	chapter	00:01:35.655	00:03:57.121	95.655	237.121	00:33:34.655	No-overlap layout that keeps semantic integrity. two-dimensional representation unless that dimension is deliberately added When we add that dimension, we then have to decide what to do about overlap One common thing people do is use a force-directed effect:
tidy_sections_to_chapters	tidy:section:004	🧭 Finding non-overlapping positions without losing meaning	tidy_section	2	0.62363	0.901408	chapter:04	Pepys as corpus: bladder-stone, gold, Navy, Great Fire clusters	chapter	00:03:57.121	00:05:24.413	237.121	324.413	00:35:56.121	Pepys as corpus: bladder-stone, gold, Navy, Great Fire clusters. The stone was a personal concern of his He had frequent pains, especially when he got cold, and it became one of his anxious preoccupations Another one is gold Gold fits into a psychological kin
tidy_sections_to_chapters	tidy:section:004	🧭 Finding non-overlapping positions without losing meaning	tidy_section	3	0.498663	0.371429	chapter:06	Salience-driven scale and opacity; zoom states	chapter	00:06:14.406	00:07:54.548	374.406	474.548	00:38:13.406	Salience-driven scale and opacity; zoom states. of some nodes For instance, there is a woman who was loosely related to some people in this area through gossip She is not as central to Pepys’s life Her centrality is low, but she is still an interesting figure
tidy_sections_to_chapters	tidy:section:005	🎨 Adding visual language with generated icons	tidy_section	1	0.863688	1.0	chapter:05	Adding visual language: generated icons	chapter	00:05:24.413	00:06:14.406	324.413	374.406	00:37:23.413	Adding visual language: generated icons. semi-manually and semi-automatically generated icons for the topics That probably helps a little bit What would be more useful is a zoomable user interface where we can look at different things at different levels and
tidy_sections_to_chapters	tidy:section:005	🎨 Adding visual language with generated icons	tidy_section	2	0.734201	0.771429	chapter:06	Salience-driven scale and opacity; zoom states	chapter	00:06:14.406	00:07:54.548	374.406	474.548	00:38:13.406	Salience-driven scale and opacity; zoom states. of some nodes For instance, there is a woman who was loosely related to some people in this area through gossip She is not as central to Pepys’s life Her centrality is low, but she is still an interesting figure
tidy_sections_to_chapters	tidy:section:005	🎨 Adding visual language with generated icons	tidy_section	3	0.502506	0.341463	chapter:03	No-overlap layout that keeps semantic integrity	chapter	00:01:35.655	00:03:57.121	95.655	237.121	00:33:34.655	No-overlap layout that keeps semantic integrity. two-dimensional representation unless that dimension is deliberately added When we add that dimension, we then have to decide what to do about overlap One common thing people do is use a force-directed effect:
tidy_sections_to_chapters	tidy:section:006	❓ Question: can the interface be used to express things?	tidy_section	1	0.835739	0.813953	chapter:07	Q (Ivy): can the interface express, not just reveal?	chapter	00:07:54.548	00:08:12.087	474.548	492.087	00:39:53.548	Q (Ivy): can the interface express, not just reveal?. So far, you have talked about what this interface is revealing, what it is showing, and how it relates to higher-dimensional spaces I’m curious what you have thought about with respect to doing expressive
tidy_sections_to_chapters	tidy:section:006	❓ Question: can the interface be used to express things?	tidy_section	2	0.524662	0.681159	chapter:06	Salience-driven scale and opacity; zoom states	chapter	00:06:14.406	00:07:54.548	374.406	474.548	00:38:13.406	Salience-driven scale and opacity; zoom states. of some nodes For instance, there is a woman who was loosely related to some people in this area through gossip She is not as central to Pepys’s life Her centrality is low, but she is still an interesting figure
tidy_sections_to_chapters	tidy:section:006	❓ Question: can the interface be used to express things?	tidy_section	3	0.473276	0.363636	chapter:01	Intro: good mental models, high-bandwidth visual cognition	chapter	00:00:00.838	00:00:52.468	0.838	52.468	00:31:59.838	Intro: good mental models, high-bandwidth visual cognition. Hello I’m interested in the problem of how we as human beings, can get a good mental model of what is going on I want to understand things and make use of our high-bandwidth visual centres, which are
tidy_sections_to_chapters	tidy:section:007	🔁 Projecting back and arranging meaning	tidy_section	1	0.906365	0.975	chapter:08	Projecting back with UMAP: where would a new thing land?	chapter	00:08:12.087	00:10:12.774	492.087	612.774	00:40:11.087	Projecting back with UMAP: where would a new thing land?. There is a popular library called UMAP Learn that lets us do that UMAP is a common solution for dimensionality reduction of high dimensional data It does not have a global objective It is mostly local,
tidy_sections_to_chapters	tidy:section:007	🔁 Projecting back and arranging meaning	tidy_section	2	0.640613	0.660194	chapter:09	Rotation anchor: stable orientation on regeneration	chapter	00:10:12.774	00:11:35.105	612.774	695.105	00:42:11.774	Rotation anchor: stable orientation on regeneration. whenever one of these maps is regenerated There are different ways of doing dimensionality reduction and they are often based on a random seed or on other stochastic things, that make it hard to keep the sa
tidy_sections_to_chapters	tidy:section:007	🔁 Projecting back and arranging meaning	tidy_section	3	0.57753	0.474576	chapter:02	Why the first map looks messy (high-D to 2D, overlap, force-directed kludge)	chapter	00:00:52.468	00:01:35.655	52.468	95.655	00:32:51.468	Why the first map looks messy (high-D to 2D, overlap, force-directed kludge). This is what happens when a data set of topics is projected down from high-dimensional space into 2D space We should expect it to be a mess We should expect overlap By default, ther
tidy_sections_to_chapters	tidy:section:008	🧮 Question from Marek “maf” Rogalski: can nodes occupy regions instead of points?	tidy_section	1	0.775871	0.618182	chapter:10	Q (maf): nodes as regions not points, Voronoi	chapter	00:11:35.105	00:12:55.193	695.105	775.193	00:43:34.105	Q (maf): nodes as regions not points, Voronoi. They have shapes We also think in categories On the screen, in a user interface many of those things could be grouped together by putting them in a box, or surrounding them with a line That is how many mind maps
tidy_sections_to_chapters	tidy:section:008	🧮 Question from Marek “maf” Rogalski: can nodes occupy regions instead of points?	tidy_section	2	0.57654	0.669903	chapter:09	Rotation anchor: stable orientation on regeneration	chapter	00:10:12.774	00:11:35.105	612.774	695.105	00:42:11.774	Rotation anchor: stable orientation on regeneration. whenever one of these maps is regenerated There are different ways of doing dimensionality reduction and they are often based on a random seed or on other stochastic things, that make it hard to keep the sa
tidy_sections_to_chapters	tidy:section:008	🧮 Question from Marek “maf” Rogalski: can nodes occupy regions instead of points?	tidy_section	3	0.554966	0.440678	chapter:02	Why the first map looks messy (high-D to 2D, overlap, force-directed kludge)	chapter	00:00:52.468	00:01:35.655	52.468	95.655	00:32:51.468	Why the first map looks messy (high-D to 2D, overlap, force-directed kludge). This is what happens when a data set of topics is projected down from high-dimensional space into 2D space We should expect it to be a mess We should expect overlap By default, ther
tidy_sections_to_chapters	tidy:section:009	🗺️ Regions, Voronoi maps, and hidden structure	tidy_section	1	0.794425	0.809524	chapter:10	Q (maf): nodes as regions not points, Voronoi	chapter	00:11:35.105	00:12:55.193	695.105	775.193	00:43:34.105	Q (maf): nodes as regions not points, Voronoi. They have shapes We also think in categories On the screen, in a user interface many of those things could be grouped together by putting them in a box, or surrounding them with a line That is how many mind maps
tidy_sections_to_chapters	tidy:section:009	🗺️ Regions, Voronoi maps, and hidden structure	tidy_section	2	0.612136	0.442105	chapter:11	Shared geometry across models; interpretability and safety	chapter	00:12:55.193	00:14:05.193	775.193	845.193	00:44:54.193	Shared geometry across models; interpretability and safety. different models We are starting to peer into that geometric representation space that they have learned in high dimensions People are interested in that from a machine-learning interpretability and
tidy_sections_to_chapters	tidy:section:009	🗺️ Regions, Voronoi maps, and hidden structure	tidy_section	3	0.54089	0.333333	chapter:08	Projecting back with UMAP: where would a new thing land?	chapter	00:08:12.087	00:10:12.774	492.087	612.774	00:40:11.087	Projecting back with UMAP: where would a new thing land?. There is a popular library called UMAP Learn that lets us do that UMAP is a common solution for dimensionality reduction of high dimensional data It does not have a global objective It is mostly local,
tidy_sections_to_chapters	tidy:section:010	🌐 Question from Ivan Lugo: do meanings have shared shapes across languages?	tidy_section	1	0.695255	0.544554	chapter:12	Q (Ivan Lugo): shared shapes across languages	chapter	00:14:05.193	00:15:26.504	845.193	926.504	00:46:04.193	Q (Ivan Lugo): shared shapes across languages. I’m curious because you have clearly operated on this from different texts and different spaces Have you seen linguistic patterns in the way you have built this out Have you tried to visualise that For instance,
tidy_sections_to_chapters	tidy:section:010	🌐 Question from Ivan Lugo: do meanings have shared shapes across languages?	tidy_section	2	0.68315	0.768421	chapter:11	Shared geometry across models; interpretability and safety	chapter	00:12:55.193	00:14:05.193	775.193	845.193	00:44:54.193	Shared geometry across models; interpretability and safety. different models We are starting to peer into that geometric representation space that they have learned in high dimensions People are interested in that from a machine-learning interpretability and
tidy_sections_to_chapters	tidy:section:010	🌐 Question from Ivan Lugo: do meanings have shared shapes across languages?	tidy_section	3	0.58084	0.352381	chapter:13	MiniLM salience, then the Manifold Steering paper	chapter	00:15:26.504	00:16:57.935	926.504	1017.935	00:47:25.504	MiniLM salience, then the Manifold Steering paper. It basically showed things like different dates mapping to a particular shape inside large language models They look at things like weekdays in different language models corresponding to certain shapes So I p
tidy_sections_to_chapters	tidy:section:011	📐 MiniLM, salience, and Manifold Steering	tidy_section	1	0.854489	0.96063	chapter:13	MiniLM salience, then the Manifold Steering paper	chapter	00:15:26.504	00:16:57.935	926.504	1017.935	00:47:25.504	MiniLM salience, then the Manifold Steering paper. It basically showed things like different dates mapping to a particular shape inside large language models They look at things like weekdays in different language models corresponding to certain shapes So I p
tidy_sections_to_chapters	tidy:section:011	📐 MiniLM, salience, and Manifold Steering	tidy_section	2	0.801845	0.752475	chapter:12	Q (Ivan Lugo): shared shapes across languages	chapter	00:14:05.193	00:15:26.504	845.193	926.504	00:46:04.193	Q (Ivan Lugo): shared shapes across languages. I’m curious because you have clearly operated on this from different texts and different spaces Have you seen linguistic patterns in the way you have built this out Have you tried to visualise that For instance,
tidy_sections_to_chapters	tidy:section:011	📐 MiniLM, salience, and Manifold Steering	tidy_section	3	0.591144	0.421053	chapter:11	Shared geometry across models; interpretability and safety	chapter	00:12:55.193	00:14:05.193	775.193	845.193	00:44:54.193	Shared geometry across models; interpretability and safety. different models We are starting to peer into that geometric representation space that they have learned in high dimensions People are interested in that from a machine-learning interpretability and
tidy_sections_to_chapters	tidy:section:012	🧱 Visual language and Robert Horn	tidy_section	1	0.914903	0.96988	chapter:14	Robert Horn and visual language; pandemic mess-maps	chapter	00:16:57.935	00:19:55.657	1017.935	1195.657	00:48:56.935	Robert Horn and visual language; pandemic mess-maps. Robert Horn, who coined the term visual language or at least popularised it He wrote a book about it He is a wise elder gentleman who lives somewhere in San Francisco, as far as I know I do not know how act
tidy_sections_to_chapters	tidy:section:012	🧱 Visual language and Robert Horn	tidy_section	2	0.488566	0.377953	chapter:13	MiniLM salience, then the Manifold Steering paper	chapter	00:15:26.504	00:16:57.935	926.504	1017.935	00:47:25.504	MiniLM salience, then the Manifold Steering paper. It basically showed things like different dates mapping to a particular shape inside large language models They look at things like weekdays in different language models corresponding to certain shapes So I p
tidy_sections_to_chapters	tidy:section:012	🧱 Visual language and Robert Horn	tidy_section	3	0.47136	0.454545	chapter:01	Intro: good mental models, high-bandwidth visual cognition	chapter	00:00:00.838	00:00:52.468	0.838	52.468	00:31:59.838	Intro: good mental models, high-bandwidth visual cognition. Hello I’m interested in the problem of how we as human beings, can get a good mental model of what is going on I want to understand things and make use of our high-bandwidth visual centres, which are
tidy_sections_to_chapters	tidy:section:013	👏 Closing	tidy_section	1	0.867571	1.0	chapter:15	Closing	chapter	00:19:55.657	00:20:17.599	1195.657	1217.599	00:51:54.657	Closing. Luke, thank you very much for sharing what seems to be promising first steps on a project I will be excited to see this unfold in the coming months Thanks to Jasmine Otto, Ivan Lugo, and Luke for demoing today Thanks everybody for coming out, and we
tidy_sections_to_chapters	tidy:section:013	👏 Closing	tidy_section	2	0.446991	0.255814	chapter:07	Q (Ivy): can the interface express, not just reveal?	chapter	00:07:54.548	00:08:12.087	474.548	492.087	00:39:53.548	Q (Ivy): can the interface express, not just reveal?. So far, you have talked about what this interface is revealing, what it is showing, and how it relates to higher-dimensional spaces I’m curious what you have thought about with respect to doing expressive
tidy_sections_to_chapters	tidy:section:013	👏 Closing	tidy_section	3	0.341188	0.346939	chapter:05	Adding visual language: generated icons	chapter	00:05:24.413	00:06:14.406	324.413	374.406	00:37:23.413	Adding visual language: generated icons. semi-manually and semi-automatically generated icons for the topics That probably helps a little bit What would be more useful is a zoomable user interface where we can look at different things at different levels and
tidy_sections_to_chapters	tidy:section:014	💬 Relevant chat notes	tidy_section	1	0.6465	0.323077	chapter:14	Robert Horn and visual language; pandemic mess-maps	chapter	00:16:57.935	00:19:55.657	1017.935	1195.657	00:48:56.935	Robert Horn and visual language; pandemic mess-maps. Robert Horn, who coined the term visual language or at least popularised it He wrote a book about it He is a wise elder gentleman who lives somewhere in San Francisco, as far as I know I do not know how act
tidy_sections_to_chapters	tidy:section:014	💬 Relevant chat notes	tidy_section	2	0.464254	0.215385	chapter:13	MiniLM salience, then the Manifold Steering paper	chapter	00:15:26.504	00:16:57.935	926.504	1017.935	00:47:25.504	MiniLM salience, then the Manifold Steering paper. It basically showed things like different dates mapping to a particular shape inside large language models They look at things like weekdays in different language models corresponding to certain shapes So I p
tidy_sections_to_chapters	tidy:section:014	💬 Relevant chat notes	tidy_section	3	0.457736	0.169231	chapter:05	Adding visual language: generated icons	chapter	00:05:24.413	00:06:14.406	324.413	374.406	00:37:23.413	Adding visual language: generated icons. semi-manually and semi-automatically generated icons for the topics That probably helps a little bit What would be more useful is a zoomable user interface where we can look at different things at different levels and
tidy_sections_to_vtt_windows	tidy:section:001	🗺️ Feeling of Computing demo transcript: 2D visual language topic map ZUI	tidy_section	1	0.48232	0.2	vtt:ngram:5:0011	with a fittingly emptier area around it So the semantic integrity is good, but i	vtt_ngram_5	00:04:59.694	00:07:20.445	299.694	440.445	00:36:58.694	with a fittingly emptier area around it So the semantic integrity is good, but it is still not very intuitive These days we have image generators, so I semi-manually and semi-automatically generated icons for the topics That probably helps a little bit What w
tidy_sections_to_vtt_windows	tidy:section:001	🗺️ Feeling of Computing demo transcript: 2D visual language topic map ZUI	tidy_section	2	0.482157	0.177778	vtt:ngram:5:0013	There is a lot that could be done I do have large-language-model-generated salie	vtt_ngram_5	00:05:54.978	00:07:59.307	354.978	479.307	00:37:53.978	There is a lot that could be done I do have large-language-model-generated salience scores for some of the topics I use those to adjust the scale and opacity of some nodes For instance, there is a woman who was loosely related to some people in this area thro
tidy_sections_to_vtt_windows	tidy:section:001	🗺️ Feeling of Computing demo transcript: 2D visual language topic map ZUI	tidy_section	3	0.475833	0.266667	vtt:ngram:5:0041	This is really cool to see It shows how it works on the data side Thank you Very	vtt_ngram_5	00:16:44.705	00:18:37.968	1004.705	1117.968	00:48:43.705	This is really cool to see It shows how it works on the data side Thank you Very cool I also love to point to Bob Horn Robert Horn, who coined the term visual language or at least popularised it He wrote a book about it He is a wise elder gentleman who lives
tidy_sections_to_vtt_windows	tidy:section:002	👋 Introduction	tidy_section	1	0.682199	0.779221	vtt:ngram:5:0001	Hello I’m interested in the problem of how we as human beings, can get a good me	vtt_ngram_5	00:00:00.838	00:02:06.651	0.838	126.651	00:31:59.838	Hello I’m interested in the problem of how we as human beings, can get a good mental model of what is going on I want to understand things and make use of our high-bandwidth visual centres, which are very good at interpreting information efficiently I’m inter
tidy_sections_to_vtt_windows	tidy:section:002	👋 Introduction	tidy_section	2	0.590816	0.532468	vtt:ngram:5:0002	information efficiently I’m interested in how things like embeddings, generated 	vtt_ngram_5	00:00:25.679	00:02:45.924	25.679	165.924	00:32:24.679	information efficiently I’m interested in how things like embeddings, generated categories, different kinds of relationships and graph structures can be used to make useful visualisations that do not look like a mess Speaking of which, this looks like a mess
tidy_sections_to_vtt_windows	tidy:section:002	👋 Introduction	tidy_section	3	0.558115	0.337662	vtt:ngram:5:0040	When I am talking to you and I can see that shape, that is another dimension we 	vtt_ngram_5	00:16:32.044	00:18:14.009	992.044	1094.009	00:48:31.044	When I am talking to you and I can see that shape, that is another dimension we can communicate across That is very much why I am trying to build my whole system What you are describing is that we need a visual medium for it This is really cool to see It show
tidy_sections_to_vtt_windows	tidy:section:003	🧩 Why the first map looks messy	tidy_section	1	0.846645	0.943396	vtt:ngram:5:0003	This is what happens when a data set of topics is projected down from high-dimen	vtt_ngram_5	00:00:52.468	00:03:15.272	52.468	195.272	00:32:51.468	This is what happens when a data set of topics is projected down from high-dimensional space into 2D space We should expect it to be a mess We should expect overlap By default, there is not a clean reduction down to two-dimensional space That should not be su
tidy_sections_to_vtt_windows	tidy:section:003	🧩 Why the first map looks messy	tidy_section	2	0.813604	0.962264	vtt:ngram:5:0002	information efficiently I’m interested in how things like embeddings, generated 	vtt_ngram_5	00:00:25.679	00:02:45.924	25.679	165.924	00:32:24.679	information efficiently I’m interested in how things like embeddings, generated categories, different kinds of relationships and graph structures can be used to make useful visualisations that do not look like a mess Speaking of which, this looks like a mess
tidy_sections_to_vtt_windows	tidy:section:003	🧩 Why the first map looks messy	tidy_section	3	0.782485	0.792453	vtt:ngram:5:0001	Hello I’m interested in the problem of how we as human beings, can get a good me	vtt_ngram_5	00:00:00.838	00:02:06.651	0.838	126.651	00:31:59.838	Hello I’m interested in the problem of how we as human beings, can get a good mental model of what is going on I want to understand things and make use of our high-bandwidth visual centres, which are very good at interpreting information efficiently I’m inter
tidy_sections_to_vtt_windows	tidy:section:004	🧭 Finding non-overlapping positions without losing meaning	tidy_section	1	0.869902	0.931034	vtt:ngram:5:0007	process happens in multiple stages, but those stages are aware of the semantic r	vtt_ngram_5	00:02:47.665	00:05:28.913	167.665	328.913	00:34:46.665	process happens in multiple stages, but those stages are aware of the semantic relationships between the nodes They use those relationships to find a good non-overlapping position for the nodes That gets us something a bit like this It has no overlap, which i
tidy_sections_to_vtt_windows	tidy:section:004	🧭 Finding non-overlapping positions without losing meaning	tidy_section	2	0.850945	0.881356	vtt:ngram:5:0006	But then we have to tweak all kinds of fiddly variables to keep the semantic int	vtt_ngram_5	00:02:06.681	00:04:58.331	126.681	298.331	00:34:05.681	But then we have to tweak all kinds of fiddly variables to keep the semantic integrity authentic It is also a bit of a kludge to switch to a different kind of algorithm at presentation time without any consideration of the semantic embeddings themselves I hav
tidy_sections_to_vtt_windows	tidy:section:004	🧭 Finding non-overlapping positions without losing meaning	tidy_section	3	0.803378	0.762712	vtt:ngram:5:0005	added When we add that dimension, we then have to decide what to do about overla	vtt_ngram_5	00:01:42.557	00:04:20.369	102.557	260.369	00:33:41.557	added When we add that dimension, we then have to decide what to do about overlap One common thing people do is use a force-directed effect: if one node is too close to another node the nodes push themselves apart But then we have to tweak all kinds of fiddly
tidy_sections_to_vtt_windows	tidy:section:005	🎨 Adding visual language with generated icons	tidy_section	1	0.926964	0.96063	vtt:ngram:5:0011	with a fittingly emptier area around it So the semantic integrity is good, but i	vtt_ngram_5	00:04:59.694	00:07:20.445	299.694	440.445	00:36:58.694	with a fittingly emptier area around it So the semantic integrity is good, but it is still not very intuitive These days we have image generators, so I semi-manually and semi-automatically generated icons for the topics That probably helps a little bit What w
tidy_sections_to_vtt_windows	tidy:section:005	🎨 Adding visual language with generated icons	tidy_section	2	0.856821	0.913386	vtt:ngram:5:0012	That probably helps a little bit What would be more useful is a zoomable user in	vtt_ngram_5	00:05:28.937	00:07:43.618	328.937	463.618	00:37:27.937	That probably helps a little bit What would be more useful is a zoomable user interface where we can look at different things at different levels and see different zoom states, very much like what Ivan Lugo was talking about earlier I have not done much with
tidy_sections_to_vtt_windows	tidy:section:005	🎨 Adding visual language with generated icons	tidy_section	3	0.816521	0.811024	vtt:ngram:5:0010	Gold fits into a psychological kind of cluster for him Likewise, his main occupa	vtt_ngram_5	00:04:26.415	00:06:53.046	266.415	413.046	00:36:25.415	Gold fits into a psychological kind of cluster for him Likewise, his main occupational duties are in a place, and there is a Navy cluster There is also the Great Fire of London with a fittingly emptier area around it So the semantic integrity is good, but it
tidy_sections_to_vtt_windows	tidy:section:006	❓ Question: can the interface be used to express things?	tidy_section	1	0.698212	0.942029	vtt:ngram:5:0016	That is basically as far as I have got with that I’m going to do the thing and j	vtt_ngram_5	00:07:24.427	00:09:08.985	444.427	548.985	00:39:23.427	That is basically as far as I have got with that I’m going to do the thing and jump in with a question in the middle That’s the format I have this weird personal belief: any interface that presents information, or presents a visualisation of something is also
tidy_sections_to_vtt_windows	tidy:section:006	❓ Question: can the interface be used to express things?	tidy_section	2	0.638989	0.826087	vtt:ngram:5:0017	information, or presents a visualisation of something is also potentially a good	vtt_ngram_5	00:07:44.079	00:09:28.845	464.079	568.845	00:39:43.079	information, or presents a visualisation of something is also potentially a good interface through which we can express something There are two sides to every interface So far, you have talked about what this interface is revealing, what it is showing, and ho
tidy_sections_to_vtt_windows	tidy:section:006	❓ Question: can the interface be used to express things?	tidy_section	3	0.637881	0.942029	vtt:ngram:5:0014	loosely related to some people in this area through gossip She is not as central	vtt_ngram_5	00:06:25.199	00:08:16.171	385.199	496.171	00:38:24.199	loosely related to some people in this area through gossip She is not as central to Pepys’s life Her centrality is low, but she is still an interesting figure She is not at full opacity, because she is not worth foregrounding from the broad overview perspecti
tidy_sections_to_vtt_windows	tidy:section:007	🔁 Projecting back and arranging meaning	tidy_section	1	0.867999	1.0	vtt:ngram:5:0019	us do that UMAP is a common solution for dimensionality reduction of high dimens	vtt_ngram_5	00:08:16.200	00:10:32.985	496.2	632.985	00:40:15.200	us do that UMAP is a common solution for dimensionality reduction of high dimensional data It does not have a global objective It is mostly local, which means it might mess up how things fit together in aggregate That is not ideal But one cool thing it can do
tidy_sections_to_vtt_windows	tidy:section:007	🔁 Projecting back and arranging meaning	tidy_section	2	0.858572	0.912	vtt:ngram:5:0018	higher-dimensional spaces I’m curious what you have thought about with respect t	vtt_ngram_5	00:07:59.337	00:09:59.448	479.337	599.448	00:39:58.337	higher-dimensional spaces I’m curious what you have thought about with respect to doing expressive work through this interface Yes We can actually project back There is a popular library called UMAP Learn that lets us do that UMAP is a common solution for dim
tidy_sections_to_vtt_windows	tidy:section:007	🔁 Projecting back and arranging meaning	tidy_section	3	0.798346	0.940741	vtt:ngram:5:0020	That is not ideal But one cool thing it can do is project back It can let us pre	vtt_ngram_5	00:08:40.500	00:11:08.591	520.5	668.591	00:40:39.500	That is not ideal But one cool thing it can do is project back It can let us predict what high-dimensional representation or high-dimensional embedding, would make sense if for example, I put something new here What might it mean, based on everything else the
tidy_sections_to_vtt_windows	tidy:section:008	🧮 Question from Marek “maf” Rogalski: can nodes occupy regions instead of points?	tidy_section	1	0.84384	0.909091	vtt:ngram:5:0024	I perform a rotation that anchors two points When I regenerate the map, the enti	vtt_ngram_5	00:10:36.123	00:12:23.639	636.123	743.639	00:42:35.123	I perform a rotation that anchors two points When I regenerate the map, the entire map coheres which is really nice, especially for adding or removing points We have time for maybe two more questions If anybody in the audience has something they would like to
tidy_sections_to_vtt_windows	tidy:section:008	🧮 Question from Marek “maf” Rogalski: can nodes occupy regions instead of points?	tidy_section	2	0.823731	0.836364	vtt:ngram:5:0025	to ask, just unmute and go right ahead I have one question I really liked what y	vtt_ngram_5	00:11:08.621	00:12:43.185	668.621	763.185	00:43:07.621	to ask, just unmute and go right ahead I have one question I really liked what you mentioned about reverse-projecting into high-dimensional spaces Mathematicians like to simplify things into spherical cows When modelling things in 2D, we model everything as p
tidy_sections_to_vtt_windows	tidy:section:008	🧮 Question from Marek “maf” Rogalski: can nodes occupy regions instead of points?	tidy_section	3	0.740517	0.627273	vtt:ngram:5:0026	But in an actual 2D space, things also have dimensions They have shapes We also 	vtt_ngram_5	00:11:30.422	00:13:05.943	690.422	785.943	00:43:29.422	But in an actual 2D space, things also have dimensions They have shapes We also think in categories On the screen, in a user interface many of those things could be grouped together by putting them in a box, or surrounding them with a line That is how many mi
tidy_sections_to_vtt_windows	tidy:section:009	🗺️ Regions, Voronoi maps, and hidden structure	tidy_section	1	0.854946	0.914286	vtt:ngram:5:0028	I have not done that yet I do not have it saying, for example that this belongs 	vtt_ngram_5	00:12:09.299	00:13:48.333	729.299	828.333	00:44:08.299	I have not done that yet I do not have it saying, for example that this belongs to a work cluster I do not have that kind of membership information at the moment, but it is doable Just looking at the 2D screen, I guess something like a Voronoi map would be th
tidy_sections_to_vtt_windows	tidy:section:009	🗺️ Regions, Voronoi maps, and hidden structure	tidy_section	2	0.843075	0.942857	vtt:ngram:5:0027	line That is how many mind maps are presented Are there any ways of quantifying 	vtt_ngram_5	00:11:49.575	00:13:31.318	709.575	811.318	00:43:48.575	line That is how many mind maps are presented Are there any ways of quantifying the size of those embeddings on screen, so they are not just points and can be assigned a region of space Yes, that definitely could be done I have not done that yet I do not have
tidy_sections_to_vtt_windows	tidy:section:009	🗺️ Regions, Voronoi maps, and hidden structure	tidy_section	3	0.802406	0.742857	vtt:ngram:5:0029	a Voronoi map would be the easiest approach But there is this underlying structu	vtt_ngram_5	00:12:23.669	00:14:03.079	743.669	843.079	00:44:22.669	a Voronoi map would be the easiest approach But there is this underlying structure in the projection where different sections of the embedding space occupy different parts of the screen Yes In terms of what people are doing with pretrained models and embeddin
tidy_sections_to_vtt_windows	tidy:section:010	🌐 Question from Ivan Lugo: do meanings have shared shapes across languages?	tidy_section	1	0.73877	0.933333	vtt:ngram:5:0031	People are interested in that from a machine-learning interpretability and safet	vtt_ngram_5	00:13:07.881	00:14:51.756	787.881	891.756	00:45:06.881	People are interested in that from a machine-learning interpretability and safety perspective as well Thanks We have time for one more question I have a quick one too That last point about high dimensionality and language reminds me of an article I saw on Hac
tidy_sections_to_vtt_windows	tidy:section:010	🌐 Question from Ivan Lugo: do meanings have shared shapes across languages?	tidy_section	2	0.720152	0.828571	vtt:ngram:5:0032	of an article I saw on Hacker News or somewhere around there It was an arXiv pap	vtt_ngram_5	00:13:31.348	00:15:17.327	811.348	917.327	00:45:30.348	of an article I saw on Hacker News or somewhere around there It was an arXiv paper, and it talked about that very thing Researchers had found that across a number of languages there was a very definite pattern to certain words word groups, and semantics One t
tidy_sections_to_vtt_windows	tidy:section:010	🌐 Question from Ivan Lugo: do meanings have shared shapes across languages?	tidy_section	3	0.716822	0.866667	vtt:ngram:5:0030	and embedding spaces, they are finding out some really cool things recently Part	vtt_ngram_5	00:12:43.215	00:14:23.403	763.215	863.403	00:44:42.215	and embedding spaces, they are finding out some really cool things recently Particular geometric patterns are being shared among completely different models We are starting to peer into that geometric representation space that they have learned in high dimens
tidy_sections_to_vtt_windows	tidy:section:011	📐 MiniLM, salience, and Manifold Steering	tidy_section	1	0.906702	0.944444	vtt:ngram:5:0035	but for another person Dining means that Have you been able to express that at a	vtt_ngram_5	00:14:23.433	00:16:32.003	863.433	992.003	00:46:22.433	but for another person Dining means that Have you been able to express that at all One thing I was looking into was whether I could use off-the-shelf MiniLM embeddings to do salience prediction by extracting a few dimensions and maybe multiplying some of them
tidy_sections_to_vtt_windows	tidy:section:011	📐 MiniLM, salience, and Manifold Steering	tidy_section	2	0.867816	1.0	vtt:ngram:5:0036	That worked pretty well I would have a data set of different kinds of life event	vtt_ngram_5	00:14:53.344	00:16:44.675	893.344	1004.675	00:46:52.344	That worked pretty well I would have a data set of different kinds of life events at different scales Then we could zoom in on ways to slice the normal embeddings we get for a piece of text and use that to predict something like salience in a really efficient
tidy_sections_to_vtt_windows	tidy:section:011	📐 MiniLM, salience, and Manifold Steering	tidy_section	3	0.845366	0.841727	vtt:ngram:5:0034	I’m curious because you have clearly operated on this from different texts and d	vtt_ngram_5	00:14:05.193	00:16:16.048	845.193	976.048	00:46:04.193	I’m curious because you have clearly operated on this from different texts and different spaces Have you seen linguistic patterns in the way you have built this out Have you tried to visualise that For instance, in this case Dining means this but for another
tidy_sections_to_vtt_windows	tidy:section:012	🧱 Visual language and Robert Horn	tidy_section	1	0.88461	0.94958	vtt:ngram:5:0041	This is really cool to see It shows how it works on the data side Thank you Very	vtt_ngram_5	00:16:44.705	00:18:37.968	1004.705	1117.968	00:48:43.705	This is really cool to see It shows how it works on the data side Thank you Very cool I also love to point to Bob Horn Robert Horn, who coined the term visual language or at least popularised it He wrote a book about it He is a wise elder gentleman who lives
tidy_sections_to_vtt_windows	tidy:section:012	🧱 Visual language and Robert Horn	tidy_section	2	0.836302	0.823529	vtt:ngram:5:0040	When I am talking to you and I can see that shape, that is another dimension we 	vtt_ngram_5	00:16:32.044	00:18:14.009	992.044	1094.009	00:48:31.044	When I am talking to you and I can see that shape, that is another dimension we can communicate across That is very much why I am trying to build my whole system What you are describing is that we need a visual medium for it This is really cool to see It show
tidy_sections_to_vtt_windows	tidy:section:012	🧱 Visual language and Robert Horn	tidy_section	3	0.789042	1.0	vtt:ngram:5:0043	Maybe a decade ago, he published some really cool PDFs to archive.org, after the	vtt_ngram_5	00:17:18.847	00:19:29.365	1038.847	1169.365	00:49:17.847	Maybe a decade ago, he published some really cool PDFs to archive.org, after they had already scanned his visual language book He has a very clear walkthrough of how this can make sense between us How can somebody have an inkling of what this is about by look
tidy_sections_to_vtt_windows	tidy:section:013	👏 Closing	tidy_section	1	0.416654	0.938776	vtt:ngram:5:0046	visual language to check that out, because he has thought about this stuff a lot	vtt_ngram_5	00:18:37.998	00:20:17.599	1117.998	1217.599	00:50:36.998	visual language to check that out, because he has thought about this stuff a lot People have been using this kind of thing actively for things like studying pandemics How do we communicate with hundreds of different people who have different specialisms in di
tidy_sections_to_vtt_windows	tidy:section:013	👏 Closing	tidy_section	2	0.373773	0.857143	vtt:ngram:5:0045	how they fit together, and what level of abstraction works His book is probably 	vtt_ngram_5	00:18:14.048	00:20:11.681	1094.048	1211.681	00:50:13.048	how they fit together, and what level of abstraction works His book is probably from the 1980s or 1990s I do not know how well-known it is but it is out there on archive.org and he posted it as himself I encourage people who are wondering about the grammar of
tidy_sections_to_vtt_windows	tidy:section:013	👏 Closing	tidy_section	3	0.341347	0.306122	vtt:ngram:5:0016	That is basically as far as I have got with that I’m going to do the thing and j	vtt_ngram_5	00:07:24.427	00:09:08.985	444.427	548.985	00:39:23.427	That is basically as far as I have got with that I’m going to do the thing and jump in with a question in the middle That’s the format I have this weird personal belief: any interface that presents information, or presents a visualisation of something is also
tidy_sections_to_vtt_windows	tidy:section:014	💬 Relevant chat notes	tidy_section	1	0.61476	0.246154	vtt:ngram:5:0041	This is really cool to see It shows how it works on the data side Thank you Very	vtt_ngram_5	00:16:44.705	00:18:37.968	1004.705	1117.968	00:48:43.705	This is really cool to see It shows how it works on the data side Thank you Very cool I also love to point to Bob Horn Robert Horn, who coined the term visual language or at least popularised it He wrote a book about it He is a wise elder gentleman who lives
tidy_sections_to_vtt_windows	tidy:section:014	💬 Relevant chat notes	tidy_section	2	0.607174	0.276923	vtt:ngram:5:0040	When I am talking to you and I can see that shape, that is another dimension we 	vtt_ngram_5	00:16:32.044	00:18:14.009	992.044	1094.009	00:48:31.044	When I am talking to you and I can see that shape, that is another dimension we can communicate across That is very much why I am trying to build my whole system What you are describing is that we need a visual medium for it This is really cool to see It show
tidy_sections_to_vtt_windows	tidy:section:014	💬 Relevant chat notes	tidy_section	3	0.585314	0.276923	vtt:ngram:5:0039	That paper is perfect We are finding that things have a definitive shape Whether	vtt_ngram_5	00:16:16.066	00:17:48.207	976.066	1068.207	00:48:15.066	That paper is perfect We are finding that things have a definitive shape Whether I am speaking Italian, German, French English, or some weird mixture, if I say a word like good, bad, evil, or positive, it is going to have some kind of shape When I am talking
topics_to_vtt_windows	topic:mental-model-building	Mental Model Building	topic	1	0.42617	0.307692	vtt:ngram:5:0001	Hello I’m interested in the problem of how we as human beings, can get a good me	vtt_ngram_5	00:00:00.838	00:02:06.651	0.838	126.651	00:31:59.838	Hello I’m interested in the problem of how we as human beings, can get a good mental model of what is going on I want to understand things and make use of our high-bandwidth visual centres, which are very good at interpreting information efficiently I’m inter
topics_to_vtt_windows	topic:mental-model-building	Mental Model Building	topic	2	0.357752	0.307692	vtt:ngram:5:0025	to ask, just unmute and go right ahead I have one question I really liked what y	vtt_ngram_5	00:11:08.621	00:12:43.185	668.621	763.185	00:43:07.621	to ask, just unmute and go right ahead I have one question I really liked what you mentioned about reverse-projecting into high-dimensional spaces Mathematicians like to simplify things into spherical cows When modelling things in 2D, we model everything as p
topics_to_vtt_windows	topic:mental-model-building	Mental Model Building	topic	3	0.356904	0.230769	vtt:ngram:5:0037	really efficient way Then the Manifold Steering paper came out It basically show	vtt_ngram_5	00:15:17.357	00:17:01.386	917.357	1021.386	00:47:16.357	really efficient way Then the Manifold Steering paper came out It basically showed things like different dates mapping to a particular shape inside large language models They look at things like weekdays in different language models corresponding to certain s
topics_to_vtt_windows	topic:mental-model-building	Mental Model Building	topic	4	0.355935	0.25641	vtt:ngram:5:0027	line That is how many mind maps are presented Are there any ways of quantifying 	vtt_ngram_5	00:11:49.575	00:13:31.318	709.575	811.318	00:43:48.575	line That is how many mind maps are presented Are there any ways of quantifying the size of those embeddings on screen, so they are not just points and can be assigned a region of space Yes, that definitely could be done I have not done that yet I do not have
topics_to_vtt_windows	topic:mental-model-building	Mental Model Building	topic	5	0.351998	0.307692	vtt:ngram:5:0026	But in an actual 2D space, things also have dimensions They have shapes We also 	vtt_ngram_5	00:11:30.422	00:13:05.943	690.422	785.943	00:43:29.422	But in an actual 2D space, things also have dimensions They have shapes We also think in categories On the screen, in a user interface many of those things could be grouped together by putting them in a box, or surrounding them with a line That is how many mi
topics_to_vtt_windows	topic:high-bandwidth-visual-cognition	High-Bandwidth Visual Cognition	topic	1	0.529833	0.304348	vtt:ngram:5:0001	Hello I’m interested in the problem of how we as human beings, can get a good me	vtt_ngram_5	00:00:00.838	00:02:06.651	0.838	126.651	00:31:59.838	Hello I’m interested in the problem of how we as human beings, can get a good mental model of what is going on I want to understand things and make use of our high-bandwidth visual centres, which are very good at interpreting information efficiently I’m inter
topics_to_vtt_windows	topic:high-bandwidth-visual-cognition	High-Bandwidth Visual Cognition	topic	2	0.48315	0.23913	vtt:ngram:5:0040	When I am talking to you and I can see that shape, that is another dimension we 	vtt_ngram_5	00:16:32.044	00:18:14.009	992.044	1094.009	00:48:31.044	When I am talking to you and I can see that shape, that is another dimension we can communicate across That is very much why I am trying to build my whole system What you are describing is that we need a visual medium for it This is really cool to see It show
topics_to_vtt_windows	topic:high-bandwidth-visual-cognition	High-Bandwidth Visual Cognition	topic	3	0.474605	0.26087	vtt:ngram:5:0038	So I put aside my naive way of finding a few columns that had useful parameters,	vtt_ngram_5	00:15:46.764	00:17:15.738	946.764	1035.738	00:47:45.764	So I put aside my naive way of finding a few columns that had useful parameters, and tried to get my head around the whole higher-dimensional geometry they are using, because it seems more fundamental If that answers your question It does exactly That paper i
topics_to_vtt_windows	topic:high-bandwidth-visual-cognition	High-Bandwidth Visual Cognition	topic	4	0.461637	0.23913	vtt:ngram:5:0039	That paper is perfect We are finding that things have a definitive shape Whether	vtt_ngram_5	00:16:16.066	00:17:48.207	976.066	1068.207	00:48:15.066	That paper is perfect We are finding that things have a definitive shape Whether I am speaking Italian, German, French English, or some weird mixture, if I say a word like good, bad, evil, or positive, it is going to have some kind of shape When I am talking
topics_to_vtt_windows	topic:high-bandwidth-visual-cognition	High-Bandwidth Visual Cognition	topic	5	0.460356	0.326087	vtt:ngram:5:0027	line That is how many mind maps are presented Are there any ways of quantifying 	vtt_ngram_5	00:11:49.575	00:13:31.318	709.575	811.318	00:43:48.575	line That is how many mind maps are presented Are there any ways of quantifying the size of those embeddings on screen, so they are not just points and can be assigned a region of space Yes, that definitely could be done I have not done that yet I do not have
topics_to_vtt_windows	topic:semantic-spaces-made-intelligible	Semantic Spaces Made Intelligible	topic	1	0.559341	0.195122	vtt:ngram:5:0030	and embedding spaces, they are finding out some really cool things recently Part	vtt_ngram_5	00:12:43.215	00:14:23.403	763.215	863.403	00:44:42.215	and embedding spaces, they are finding out some really cool things recently Particular geometric patterns are being shared among completely different models We are starting to peer into that geometric representation space that they have learned in high dimens
topics_to_vtt_windows	topic:semantic-spaces-made-intelligible	Semantic Spaces Made Intelligible	topic	2	0.546781	0.365854	vtt:ngram:5:0027	line That is how many mind maps are presented Are there any ways of quantifying 	vtt_ngram_5	00:11:49.575	00:13:31.318	709.575	811.318	00:43:48.575	line That is how many mind maps are presented Are there any ways of quantifying the size of those embeddings on screen, so they are not just points and can be assigned a region of space Yes, that definitely could be done I have not done that yet I do not have
topics_to_vtt_windows	topic:semantic-spaces-made-intelligible	Semantic Spaces Made Intelligible	topic	3	0.543562	0.243902	vtt:ngram:5:0029	a Voronoi map would be the easiest approach But there is this underlying structu	vtt_ngram_5	00:12:23.669	00:14:03.079	743.669	843.079	00:44:22.669	a Voronoi map would be the easiest approach But there is this underlying structure in the projection where different sections of the embedding space occupy different parts of the screen Yes In terms of what people are doing with pretrained models and embeddin
topics_to_vtt_windows	topic:semantic-spaces-made-intelligible	Semantic Spaces Made Intelligible	topic	4	0.543474	0.195122	vtt:ngram:5:0031	People are interested in that from a machine-learning interpretability and safet	vtt_ngram_5	00:13:07.881	00:14:51.756	787.881	891.756	00:45:06.881	People are interested in that from a machine-learning interpretability and safety perspective as well Thanks We have time for one more question I have a quick one too That last point about high dimensionality and language reminds me of an article I saw on Hac
topics_to_vtt_windows	topic:semantic-spaces-made-intelligible	Semantic Spaces Made Intelligible	topic	5	0.541149	0.317073	vtt:ngram:5:0001	Hello I’m interested in the problem of how we as human beings, can get a good me	vtt_ngram_5	00:00:00.838	00:02:06.651	0.838	126.651	00:31:59.838	Hello I’m interested in the problem of how we as human beings, can get a good mental model of what is going on I want to understand things and make use of our high-bandwidth visual centres, which are very good at interpreting information efficiently I’m inter
topics_to_vtt_windows	topic:topic-map-as-medium	Topic Map as Medium	topic	1	0.476867	0.216216	vtt:ngram:5:0013	There is a lot that could be done I do have large-language-model-generated salie	vtt_ngram_5	00:05:54.978	00:07:59.307	354.978	479.307	00:37:53.978	There is a lot that could be done I do have large-language-model-generated salience scores for some of the topics I use those to adjust the scale and opacity of some nodes For instance, there is a woman who was loosely related to some people in this area thro
topics_to_vtt_windows	topic:topic-map-as-medium	Topic Map as Medium	topic	2	0.459064	0.216216	vtt:ngram:5:0014	loosely related to some people in this area through gossip She is not as central	vtt_ngram_5	00:06:25.199	00:08:16.171	385.199	496.171	00:38:24.199	loosely related to some people in this area through gossip She is not as central to Pepys’s life Her centrality is low, but she is still an interesting figure She is not at full opacity, because she is not worth foregrounding from the broad overview perspecti
topics_to_vtt_windows	topic:topic-map-as-medium	Topic Map as Medium	topic	3	0.457644	0.243243	vtt:ngram:5:0011	with a fittingly emptier area around it So the semantic integrity is good, but i	vtt_ngram_5	00:04:59.694	00:07:20.445	299.694	440.445	00:36:58.694	with a fittingly emptier area around it So the semantic integrity is good, but it is still not very intuitive These days we have image generators, so I semi-manually and semi-automatically generated icons for the topics That probably helps a little bit What w
topics_to_vtt_windows	topic:topic-map-as-medium	Topic Map as Medium	topic	4	0.455663	0.216216	vtt:ngram:5:0001	Hello I’m interested in the problem of how we as human beings, can get a good me	vtt_ngram_5	00:00:00.838	00:02:06.651	0.838	126.651	00:31:59.838	Hello I’m interested in the problem of how we as human beings, can get a good mental model of what is going on I want to understand things and make use of our high-bandwidth visual centres, which are very good at interpreting information efficiently I’m inter
topics_to_vtt_windows	topic:topic-map-as-medium	Topic Map as Medium	topic	5	0.441686	0.243243	vtt:ngram:5:0015	worth foregrounding from the broad overview perspective of his life When I am zo	vtt_ngram_5	00:06:53.174	00:08:40.395	413.174	520.395	00:38:52.174	worth foregrounding from the broad overview perspective of his life When I am zoomed out, the map shows things that are high-rank and high-salience, or some combination of those When I zoom in, it shows more nodes without fading them out That is basically as
topics_to_vtt_windows	topic:semantic-embeddings	Semantic Embeddings	topic	1	0.548603	0.3	vtt:ngram:5:0006	But then we have to tweak all kinds of fiddly variables to keep the semantic int	vtt_ngram_5	00:02:06.681	00:04:58.331	126.681	298.331	00:34:05.681	But then we have to tweak all kinds of fiddly variables to keep the semantic integrity authentic It is also a bit of a kludge to switch to a different kind of algorithm at presentation time without any consideration of the semantic embeddings themselves I hav
topics_to_vtt_windows	topic:semantic-embeddings	Semantic Embeddings	topic	2	0.526187	0.175	vtt:ngram:5:0002	information efficiently I’m interested in how things like embeddings, generated 	vtt_ngram_5	00:00:25.679	00:02:45.924	25.679	165.924	00:32:24.679	information efficiently I’m interested in how things like embeddings, generated categories, different kinds of relationships and graph structures can be used to make useful visualisations that do not look like a mess Speaking of which, this looks like a mess
topics_to_vtt_windows	topic:semantic-embeddings	Semantic Embeddings	topic	3	0.513675	0.275	vtt:ngram:5:0027	line That is how many mind maps are presented Are there any ways of quantifying 	vtt_ngram_5	00:11:49.575	00:13:31.318	709.575	811.318	00:43:48.575	line That is how many mind maps are presented Are there any ways of quantifying the size of those embeddings on screen, so they are not just points and can be assigned a region of space Yes, that definitely could be done I have not done that yet I do not have
topics_to_vtt_windows	topic:semantic-embeddings	Semantic Embeddings	topic	4	0.508545	0.25	vtt:ngram:5:0004	two-dimensional space That should not be surprising, but it is really annoying T	vtt_ngram_5	00:01:18.504	00:03:49.380	78.504	229.38	00:33:17.504	two-dimensional space That should not be surprising, but it is really annoying The reason this happens is that each item is mathematically just a point It does not have any dimension in the two-dimensional representation unless that dimension is deliberately
topics_to_vtt_windows	topic:semantic-embeddings	Semantic Embeddings	topic	5	0.504114	0.2	vtt:ngram:5:0033	word groups, and semantics One thing that this project is showing is that this i	vtt_ngram_5	00:13:48.553	00:15:46.725	828.553	946.725	00:45:47.553	word groups, and semantics One thing that this project is showing is that this is a kind of language I’m looking at Dining, Great Fire, and Prize Goods and there is a certain visual theme and linguistic theme to it I’m curious because you have clearly operate
topics_to_vtt_windows	topic:dimensionality-reduction	Dimensionality Reduction	topic	1	0.583009	0.341463	vtt:ngram:5:0003	This is what happens when a data set of topics is projected down from high-dimen	vtt_ngram_5	00:00:52.468	00:03:15.272	52.468	195.272	00:32:51.468	This is what happens when a data set of topics is projected down from high-dimensional space into 2D space We should expect it to be a mess We should expect overlap By default, there is not a clean reduction down to two-dimensional space That should not be su
topics_to_vtt_windows	topic:dimensionality-reduction	Dimensionality Reduction	topic	2	0.56729	0.317073	vtt:ngram:5:0002	information efficiently I’m interested in how things like embeddings, generated 	vtt_ngram_5	00:00:25.679	00:02:45.924	25.679	165.924	00:32:24.679	information efficiently I’m interested in how things like embeddings, generated categories, different kinds of relationships and graph structures can be used to make useful visualisations that do not look like a mess Speaking of which, this looks like a mess
topics_to_vtt_windows	topic:dimensionality-reduction	Dimensionality Reduction	topic	3	0.562266	0.317073	vtt:ngram:5:0018	higher-dimensional spaces I’m curious what you have thought about with respect t	vtt_ngram_5	00:07:59.337	00:09:59.448	479.337	599.448	00:39:58.337	higher-dimensional spaces I’m curious what you have thought about with respect to doing expressive work through this interface Yes We can actually project back There is a popular library called UMAP Learn that lets us do that UMAP is a common solution for dim
topics_to_vtt_windows	topic:dimensionality-reduction	Dimensionality Reduction	topic	4	0.562183	0.317073	vtt:ngram:5:0019	us do that UMAP is a common solution for dimensionality reduction of high dimens	vtt_ngram_5	00:08:16.200	00:10:32.985	496.2	632.985	00:40:15.200	us do that UMAP is a common solution for dimensionality reduction of high dimensional data It does not have a global objective It is mostly local, which means it might mess up how things fit together in aggregate That is not ideal But one cool thing it can do
topics_to_vtt_windows	topic:dimensionality-reduction	Dimensionality Reduction	topic	5	0.55925	0.292683	vtt:ngram:5:0001	Hello I’m interested in the problem of how we as human beings, can get a good me	vtt_ngram_5	00:00:00.838	00:02:06.651	0.838	126.651	00:31:59.838	Hello I’m interested in the problem of how we as human beings, can get a good mental model of what is going on I want to understand things and make use of our high-bandwidth visual centres, which are very good at interpreting information efficiently I’m inter
topics_to_vtt_windows	topic:raw-projection-messiness	Raw Projection Messiness	topic	1	0.607017	0.357143	vtt:ngram:5:0001	Hello I’m interested in the problem of how we as human beings, can get a good me	vtt_ngram_5	00:00:00.838	00:02:06.651	0.838	126.651	00:31:59.838	Hello I’m interested in the problem of how we as human beings, can get a good mental model of what is going on I want to understand things and make use of our high-bandwidth visual centres, which are very good at interpreting information efficiently I’m inter
topics_to_vtt_windows	topic:raw-projection-messiness	Raw Projection Messiness	topic	2	0.603624	0.357143	vtt:ngram:5:0002	information efficiently I’m interested in how things like embeddings, generated 	vtt_ngram_5	00:00:25.679	00:02:45.924	25.679	165.924	00:32:24.679	information efficiently I’m interested in how things like embeddings, generated categories, different kinds of relationships and graph structures can be used to make useful visualisations that do not look like a mess Speaking of which, this looks like a mess
topics_to_vtt_windows	topic:raw-projection-messiness	Raw Projection Messiness	topic	3	0.575475	0.333333	vtt:ngram:5:0003	This is what happens when a data set of topics is projected down from high-dimen	vtt_ngram_5	00:00:52.468	00:03:15.272	52.468	195.272	00:32:51.468	This is what happens when a data set of topics is projected down from high-dimensional space into 2D space We should expect it to be a mess We should expect overlap By default, there is not a clean reduction down to two-dimensional space That should not be su
topics_to_vtt_windows	topic:raw-projection-messiness	Raw Projection Messiness	topic	4	0.520726	0.380952	vtt:ngram:5:0022	It is also sometimes useful to do drag and-drop image-collage work People often 	vtt_ngram_5	00:09:28.875	00:11:49.545	568.875	709.545	00:41:27.875	It is also sometimes useful to do drag and-drop image-collage work People often prefer paper for this kind of reason It is a real pain, when working digitally to lose the ability to arrange things freely So yes, I think that would be powerful Another common p
topics_to_vtt_windows	topic:raw-projection-messiness	Raw Projection Messiness	topic	5	0.519772	0.380952	vtt:ngram:5:0023	Another common problem is that the orientation can flip around whenever one of t	vtt_ngram_5	00:10:07.891	00:12:09.269	607.891	729.269	00:42:06.891	Another common problem is that the orientation can flip around whenever one of these maps is regenerated There are different ways of doing dimensionality reduction and they are often based on a random seed or on other stochastic things, that make it hard to k
topics_to_vtt_windows	topic:screen-space-dimension	Screen-Space Dimension	topic	1	0.597442	0.292683	vtt:ngram:5:0026	But in an actual 2D space, things also have dimensions They have shapes We also 	vtt_ngram_5	00:11:30.422	00:13:05.943	690.422	785.943	00:43:29.422	But in an actual 2D space, things also have dimensions They have shapes We also think in categories On the screen, in a user interface many of those things could be grouped together by putting them in a box, or surrounding them with a line That is how many mi
topics_to_vtt_windows	topic:screen-space-dimension	Screen-Space Dimension	topic	2	0.543236	0.292683	vtt:ngram:5:0025	to ask, just unmute and go right ahead I have one question I really liked what y	vtt_ngram_5	00:11:08.621	00:12:43.185	668.621	763.185	00:43:07.621	to ask, just unmute and go right ahead I have one question I really liked what you mentioned about reverse-projecting into high-dimensional spaces Mathematicians like to simplify things into spherical cows When modelling things in 2D, we model everything as p
topics_to_vtt_windows	topic:screen-space-dimension	Screen-Space Dimension	topic	3	0.519734	0.268293	vtt:ngram:5:0027	line That is how many mind maps are presented Are there any ways of quantifying 	vtt_ngram_5	00:11:49.575	00:13:31.318	709.575	811.318	00:43:48.575	line That is how many mind maps are presented Are there any ways of quantifying the size of those embeddings on screen, so they are not just points and can be assigned a region of space Yes, that definitely could be done I have not done that yet I do not have
topics_to_vtt_windows	topic:screen-space-dimension	Screen-Space Dimension	topic	4	0.511979	0.292683	vtt:ngram:5:0024	I perform a rotation that anchors two points When I regenerate the map, the enti	vtt_ngram_5	00:10:36.123	00:12:23.639	636.123	743.639	00:42:35.123	I perform a rotation that anchors two points When I regenerate the map, the entire map coheres which is really nice, especially for adding or removing points We have time for maybe two more questions If anybody in the audience has something they would like to
topics_to_vtt_windows	topic:screen-space-dimension	Screen-Space Dimension	topic	5	0.464276	0.243902	vtt:ngram:5:0004	two-dimensional space That should not be surprising, but it is really annoying T	vtt_ngram_5	00:01:18.504	00:03:49.380	78.504	229.38	00:33:17.504	two-dimensional space That should not be surprising, but it is really annoying The reason this happens is that each item is mathematically just a point It does not have any dimension in the two-dimensional representation unless that dimension is deliberately
topics_to_vtt_windows	topic:overlap-problem	Overlap Problem	topic	1	0.596696	0.27907	vtt:ngram:5:0003	This is what happens when a data set of topics is projected down from high-dimen	vtt_ngram_5	00:00:52.468	00:03:15.272	52.468	195.272	00:32:51.468	This is what happens when a data set of topics is projected down from high-dimensional space into 2D space We should expect it to be a mess We should expect overlap By default, there is not a clean reduction down to two-dimensional space That should not be su
topics_to_vtt_windows	topic:overlap-problem	Overlap Problem	topic	2	0.542892	0.27907	vtt:ngram:5:0001	Hello I’m interested in the problem of how we as human beings, can get a good me	vtt_ngram_5	00:00:00.838	00:02:06.651	0.838	126.651	00:31:59.838	Hello I’m interested in the problem of how we as human beings, can get a good mental model of what is going on I want to understand things and make use of our high-bandwidth visual centres, which are very good at interpreting information efficiently I’m inter
topics_to_vtt_windows	topic:overlap-problem	Overlap Problem	topic	3	0.53948	0.27907	vtt:ngram:5:0002	information efficiently I’m interested in how things like embeddings, generated 	vtt_ngram_5	00:00:25.679	00:02:45.924	25.679	165.924	00:32:24.679	information efficiently I’m interested in how things like embeddings, generated categories, different kinds of relationships and graph structures can be used to make useful visualisations that do not look like a mess Speaking of which, this looks like a mess
topics_to_vtt_windows	topic:overlap-problem	Overlap Problem	topic	4	0.539331	0.27907	vtt:ngram:5:0004	two-dimensional space That should not be surprising, but it is really annoying T	vtt_ngram_5	00:01:18.504	00:03:49.380	78.504	229.38	00:33:17.504	two-dimensional space That should not be surprising, but it is really annoying The reason this happens is that each item is mathematically just a point It does not have any dimension in the two-dimensional representation unless that dimension is deliberately
topics_to_vtt_windows	topic:overlap-problem	Overlap Problem	topic	5	0.525697	0.255814	vtt:ngram:5:0005	added When we add that dimension, we then have to decide what to do about overla	vtt_ngram_5	00:01:42.557	00:04:20.369	102.557	260.369	00:33:41.557	added When we add that dimension, we then have to decide what to do about overlap One common thing people do is use a force-directed effect: if one node is too close to another node the nodes push themselves apart But then we have to tweak all kinds of fiddly
topics_to_vtt_windows	topic:semantic-integrity	Semantic Integrity	topic	1	0.562509	0.368421	vtt:ngram:5:0006	But then we have to tweak all kinds of fiddly variables to keep the semantic int	vtt_ngram_5	00:02:06.681	00:04:58.331	126.681	298.331	00:34:05.681	But then we have to tweak all kinds of fiddly variables to keep the semantic integrity authentic It is also a bit of a kludge to switch to a different kind of algorithm at presentation time without any consideration of the semantic embeddings themselves I hav
topics_to_vtt_windows	topic:semantic-integrity	Semantic Integrity	topic	2	0.52209	0.368421	vtt:ngram:5:0007	process happens in multiple stages, but those stages are aware of the semantic r	vtt_ngram_5	00:02:47.665	00:05:28.913	167.665	328.913	00:34:46.665	process happens in multiple stages, but those stages are aware of the semantic relationships between the nodes They use those relationships to find a good non-overlapping position for the nodes That gets us something a bit like this It has no overlap, which i
topics_to_vtt_windows	topic:semantic-integrity	Semantic Integrity	topic	3	0.521598	0.342105	vtt:ngram:5:0005	added When we add that dimension, we then have to decide what to do about overla	vtt_ngram_5	00:01:42.557	00:04:20.369	102.557	260.369	00:33:41.557	added When we add that dimension, we then have to decide what to do about overlap One common thing people do is use a force-directed effect: if one node is too close to another node the nodes push themselves apart But then we have to tweak all kinds of fiddly
topics_to_vtt_windows	topic:semantic-integrity	Semantic Integrity	topic	4	0.507348	0.342105	vtt:ngram:5:0004	two-dimensional space That should not be surprising, but it is really annoying T	vtt_ngram_5	00:01:18.504	00:03:49.380	78.504	229.38	00:33:17.504	two-dimensional space That should not be surprising, but it is really annoying The reason this happens is that each item is mathematically just a point It does not have any dimension in the two-dimensional representation unless that dimension is deliberately
topics_to_vtt_windows	topic:semantic-integrity	Semantic Integrity	topic	5	0.463211	0.394737	vtt:ngram:5:0011	with a fittingly emptier area around it So the semantic integrity is good, but i	vtt_ngram_5	00:04:59.694	00:07:20.445	299.694	440.445	00:36:58.694	with a fittingly emptier area around it So the semantic integrity is good, but it is still not very intuitive These days we have image generators, so I semi-manually and semi-automatically generated icons for the topics That probably helps a little bit What w
topics_to_vtt_windows	topic:force-directed-layout-risk	Force-Directed Layout Risk	topic	1	0.577266	0.302326	vtt:ngram:5:0005	added When we add that dimension, we then have to decide what to do about overla	vtt_ngram_5	00:01:42.557	00:04:20.369	102.557	260.369	00:33:41.557	added When we add that dimension, we then have to decide what to do about overlap One common thing people do is use a force-directed effect: if one node is too close to another node the nodes push themselves apart But then we have to tweak all kinds of fiddly
topics_to_vtt_windows	topic:force-directed-layout-risk	Force-Directed Layout Risk	topic	2	0.570741	0.302326	vtt:ngram:5:0004	two-dimensional space That should not be surprising, but it is really annoying T	vtt_ngram_5	00:01:18.504	00:03:49.380	78.504	229.38	00:33:17.504	two-dimensional space That should not be surprising, but it is really annoying The reason this happens is that each item is mathematically just a point It does not have any dimension in the two-dimensional representation unless that dimension is deliberately
topics_to_vtt_windows	topic:force-directed-layout-risk	Force-Directed Layout Risk	topic	3	0.554586	0.302326	vtt:ngram:5:0003	This is what happens when a data set of topics is projected down from high-dimen	vtt_ngram_5	00:00:52.468	00:03:15.272	52.468	195.272	00:32:51.468	This is what happens when a data set of topics is projected down from high-dimensional space into 2D space We should expect it to be a mess We should expect overlap By default, there is not a clean reduction down to two-dimensional space That should not be su
topics_to_vtt_windows	topic:force-directed-layout-risk	Force-Directed Layout Risk	topic	4	0.543324	0.325581	vtt:ngram:5:0002	information efficiently I’m interested in how things like embeddings, generated 	vtt_ngram_5	00:00:25.679	00:02:45.924	25.679	165.924	00:32:24.679	information efficiently I’m interested in how things like embeddings, generated categories, different kinds of relationships and graph structures can be used to make useful visualisations that do not look like a mess Speaking of which, this looks like a mess
topics_to_vtt_windows	topic:force-directed-layout-risk	Force-Directed Layout Risk	topic	5	0.529003	0.348837	vtt:ngram:5:0001	Hello I’m interested in the problem of how we as human beings, can get a good me	vtt_ngram_5	00:00:00.838	00:02:06.651	0.838	126.651	00:31:59.838	Hello I’m interested in the problem of how we as human beings, can get a good mental model of what is going on I want to understand things and make use of our high-bandwidth visual centres, which are very good at interpreting information efficiently I’m inter
topics_to_vtt_windows	topic:semantic-aware-multi-stage-layout	Semantic-Aware Multi-Stage Layout	topic	1	0.583722	0.243902	vtt:ngram:5:0005	added When we add that dimension, we then have to decide what to do about overla	vtt_ngram_5	00:01:42.557	00:04:20.369	102.557	260.369	00:33:41.557	added When we add that dimension, we then have to decide what to do about overlap One common thing people do is use a force-directed effect: if one node is too close to another node the nodes push themselves apart But then we have to tweak all kinds of fiddly
topics_to_vtt_windows	topic:semantic-aware-multi-stage-layout	Semantic-Aware Multi-Stage Layout	topic	2	0.582589	0.268293	vtt:ngram:5:0006	But then we have to tweak all kinds of fiddly variables to keep the semantic int	vtt_ngram_5	00:02:06.681	00:04:58.331	126.681	298.331	00:34:05.681	But then we have to tweak all kinds of fiddly variables to keep the semantic integrity authentic It is also a bit of a kludge to switch to a different kind of algorithm at presentation time without any consideration of the semantic embeddings themselves I hav
topics_to_vtt_windows	topic:semantic-aware-multi-stage-layout	Semantic-Aware Multi-Stage Layout	topic	3	0.574967	0.243902	vtt:ngram:5:0004	two-dimensional space That should not be surprising, but it is really annoying T	vtt_ngram_5	00:01:18.504	00:03:49.380	78.504	229.38	00:33:17.504	two-dimensional space That should not be surprising, but it is really annoying The reason this happens is that each item is mathematically just a point It does not have any dimension in the two-dimensional representation unless that dimension is deliberately
topics_to_vtt_windows	topic:semantic-aware-multi-stage-layout	Semantic-Aware Multi-Stage Layout	topic	4	0.551511	0.292683	vtt:ngram:5:0007	process happens in multiple stages, but those stages are aware of the semantic r	vtt_ngram_5	00:02:47.665	00:05:28.913	167.665	328.913	00:34:46.665	process happens in multiple stages, but those stages are aware of the semantic relationships between the nodes They use those relationships to find a good non-overlapping position for the nodes That gets us something a bit like this It has no overlap, which i
topics_to_vtt_windows	topic:semantic-aware-multi-stage-layout	Semantic-Aware Multi-Stage Layout	topic	5	0.548944	0.243902	vtt:ngram:5:0003	This is what happens when a data set of topics is projected down from high-dimen	vtt_ngram_5	00:00:52.468	00:03:15.272	52.468	195.272	00:32:51.468	This is what happens when a data set of topics is projected down from high-dimensional space into 2D space We should expect it to be a mess We should expect overlap By default, there is not a clean reduction down to two-dimensional space That should not be su
topics_to_vtt_windows	topic:orientation-stability	Orientation Stability	topic	1	0.560277	0.292683	vtt:ngram:5:0023	Another common problem is that the orientation can flip around whenever one of t	vtt_ngram_5	00:10:07.891	00:12:09.269	607.891	729.269	00:42:06.891	Another common problem is that the orientation can flip around whenever one of these maps is regenerated There are different ways of doing dimensionality reduction and they are often based on a random seed or on other stochastic things, that make it hard to k
topics_to_vtt_windows	topic:orientation-stability	Orientation Stability	topic	2	0.519145	0.292683	vtt:ngram:5:0021	What might it mean, based on everything else the system knows about the space Ho	vtt_ngram_5	00:09:09.322	00:11:30.362	549.322	690.362	00:41:08.322	What might it mean, based on everything else the system knows about the space How might it relate to these personal things these social things, and these work things That can absolutely be done It is also sometimes useful to do drag and-drop image-collage wor
topics_to_vtt_windows	topic:orientation-stability	Orientation Stability	topic	3	0.516207	0.292683	vtt:ngram:5:0020	That is not ideal But one cool thing it can do is project back It can let us pre	vtt_ngram_5	00:08:40.500	00:11:08.591	520.5	668.591	00:40:39.500	That is not ideal But one cool thing it can do is project back It can let us predict what high-dimensional representation or high-dimensional embedding, would make sense if for example, I put something new here What might it mean, based on everything else the
topics_to_vtt_windows	topic:orientation-stability	Orientation Stability	topic	4	0.510919	0.292683	vtt:ngram:5:0022	It is also sometimes useful to do drag and-drop image-collage work People often 	vtt_ngram_5	00:09:28.875	00:11:49.545	568.875	709.545	00:41:27.875	It is also sometimes useful to do drag and-drop image-collage work People often prefer paper for this kind of reason It is a real pain, when working digitally to lose the ability to arrange things freely So yes, I think that would be powerful Another common p
topics_to_vtt_windows	topic:orientation-stability	Orientation Stability	topic	5	0.455016	0.243902	vtt:ngram:5:0019	us do that UMAP is a common solution for dimensionality reduction of high dimens	vtt_ngram_5	00:08:16.200	00:10:32.985	496.2	632.985	00:40:15.200	us do that UMAP is a common solution for dimensionality reduction of high dimensional data It does not have a global objective It is mostly local, which means it might mess up how things fit together in aggregate That is not ideal But one cool thing it can do
topics_to_vtt_windows	topic:two-point-rotation-anchor	Two-Point Rotation Anchor	topic	1	0.541558	0.368421	vtt:ngram:5:0023	Another common problem is that the orientation can flip around whenever one of t	vtt_ngram_5	00:10:07.891	00:12:09.269	607.891	729.269	00:42:06.891	Another common problem is that the orientation can flip around whenever one of these maps is regenerated There are different ways of doing dimensionality reduction and they are often based on a random seed or on other stochastic things, that make it hard to k
topics_to_vtt_windows	topic:two-point-rotation-anchor	Two-Point Rotation Anchor	topic	2	0.51755	0.315789	vtt:ngram:5:0024	I perform a rotation that anchors two points When I regenerate the map, the enti	vtt_ngram_5	00:10:36.123	00:12:23.639	636.123	743.639	00:42:35.123	I perform a rotation that anchors two points When I regenerate the map, the entire map coheres which is really nice, especially for adding or removing points We have time for maybe two more questions If anybody in the audience has something they would like to
topics_to_vtt_windows	topic:two-point-rotation-anchor	Two-Point Rotation Anchor	topic	3	0.502496	0.368421	vtt:ngram:5:0022	It is also sometimes useful to do drag and-drop image-collage work People often 	vtt_ngram_5	00:09:28.875	00:11:49.545	568.875	709.545	00:41:27.875	It is also sometimes useful to do drag and-drop image-collage work People often prefer paper for this kind of reason It is a real pain, when working digitally to lose the ability to arrange things freely So yes, I think that would be powerful Another common p
topics_to_vtt_windows	topic:two-point-rotation-anchor	Two-Point Rotation Anchor	topic	4	0.493561	0.342105	vtt:ngram:5:0021	What might it mean, based on everything else the system knows about the space Ho	vtt_ngram_5	00:09:09.322	00:11:30.362	549.322	690.362	00:41:08.322	What might it mean, based on everything else the system knows about the space How might it relate to these personal things these social things, and these work things That can absolutely be done It is also sometimes useful to do drag and-drop image-collage wor
topics_to_vtt_windows	topic:two-point-rotation-anchor	Two-Point Rotation Anchor	topic	5	0.475183	0.342105	vtt:ngram:5:0020	That is not ideal But one cool thing it can do is project back It can let us pre	vtt_ngram_5	00:08:40.500	00:11:08.591	520.5	668.591	00:40:39.500	That is not ideal But one cool thing it can do is project back It can let us predict what high-dimensional representation or high-dimensional embedding, would make sense if for example, I put something new here What might it mean, based on everything else the
topics_to_vtt_windows	topic:regions-not-points	Regions Not Points	topic	1	0.492598	0.428571	vtt:ngram:5:0024	I perform a rotation that anchors two points When I regenerate the map, the enti	vtt_ngram_5	00:10:36.123	00:12:23.639	636.123	743.639	00:42:35.123	I perform a rotation that anchors two points When I regenerate the map, the entire map coheres which is really nice, especially for adding or removing points We have time for maybe two more questions If anybody in the audience has something they would like to
topics_to_vtt_windows	topic:regions-not-points	Regions Not Points	topic	2	0.491413	0.428571	vtt:ngram:5:0026	But in an actual 2D space, things also have dimensions They have shapes We also 	vtt_ngram_5	00:11:30.422	00:13:05.943	690.422	785.943	00:43:29.422	But in an actual 2D space, things also have dimensions They have shapes We also think in categories On the screen, in a user interface many of those things could be grouped together by putting them in a box, or surrounding them with a line That is how many mi
topics_to_vtt_windows	topic:regions-not-points	Regions Not Points	topic	3	0.469785	0.452381	vtt:ngram:5:0025	to ask, just unmute and go right ahead I have one question I really liked what y	vtt_ngram_5	00:11:08.621	00:12:43.185	668.621	763.185	00:43:07.621	to ask, just unmute and go right ahead I have one question I really liked what you mentioned about reverse-projecting into high-dimensional spaces Mathematicians like to simplify things into spherical cows When modelling things in 2D, we model everything as p
topics_to_vtt_windows	topic:regions-not-points	Regions Not Points	topic	4	0.464805	0.285714	vtt:ngram:5:0004	two-dimensional space That should not be surprising, but it is really annoying T	vtt_ngram_5	00:01:18.504	00:03:49.380	78.504	229.38	00:33:17.504	two-dimensional space That should not be surprising, but it is really annoying The reason this happens is that each item is mathematically just a point It does not have any dimension in the two-dimensional representation unless that dimension is deliberately
topics_to_vtt_windows	topic:regions-not-points	Regions Not Points	topic	5	0.447716	0.428571	vtt:ngram:5:0027	line That is how many mind maps are presented Are there any ways of quantifying 	vtt_ngram_5	00:11:49.575	00:13:31.318	709.575	811.318	00:43:48.575	line That is how many mind maps are presented Are there any ways of quantifying the size of those embeddings on screen, so they are not just points and can be assigned a region of space Yes, that definitely could be done I have not done that yet I do not have
topics_to_vtt_windows	topic:category-boundaries	Category Boundaries	topic	1	0.445397	0.268293	vtt:ngram:5:0026	But in an actual 2D space, things also have dimensions They have shapes We also 	vtt_ngram_5	00:11:30.422	00:13:05.943	690.422	785.943	00:43:29.422	But in an actual 2D space, things also have dimensions They have shapes We also think in categories On the screen, in a user interface many of those things could be grouped together by putting them in a box, or surrounding them with a line That is how many mi
topics_to_vtt_windows	topic:category-boundaries	Category Boundaries	topic	2	0.406941	0.121951	vtt:ngram:5:0002	information efficiently I’m interested in how things like embeddings, generated 	vtt_ngram_5	00:00:25.679	00:02:45.924	25.679	165.924	00:32:24.679	information efficiently I’m interested in how things like embeddings, generated categories, different kinds of relationships and graph structures can be used to make useful visualisations that do not look like a mess Speaking of which, this looks like a mess
topics_to_vtt_windows	topic:category-boundaries	Category Boundaries	topic	3	0.405784	0.146341	vtt:ngram:5:0001	Hello I’m interested in the problem of how we as human beings, can get a good me	vtt_ngram_5	00:00:00.838	00:02:06.651	0.838	126.651	00:31:59.838	Hello I’m interested in the problem of how we as human beings, can get a good mental model of what is going on I want to understand things and make use of our high-bandwidth visual centres, which are very good at interpreting information efficiently I’m inter
topics_to_vtt_windows	topic:category-boundaries	Category Boundaries	topic	4	0.394217	0.292683	vtt:ngram:5:0025	to ask, just unmute and go right ahead I have one question I really liked what y	vtt_ngram_5	00:11:08.621	00:12:43.185	668.621	763.185	00:43:07.621	to ask, just unmute and go right ahead I have one question I really liked what you mentioned about reverse-projecting into high-dimensional spaces Mathematicians like to simplify things into spherical cows When modelling things in 2D, we model everything as p
topics_to_vtt_windows	topic:category-boundaries	Category Boundaries	topic	5	0.379053	0.243902	vtt:ngram:5:0027	line That is how many mind maps are presented Are there any ways of quantifying 	vtt_ngram_5	00:11:49.575	00:13:31.318	709.575	811.318	00:43:48.575	line That is how many mind maps are presented Are there any ways of quantifying the size of those embeddings on screen, so they are not just points and can be assigned a region of space Yes, that definitely could be done I have not done that yet I do not have
topics_to_vtt_windows	topic:voronoi-topic-regions	Voronoi Topic Regions	topic	1	0.521197	0.378378	vtt:ngram:5:0026	But in an actual 2D space, things also have dimensions They have shapes We also 	vtt_ngram_5	00:11:30.422	00:13:05.943	690.422	785.943	00:43:29.422	But in an actual 2D space, things also have dimensions They have shapes We also think in categories On the screen, in a user interface many of those things could be grouped together by putting them in a box, or surrounding them with a line That is how many mi
topics_to_vtt_windows	topic:voronoi-topic-regions	Voronoi Topic Regions	topic	2	0.499412	0.378378	vtt:ngram:5:0027	line That is how many mind maps are presented Are there any ways of quantifying 	vtt_ngram_5	00:11:49.575	00:13:31.318	709.575	811.318	00:43:48.575	line That is how many mind maps are presented Are there any ways of quantifying the size of those embeddings on screen, so they are not just points and can be assigned a region of space Yes, that definitely could be done I have not done that yet I do not have
topics_to_vtt_windows	topic:voronoi-topic-regions	Voronoi Topic Regions	topic	3	0.490643	0.378378	vtt:ngram:5:0025	to ask, just unmute and go right ahead I have one question I really liked what y	vtt_ngram_5	00:11:08.621	00:12:43.185	668.621	763.185	00:43:07.621	to ask, just unmute and go right ahead I have one question I really liked what you mentioned about reverse-projecting into high-dimensional spaces Mathematicians like to simplify things into spherical cows When modelling things in 2D, we model everything as p
topics_to_vtt_windows	topic:voronoi-topic-regions	Voronoi Topic Regions	topic	4	0.484355	0.324324	vtt:ngram:5:0029	a Voronoi map would be the easiest approach But there is this underlying structu	vtt_ngram_5	00:12:23.669	00:14:03.079	743.669	843.079	00:44:22.669	a Voronoi map would be the easiest approach But there is this underlying structure in the projection where different sections of the embedding space occupy different parts of the screen Yes In terms of what people are doing with pretrained models and embeddin
topics_to_vtt_windows	topic:voronoi-topic-regions	Voronoi Topic Regions	topic	5	0.470495	0.378378	vtt:ngram:5:0028	I have not done that yet I do not have it saying, for example that this belongs 	vtt_ngram_5	00:12:09.299	00:13:48.333	729.299	828.333	00:44:08.299	I have not done that yet I do not have it saying, for example that this belongs to a work cluster I do not have that kind of membership information at the moment, but it is doable Just looking at the 2D screen, I guess something like a Voronoi map would be th
topics_to_vtt_windows	topic:generated-topic-icons	Generated Topic Icons	topic	1	0.553134	0.292683	vtt:ngram:5:0011	with a fittingly emptier area around it So the semantic integrity is good, but i	vtt_ngram_5	00:04:59.694	00:07:20.445	299.694	440.445	00:36:58.694	with a fittingly emptier area around it So the semantic integrity is good, but it is still not very intuitive These days we have image generators, so I semi-manually and semi-automatically generated icons for the topics That probably helps a little bit What w
topics_to_vtt_windows	topic:generated-topic-icons	Generated Topic Icons	topic	2	0.534924	0.243902	vtt:ngram:5:0010	Gold fits into a psychological kind of cluster for him Likewise, his main occupa	vtt_ngram_5	00:04:26.415	00:06:53.046	266.415	413.046	00:36:25.415	Gold fits into a psychological kind of cluster for him Likewise, his main occupational duties are in a place, and there is a Navy cluster There is also the Great Fire of London with a fittingly emptier area around it So the semantic integrity is good, but it
topics_to_vtt_windows	topic:generated-topic-icons	Generated Topic Icons	topic	3	0.505787	0.268293	vtt:ngram:5:0009	stone surgery he had The stone was a personal concern of his He had frequent pai	vtt_ngram_5	00:03:52.039	00:06:25.169	232.039	385.169	00:35:51.039	stone surgery he had The stone was a personal concern of his He had frequent pains, especially when he got cold, and it became one of his anxious preoccupations Another one is gold Gold fits into a psychological kind of cluster for him Likewise, his main occu
topics_to_vtt_windows	topic:generated-topic-icons	Generated Topic Icons	topic	4	0.495658	0.219512	vtt:ngram:5:0008	These topics are from Samuel Pepys’s life and the things in it I took them from 	vtt_ngram_5	00:03:17.546	00:05:54.948	197.546	354.948	00:35:16.546	These topics are from Samuel Pepys’s life and the things in it I took them from a manually made list This is a lot better The semantic integrity is actually quite good For example, there is the bladder stone surgery he had The stone was a personal concern of
topics_to_vtt_windows	topic:generated-topic-icons	Generated Topic Icons	topic	5	0.467026	0.243902	vtt:ngram:5:0007	process happens in multiple stages, but those stages are aware of the semantic r	vtt_ngram_5	00:02:47.665	00:05:28.913	167.665	328.913	00:34:46.665	process happens in multiple stages, but those stages are aware of the semantic relationships between the nodes They use those relationships to find a good non-overlapping position for the nodes That gets us something a bit like this It has no overlap, which i
topics_to_vtt_windows	topic:topics-as-recognisable-entities	Topics as Recognisable Entities	topic	1	0.565922	0.384615	vtt:ngram:5:0011	with a fittingly emptier area around it So the semantic integrity is good, but i	vtt_ngram_5	00:04:59.694	00:07:20.445	299.694	440.445	00:36:58.694	with a fittingly emptier area around it So the semantic integrity is good, but it is still not very intuitive These days we have image generators, so I semi-manually and semi-automatically generated icons for the topics That probably helps a little bit What w
topics_to_vtt_windows	topic:topics-as-recognisable-entities	Topics as Recognisable Entities	topic	2	0.553979	0.384615	vtt:ngram:5:0010	Gold fits into a psychological kind of cluster for him Likewise, his main occupa	vtt_ngram_5	00:04:26.415	00:06:53.046	266.415	413.046	00:36:25.415	Gold fits into a psychological kind of cluster for him Likewise, his main occupational duties are in a place, and there is a Navy cluster There is also the Great Fire of London with a fittingly emptier area around it So the semantic integrity is good, but it
topics_to_vtt_windows	topic:topics-as-recognisable-entities	Topics as Recognisable Entities	topic	3	0.54205	0.307692	vtt:ngram:5:0007	process happens in multiple stages, but those stages are aware of the semantic r	vtt_ngram_5	00:02:47.665	00:05:28.913	167.665	328.913	00:34:46.665	process happens in multiple stages, but those stages are aware of the semantic relationships between the nodes They use those relationships to find a good non-overlapping position for the nodes That gets us something a bit like this It has no overlap, which i
topics_to_vtt_windows	topic:topics-as-recognisable-entities	Topics as Recognisable Entities	topic	4	0.539244	0.230769	vtt:ngram:5:0001	Hello I’m interested in the problem of how we as human beings, can get a good me	vtt_ngram_5	00:00:00.838	00:02:06.651	0.838	126.651	00:31:59.838	Hello I’m interested in the problem of how we as human beings, can get a good mental model of what is going on I want to understand things and make use of our high-bandwidth visual centres, which are very good at interpreting information efficiently I’m inter
topics_to_vtt_windows	topic:topics-as-recognisable-entities	Topics as Recognisable Entities	topic	5	0.52604	0.307692	vtt:ngram:5:0013	There is a lot that could be done I do have large-language-model-generated salie	vtt_ngram_5	00:05:54.978	00:07:59.307	354.978	479.307	00:37:53.978	There is a lot that could be done I do have large-language-model-generated salience scores for some of the topics I use those to adjust the scale and opacity of some nodes For instance, there is a woman who was loosely related to some people in this area thro
topics_to_vtt_windows	topic:salience-rank-scale-opacity	Salience, Rank, Scale, and Opacity	topic	1	0.571717	0.439024	vtt:ngram:5:0013	There is a lot that could be done I do have large-language-model-generated salie	vtt_ngram_5	00:05:54.978	00:07:59.307	354.978	479.307	00:37:53.978	There is a lot that could be done I do have large-language-model-generated salience scores for some of the topics I use those to adjust the scale and opacity of some nodes For instance, there is a woman who was loosely related to some people in this area thro
topics_to_vtt_windows	topic:salience-rank-scale-opacity	Salience, Rank, Scale, and Opacity	topic	2	0.562969	0.390244	vtt:ngram:5:0012	That probably helps a little bit What would be more useful is a zoomable user in	vtt_ngram_5	00:05:28.937	00:07:43.618	328.937	463.618	00:37:27.937	That probably helps a little bit What would be more useful is a zoomable user interface where we can look at different things at different levels and see different zoom states, very much like what Ivan Lugo was talking about earlier I have not done much with
topics_to_vtt_windows	topic:salience-rank-scale-opacity	Salience, Rank, Scale, and Opacity	topic	3	0.550871	0.390244	vtt:ngram:5:0011	with a fittingly emptier area around it So the semantic integrity is good, but i	vtt_ngram_5	00:04:59.694	00:07:20.445	299.694	440.445	00:36:58.694	with a fittingly emptier area around it So the semantic integrity is good, but it is still not very intuitive These days we have image generators, so I semi-manually and semi-automatically generated icons for the topics That probably helps a little bit What w
topics_to_vtt_windows	topic:salience-rank-scale-opacity	Salience, Rank, Scale, and Opacity	topic	4	0.50046	0.365854	vtt:ngram:5:0010	Gold fits into a psychological kind of cluster for him Likewise, his main occupa	vtt_ngram_5	00:04:26.415	00:06:53.046	266.415	413.046	00:36:25.415	Gold fits into a psychological kind of cluster for him Likewise, his main occupational duties are in a place, and there is a Navy cluster There is also the Great Fire of London with a fittingly emptier area around it So the semantic integrity is good, but it
topics_to_vtt_windows	topic:salience-rank-scale-opacity	Salience, Rank, Scale, and Opacity	topic	5	0.46839	0.341463	vtt:ngram:5:0014	loosely related to some people in this area through gossip She is not as central	vtt_ngram_5	00:06:25.199	00:08:16.171	385.199	496.171	00:38:24.199	loosely related to some people in this area through gossip She is not as central to Pepys’s life Her centrality is low, but she is still an interesting figure She is not at full opacity, because she is not worth foregrounding from the broad overview perspecti
topics_to_vtt_windows	topic:zoomable-user-interface	Zoomable User Interface	topic	1	0.640624	0.358974	vtt:ngram:5:0012	That probably helps a little bit What would be more useful is a zoomable user in	vtt_ngram_5	00:05:28.937	00:07:43.618	328.937	463.618	00:37:27.937	That probably helps a little bit What would be more useful is a zoomable user interface where we can look at different things at different levels and see different zoom states, very much like what Ivan Lugo was talking about earlier I have not done much with
topics_to_vtt_windows	topic:zoomable-user-interface	Zoomable User Interface	topic	2	0.60227	0.358974	vtt:ngram:5:0011	with a fittingly emptier area around it So the semantic integrity is good, but i	vtt_ngram_5	00:04:59.694	00:07:20.445	299.694	440.445	00:36:58.694	with a fittingly emptier area around it So the semantic integrity is good, but it is still not very intuitive These days we have image generators, so I semi-manually and semi-automatically generated icons for the topics That probably helps a little bit What w
topics_to_vtt_windows	topic:zoomable-user-interface	Zoomable User Interface	topic	3	0.543181	0.230769	vtt:ngram:5:0015	worth foregrounding from the broad overview perspective of his life When I am zo	vtt_ngram_5	00:06:53.174	00:08:40.395	413.174	520.395	00:38:52.174	worth foregrounding from the broad overview perspective of his life When I am zoomed out, the map shows things that are high-rank and high-salience, or some combination of those When I zoom in, it shows more nodes without fading them out That is basically as
topics_to_vtt_windows	topic:zoomable-user-interface	Zoomable User Interface	topic	4	0.519011	0.230769	vtt:ngram:5:0014	loosely related to some people in this area through gossip She is not as central	vtt_ngram_5	00:06:25.199	00:08:16.171	385.199	496.171	00:38:24.199	loosely related to some people in this area through gossip She is not as central to Pepys’s life Her centrality is low, but she is still an interesting figure She is not at full opacity, because she is not worth foregrounding from the broad overview perspecti
topics_to_vtt_windows	topic:zoomable-user-interface	Zoomable User Interface	topic	5	0.513515	0.358974	vtt:ngram:5:0010	Gold fits into a psychological kind of cluster for him Likewise, his main occupa	vtt_ngram_5	00:04:26.415	00:06:53.046	266.415	413.046	00:36:25.415	Gold fits into a psychological kind of cluster for him Likewise, his main occupational duties are in a place, and there is a Navy cluster There is also the Great Fire of London with a fittingly emptier area around it So the semantic integrity is good, but it
topics_to_vtt_windows	topic:progressive-zoom-disclosure	Progressive Zoom Disclosure	topic	1	0.568673	0.25	vtt:ngram:5:0012	That probably helps a little bit What would be more useful is a zoomable user in	vtt_ngram_5	00:05:28.937	00:07:43.618	328.937	463.618	00:37:27.937	That probably helps a little bit What would be more useful is a zoomable user interface where we can look at different things at different levels and see different zoom states, very much like what Ivan Lugo was talking about earlier I have not done much with
topics_to_vtt_windows	topic:progressive-zoom-disclosure	Progressive Zoom Disclosure	topic	2	0.543014	0.3	vtt:ngram:5:0011	with a fittingly emptier area around it So the semantic integrity is good, but i	vtt_ngram_5	00:04:59.694	00:07:20.445	299.694	440.445	00:36:58.694	with a fittingly emptier area around it So the semantic integrity is good, but it is still not very intuitive These days we have image generators, so I semi-manually and semi-automatically generated icons for the topics That probably helps a little bit What w
topics_to_vtt_windows	topic:progressive-zoom-disclosure	Progressive Zoom Disclosure	topic	3	0.512518	0.3	vtt:ngram:5:0013	There is a lot that could be done I do have large-language-model-generated salie	vtt_ngram_5	00:05:54.978	00:07:59.307	354.978	479.307	00:37:53.978	There is a lot that could be done I do have large-language-model-generated salience scores for some of the topics I use those to adjust the scale and opacity of some nodes For instance, there is a woman who was loosely related to some people in this area thro
topics_to_vtt_windows	topic:progressive-zoom-disclosure	Progressive Zoom Disclosure	topic	4	0.493594	0.225	vtt:ngram:5:0014	loosely related to some people in this area through gossip She is not as central	vtt_ngram_5	00:06:25.199	00:08:16.171	385.199	496.171	00:38:24.199	loosely related to some people in this area through gossip She is not as central to Pepys’s life Her centrality is low, but she is still an interesting figure She is not at full opacity, because she is not worth foregrounding from the broad overview perspecti
topics_to_vtt_windows	topic:progressive-zoom-disclosure	Progressive Zoom Disclosure	topic	5	0.4805	0.225	vtt:ngram:5:0015	worth foregrounding from the broad overview perspective of his life When I am zo	vtt_ngram_5	00:06:53.174	00:08:40.395	413.174	520.395	00:38:52.174	worth foregrounding from the broad overview perspective of his life When I am zoomed out, the map shows things that are high-rank and high-salience, or some combination of those When I zoom in, it shows more nodes without fading them out That is basically as
topics_to_vtt_windows	topic:visual-linguistic-themes	Visual-Linguistic Themes	topic	1	0.550208	0.3	vtt:ngram:5:0032	of an article I saw on Hacker News or somewhere around there It was an arXiv pap	vtt_ngram_5	00:13:31.348	00:15:17.327	811.348	917.327	00:45:30.348	of an article I saw on Hacker News or somewhere around there It was an arXiv paper, and it talked about that very thing Researchers had found that across a number of languages there was a very definite pattern to certain words word groups, and semantics One t
topics_to_vtt_windows	topic:visual-linguistic-themes	Visual-Linguistic Themes	topic	2	0.533506	0.275	vtt:ngram:5:0033	word groups, and semantics One thing that this project is showing is that this i	vtt_ngram_5	00:13:48.553	00:15:46.725	828.553	946.725	00:45:47.553	word groups, and semantics One thing that this project is showing is that this is a kind of language I’m looking at Dining, Great Fire, and Prize Goods and there is a certain visual theme and linguistic theme to it I’m curious because you have clearly operate
topics_to_vtt_windows	topic:visual-linguistic-themes	Visual-Linguistic Themes	topic	3	0.51576	0.325	vtt:ngram:5:0031	People are interested in that from a machine-learning interpretability and safet	vtt_ngram_5	00:13:07.881	00:14:51.756	787.881	891.756	00:45:06.881	People are interested in that from a machine-learning interpretability and safety perspective as well Thanks We have time for one more question I have a quick one too That last point about high dimensionality and language reminds me of an article I saw on Hac
topics_to_vtt_windows	topic:visual-linguistic-themes	Visual-Linguistic Themes	topic	4	0.497577	0.35	vtt:ngram:5:0030	and embedding spaces, they are finding out some really cool things recently Part	vtt_ngram_5	00:12:43.215	00:14:23.403	763.215	863.403	00:44:42.215	and embedding spaces, they are finding out some really cool things recently Particular geometric patterns are being shared among completely different models We are starting to peer into that geometric representation space that they have learned in high dimens
topics_to_vtt_windows	topic:visual-linguistic-themes	Visual-Linguistic Themes	topic	5	0.485305	0.225	vtt:ngram:5:0039	That paper is perfect We are finding that things have a definitive shape Whether	vtt_ngram_5	00:16:16.066	00:17:48.207	976.066	1068.207	00:48:15.066	That paper is perfect We are finding that things have a definitive shape Whether I am speaking Italian, German, French English, or some weird mixture, if I say a word like good, bad, evil, or positive, it is going to have some kind of shape When I am talking
topics_to_vtt_windows	topic:abstraction-levels	Abstraction Levels	topic	1	0.412023	0.27907	vtt:ngram:5:0011	with a fittingly emptier area around it So the semantic integrity is good, but i	vtt_ngram_5	00:04:59.694	00:07:20.445	299.694	440.445	00:36:58.694	with a fittingly emptier area around it So the semantic integrity is good, but it is still not very intuitive These days we have image generators, so I semi-manually and semi-automatically generated icons for the topics That probably helps a little bit What w
topics_to_vtt_windows	topic:abstraction-levels	Abstraction Levels	topic	2	0.396659	0.27907	vtt:ngram:5:0041	This is really cool to see It shows how it works on the data side Thank you Very	vtt_ngram_5	00:16:44.705	00:18:37.968	1004.705	1117.968	00:48:43.705	This is really cool to see It shows how it works on the data side Thank you Very cool I also love to point to Bob Horn Robert Horn, who coined the term visual language or at least popularised it He wrote a book about it He is a wise elder gentleman who lives
topics_to_vtt_windows	topic:abstraction-levels	Abstraction Levels	topic	3	0.395337	0.209302	vtt:ngram:5:0038	So I put aside my naive way of finding a few columns that had useful parameters,	vtt_ngram_5	00:15:46.764	00:17:15.738	946.764	1035.738	00:47:45.764	So I put aside my naive way of finding a few columns that had useful parameters, and tried to get my head around the whole higher-dimensional geometry they are using, because it seems more fundamental If that answers your question It does exactly That paper i
topics_to_vtt_windows	topic:abstraction-levels	Abstraction Levels	topic	4	0.38962	0.27907	vtt:ngram:5:0001	Hello I’m interested in the problem of how we as human beings, can get a good me	vtt_ngram_5	00:00:00.838	00:02:06.651	0.838	126.651	00:31:59.838	Hello I’m interested in the problem of how we as human beings, can get a good mental model of what is going on I want to understand things and make use of our high-bandwidth visual centres, which are very good at interpreting information efficiently I’m inter
topics_to_vtt_windows	topic:abstraction-levels	Abstraction Levels	topic	5	0.388148	0.27907	vtt:ngram:5:0044	about by looking at it, without actually knowing about Pepys and his life There 	vtt_ngram_5	00:17:48.237	00:19:52.373	1068.237	1192.373	00:49:47.237	about by looking at it, without actually knowing about Pepys and his life There are a whole load of language components that he talks about and explains why it is important to have text why it is important to have visuals how they fit together, and what level
topics_to_vtt_windows	topic:map-as-expressive-interface	Map as Expressive Interface	topic	1	0.57615	0.352941	vtt:ngram:5:0015	worth foregrounding from the broad overview perspective of his life When I am zo	vtt_ngram_5	00:06:53.174	00:08:40.395	413.174	520.395	00:38:52.174	worth foregrounding from the broad overview perspective of his life When I am zoomed out, the map shows things that are high-rank and high-salience, or some combination of those When I zoom in, it shows more nodes without fading them out That is basically as
topics_to_vtt_windows	topic:map-as-expressive-interface	Map as Expressive Interface	topic	2	0.563305	0.382353	vtt:ngram:5:0014	loosely related to some people in this area through gossip She is not as central	vtt_ngram_5	00:06:25.199	00:08:16.171	385.199	496.171	00:38:24.199	loosely related to some people in this area through gossip She is not as central to Pepys’s life Her centrality is low, but she is still an interesting figure She is not at full opacity, because she is not worth foregrounding from the broad overview perspecti
topics_to_vtt_windows	topic:map-as-expressive-interface	Map as Expressive Interface	topic	3	0.547487	0.352941	vtt:ngram:5:0016	That is basically as far as I have got with that I’m going to do the thing and j	vtt_ngram_5	00:07:24.427	00:09:08.985	444.427	548.985	00:39:23.427	That is basically as far as I have got with that I’m going to do the thing and jump in with a question in the middle That’s the format I have this weird personal belief: any interface that presents information, or presents a visualisation of something is also
topics_to_vtt_windows	topic:map-as-expressive-interface	Map as Expressive Interface	topic	4	0.546587	0.352941	vtt:ngram:5:0017	information, or presents a visualisation of something is also potentially a good	vtt_ngram_5	00:07:44.079	00:09:28.845	464.079	568.845	00:39:43.079	information, or presents a visualisation of something is also potentially a good interface through which we can express something There are two sides to every interface So far, you have talked about what this interface is revealing, what it is showing, and ho
topics_to_vtt_windows	topic:map-as-expressive-interface	Map as Expressive Interface	topic	5	0.520486	0.352941	vtt:ngram:5:0013	There is a lot that could be done I do have large-language-model-generated salie	vtt_ngram_5	00:05:54.978	00:07:59.307	354.978	479.307	00:37:53.978	There is a lot that could be done I do have large-language-model-generated salience scores for some of the topics I use those to adjust the scale and opacity of some nodes For instance, there is a woman who was loosely related to some people in this area thro
topics_to_vtt_windows	topic:drag-and-drop-arrangement	Drag-and-Drop Arrangement	topic	1	0.545961	0.358974	vtt:ngram:5:0022	It is also sometimes useful to do drag and-drop image-collage work People often 	vtt_ngram_5	00:09:28.875	00:11:49.545	568.875	709.545	00:41:27.875	It is also sometimes useful to do drag and-drop image-collage work People often prefer paper for this kind of reason It is a real pain, when working digitally to lose the ability to arrange things freely So yes, I think that would be powerful Another common p
topics_to_vtt_windows	topic:drag-and-drop-arrangement	Drag-and-Drop Arrangement	topic	2	0.493049	0.333333	vtt:ngram:5:0021	What might it mean, based on everything else the system knows about the space Ho	vtt_ngram_5	00:09:09.322	00:11:30.362	549.322	690.362	00:41:08.322	What might it mean, based on everything else the system knows about the space How might it relate to these personal things these social things, and these work things That can absolutely be done It is also sometimes useful to do drag and-drop image-collage wor
topics_to_vtt_windows	topic:drag-and-drop-arrangement	Drag-and-Drop Arrangement	topic	3	0.483932	0.333333	vtt:ngram:5:0020	That is not ideal But one cool thing it can do is project back It can let us pre	vtt_ngram_5	00:08:40.500	00:11:08.591	520.5	668.591	00:40:39.500	That is not ideal But one cool thing it can do is project back It can let us predict what high-dimensional representation or high-dimensional embedding, would make sense if for example, I put something new here What might it mean, based on everything else the
topics_to_vtt_windows	topic:drag-and-drop-arrangement	Drag-and-Drop Arrangement	topic	4	0.471499	0.358974	vtt:ngram:5:0018	higher-dimensional spaces I’m curious what you have thought about with respect t	vtt_ngram_5	00:07:59.337	00:09:59.448	479.337	599.448	00:39:58.337	higher-dimensional spaces I’m curious what you have thought about with respect to doing expressive work through this interface Yes We can actually project back There is a popular library called UMAP Learn that lets us do that UMAP is a common solution for dim
topics_to_vtt_windows	topic:drag-and-drop-arrangement	Drag-and-Drop Arrangement	topic	5	0.423779	0.307692	vtt:ngram:5:0019	us do that UMAP is a common solution for dimensionality reduction of high dimens	vtt_ngram_5	00:08:16.200	00:10:32.985	496.2	632.985	00:40:15.200	us do that UMAP is a common solution for dimensionality reduction of high dimensional data It does not have a global objective It is mostly local, which means it might mess up how things fit together in aggregate That is not ideal But one cool thing it can do
topics_to_vtt_windows	topic:reverse-projection	Reverse Projection	topic	1	0.557391	0.421053	vtt:ngram:5:0025	to ask, just unmute and go right ahead I have one question I really liked what y	vtt_ngram_5	00:11:08.621	00:12:43.185	668.621	763.185	00:43:07.621	to ask, just unmute and go right ahead I have one question I really liked what you mentioned about reverse-projecting into high-dimensional spaces Mathematicians like to simplify things into spherical cows When modelling things in 2D, we model everything as p
topics_to_vtt_windows	topic:reverse-projection	Reverse Projection	topic	2	0.540884	0.368421	vtt:ngram:5:0018	higher-dimensional spaces I’m curious what you have thought about with respect t	vtt_ngram_5	00:07:59.337	00:09:59.448	479.337	599.448	00:39:58.337	higher-dimensional spaces I’m curious what you have thought about with respect to doing expressive work through this interface Yes We can actually project back There is a popular library called UMAP Learn that lets us do that UMAP is a common solution for dim
topics_to_vtt_windows	topic:reverse-projection	Reverse Projection	topic	3	0.540251	0.368421	vtt:ngram:5:0017	information, or presents a visualisation of something is also potentially a good	vtt_ngram_5	00:07:44.079	00:09:28.845	464.079	568.845	00:39:43.079	information, or presents a visualisation of something is also potentially a good interface through which we can express something There are two sides to every interface So far, you have talked about what this interface is revealing, what it is showing, and ho
topics_to_vtt_windows	topic:reverse-projection	Reverse Projection	topic	4	0.536362	0.342105	vtt:ngram:5:0020	That is not ideal But one cool thing it can do is project back It can let us pre	vtt_ngram_5	00:08:40.500	00:11:08.591	520.5	668.591	00:40:39.500	That is not ideal But one cool thing it can do is project back It can let us predict what high-dimensional representation or high-dimensional embedding, would make sense if for example, I put something new here What might it mean, based on everything else the
topics_to_vtt_windows	topic:reverse-projection	Reverse Projection	topic	5	0.528979	0.342105	vtt:ngram:5:0023	Another common problem is that the orientation can flip around whenever one of t	vtt_ngram_5	00:10:07.891	00:12:09.269	607.891	729.269	00:42:06.891	Another common problem is that the orientation can flip around whenever one of these maps is regenerated There are different ways of doing dimensionality reduction and they are often based on a random seed or on other stochastic things, that make it hard to k
topics_to_vtt_windows	topic:moving-things-as-thinking	Moving Things as Thinking	topic	1	0.448111	0.263158	vtt:ngram:5:0001	Hello I’m interested in the problem of how we as human beings, can get a good me	vtt_ngram_5	00:00:00.838	00:02:06.651	0.838	126.651	00:31:59.838	Hello I’m interested in the problem of how we as human beings, can get a good mental model of what is going on I want to understand things and make use of our high-bandwidth visual centres, which are very good at interpreting information efficiently I’m inter
topics_to_vtt_windows	topic:moving-things-as-thinking	Moving Things as Thinking	topic	2	0.445139	0.315789	vtt:ngram:5:0026	But in an actual 2D space, things also have dimensions They have shapes We also 	vtt_ngram_5	00:11:30.422	00:13:05.943	690.422	785.943	00:43:29.422	But in an actual 2D space, things also have dimensions They have shapes We also think in categories On the screen, in a user interface many of those things could be grouped together by putting them in a box, or surrounding them with a line That is how many mi
topics_to_vtt_windows	topic:moving-things-as-thinking	Moving Things as Thinking	topic	3	0.444629	0.315789	vtt:ngram:5:0021	What might it mean, based on everything else the system knows about the space Ho	vtt_ngram_5	00:09:09.322	00:11:30.362	549.322	690.362	00:41:08.322	What might it mean, based on everything else the system knows about the space How might it relate to these personal things these social things, and these work things That can absolutely be done It is also sometimes useful to do drag and-drop image-collage wor
topics_to_vtt_windows	topic:moving-things-as-thinking	Moving Things as Thinking	topic	4	0.429326	0.342105	vtt:ngram:5:0022	It is also sometimes useful to do drag and-drop image-collage work People often 	vtt_ngram_5	00:09:28.875	00:11:49.545	568.875	709.545	00:41:27.875	It is also sometimes useful to do drag and-drop image-collage work People often prefer paper for this kind of reason It is a real pain, when working digitally to lose the ability to arrange things freely So yes, I think that would be powerful Another common p
topics_to_vtt_windows	topic:moving-things-as-thinking	Moving Things as Thinking	topic	5	0.427777	0.315789	vtt:ngram:5:0024	I perform a rotation that anchors two points When I regenerate the map, the enti	vtt_ngram_5	00:10:36.123	00:12:23.639	636.123	743.639	00:42:35.123	I perform a rotation that anchors two points When I regenerate the map, the entire map coheres which is really nice, especially for adding or removing points We have time for maybe two more questions If anybody in the audience has something they would like to
topics_to_vtt_windows	topic:paper-like-digital-canvas	Paper-Like Digital Canvas	topic	1	0.526235	0.261905	vtt:ngram:5:0022	It is also sometimes useful to do drag and-drop image-collage work People often 	vtt_ngram_5	00:09:28.875	00:11:49.545	568.875	709.545	00:41:27.875	It is also sometimes useful to do drag and-drop image-collage work People often prefer paper for this kind of reason It is a real pain, when working digitally to lose the ability to arrange things freely So yes, I think that would be powerful Another common p
topics_to_vtt_windows	topic:paper-like-digital-canvas	Paper-Like Digital Canvas	topic	2	0.511364	0.238095	vtt:ngram:5:0021	What might it mean, based on everything else the system knows about the space Ho	vtt_ngram_5	00:09:09.322	00:11:30.362	549.322	690.362	00:41:08.322	What might it mean, based on everything else the system knows about the space How might it relate to these personal things these social things, and these work things That can absolutely be done It is also sometimes useful to do drag and-drop image-collage wor
topics_to_vtt_windows	topic:paper-like-digital-canvas	Paper-Like Digital Canvas	topic	3	0.495381	0.238095	vtt:ngram:5:0020	That is not ideal But one cool thing it can do is project back It can let us pre	vtt_ngram_5	00:08:40.500	00:11:08.591	520.5	668.591	00:40:39.500	That is not ideal But one cool thing it can do is project back It can let us predict what high-dimensional representation or high-dimensional embedding, would make sense if for example, I put something new here What might it mean, based on everything else the
topics_to_vtt_windows	topic:paper-like-digital-canvas	Paper-Like Digital Canvas	topic	4	0.494457	0.238095	vtt:ngram:5:0018	higher-dimensional spaces I’m curious what you have thought about with respect t	vtt_ngram_5	00:07:59.337	00:09:59.448	479.337	599.448	00:39:58.337	higher-dimensional spaces I’m curious what you have thought about with respect to doing expressive work through this interface Yes We can actually project back There is a popular library called UMAP Learn that lets us do that UMAP is a common solution for dim
topics_to_vtt_windows	topic:paper-like-digital-canvas	Paper-Like Digital Canvas	topic	5	0.440266	0.238095	vtt:ngram:5:0026	But in an actual 2D space, things also have dimensions They have shapes We also 	vtt_ngram_5	00:11:30.422	00:13:05.943	690.422	785.943	00:43:29.422	But in an actual 2D space, things also have dimensions They have shapes We also think in categories On the screen, in a user interface many of those things could be grouped together by putting them in a box, or surrounding them with a line That is how many mi
topics_to_vtt_windows	topic:local-global-layout-tension	Local-Global Layout Tension	topic	1	0.506	0.266667	vtt:ngram:5:0001	Hello I’m interested in the problem of how we as human beings, can get a good me	vtt_ngram_5	00:00:00.838	00:02:06.651	0.838	126.651	00:31:59.838	Hello I’m interested in the problem of how we as human beings, can get a good mental model of what is going on I want to understand things and make use of our high-bandwidth visual centres, which are very good at interpreting information efficiently I’m inter
topics_to_vtt_windows	topic:local-global-layout-tension	Local-Global Layout Tension	topic	2	0.505272	0.244444	vtt:ngram:5:0003	This is what happens when a data set of topics is projected down from high-dimen	vtt_ngram_5	00:00:52.468	00:03:15.272	52.468	195.272	00:32:51.468	This is what happens when a data set of topics is projected down from high-dimensional space into 2D space We should expect it to be a mess We should expect overlap By default, there is not a clean reduction down to two-dimensional space That should not be su
topics_to_vtt_windows	topic:local-global-layout-tension	Local-Global Layout Tension	topic	3	0.503309	0.288889	vtt:ngram:5:0002	information efficiently I’m interested in how things like embeddings, generated 	vtt_ngram_5	00:00:25.679	00:02:45.924	25.679	165.924	00:32:24.679	information efficiently I’m interested in how things like embeddings, generated categories, different kinds of relationships and graph structures can be used to make useful visualisations that do not look like a mess Speaking of which, this looks like a mess
topics_to_vtt_windows	topic:local-global-layout-tension	Local-Global Layout Tension	topic	4	0.481875	0.266667	vtt:ngram:5:0019	us do that UMAP is a common solution for dimensionality reduction of high dimens	vtt_ngram_5	00:08:16.200	00:10:32.985	496.2	632.985	00:40:15.200	us do that UMAP is a common solution for dimensionality reduction of high dimensional data It does not have a global objective It is mostly local, which means it might mess up how things fit together in aggregate That is not ideal But one cool thing it can do
topics_to_vtt_windows	topic:local-global-layout-tension	Local-Global Layout Tension	topic	5	0.477003	0.266667	vtt:ngram:5:0004	two-dimensional space That should not be surprising, but it is really annoying T	vtt_ngram_5	00:01:18.504	00:03:49.380	78.504	229.38	00:33:17.504	two-dimensional space That should not be surprising, but it is really annoying The reason this happens is that each item is mathematically just a point It does not have any dimension in the two-dimensional representation unless that dimension is deliberately
topics_to_vtt_windows	topic:shared-representational-geometry	Shared Representational Geometry	topic	1	0.586437	0.314286	vtt:ngram:5:0028	I have not done that yet I do not have it saying, for example that this belongs 	vtt_ngram_5	00:12:09.299	00:13:48.333	729.299	828.333	00:44:08.299	I have not done that yet I do not have it saying, for example that this belongs to a work cluster I do not have that kind of membership information at the moment, but it is doable Just looking at the 2D screen, I guess something like a Voronoi map would be th
topics_to_vtt_windows	topic:shared-representational-geometry	Shared Representational Geometry	topic	2	0.581082	0.285714	vtt:ngram:5:0029	a Voronoi map would be the easiest approach But there is this underlying structu	vtt_ngram_5	00:12:23.669	00:14:03.079	743.669	843.079	00:44:22.669	a Voronoi map would be the easiest approach But there is this underlying structure in the projection where different sections of the embedding space occupy different parts of the screen Yes In terms of what people are doing with pretrained models and embeddin
topics_to_vtt_windows	topic:shared-representational-geometry	Shared Representational Geometry	topic	3	0.577178	0.285714	vtt:ngram:5:0030	and embedding spaces, they are finding out some really cool things recently Part	vtt_ngram_5	00:12:43.215	00:14:23.403	763.215	863.403	00:44:42.215	and embedding spaces, they are finding out some really cool things recently Particular geometric patterns are being shared among completely different models We are starting to peer into that geometric representation space that they have learned in high dimens
topics_to_vtt_windows	topic:shared-representational-geometry	Shared Representational Geometry	topic	4	0.569423	0.371429	vtt:ngram:5:0027	line That is how many mind maps are presented Are there any ways of quantifying 	vtt_ngram_5	00:11:49.575	00:13:31.318	709.575	811.318	00:43:48.575	line That is how many mind maps are presented Are there any ways of quantifying the size of those embeddings on screen, so they are not just points and can be assigned a region of space Yes, that definitely could be done I have not done that yet I do not have
topics_to_vtt_windows	topic:shared-representational-geometry	Shared Representational Geometry	topic	5	0.568573	0.4	vtt:ngram:5:0026	But in an actual 2D space, things also have dimensions They have shapes We also 	vtt_ngram_5	00:11:30.422	00:13:05.943	690.422	785.943	00:43:29.422	But in an actual 2D space, things also have dimensions They have shapes We also think in categories On the screen, in a user interface many of those things could be grouped together by putting them in a box, or surrounding them with a line That is how many mi
topics_to_vtt_windows	topic:cross-model-geometric-patterns	Cross-Model Geometric Patterns	topic	1	0.582066	0.388889	vtt:ngram:5:0030	and embedding spaces, they are finding out some really cool things recently Part	vtt_ngram_5	00:12:43.215	00:14:23.403	763.215	863.403	00:44:42.215	and embedding spaces, they are finding out some really cool things recently Particular geometric patterns are being shared among completely different models We are starting to peer into that geometric representation space that they have learned in high dimens
topics_to_vtt_windows	topic:cross-model-geometric-patterns	Cross-Model Geometric Patterns	topic	2	0.555335	0.388889	vtt:ngram:5:0029	a Voronoi map would be the easiest approach But there is this underlying structu	vtt_ngram_5	00:12:23.669	00:14:03.079	743.669	843.079	00:44:22.669	a Voronoi map would be the easiest approach But there is this underlying structure in the projection where different sections of the embedding space occupy different parts of the screen Yes In terms of what people are doing with pretrained models and embeddin
topics_to_vtt_windows	topic:cross-model-geometric-patterns	Cross-Model Geometric Patterns	topic	3	0.545602	0.416667	vtt:ngram:5:0028	I have not done that yet I do not have it saying, for example that this belongs 	vtt_ngram_5	00:12:09.299	00:13:48.333	729.299	828.333	00:44:08.299	I have not done that yet I do not have it saying, for example that this belongs to a work cluster I do not have that kind of membership information at the moment, but it is doable Just looking at the 2D screen, I guess something like a Voronoi map would be th
topics_to_vtt_windows	topic:cross-model-geometric-patterns	Cross-Model Geometric Patterns	topic	4	0.497615	0.333333	vtt:ngram:5:0027	line That is how many mind maps are presented Are there any ways of quantifying 	vtt_ngram_5	00:11:49.575	00:13:31.318	709.575	811.318	00:43:48.575	line That is how many mind maps are presented Are there any ways of quantifying the size of those embeddings on screen, so they are not just points and can be assigned a region of space Yes, that definitely could be done I have not done that yet I do not have
topics_to_vtt_windows	topic:cross-model-geometric-patterns	Cross-Model Geometric Patterns	topic	5	0.476901	0.361111	vtt:ngram:5:0026	But in an actual 2D space, things also have dimensions They have shapes We also 	vtt_ngram_5	00:11:30.422	00:13:05.943	690.422	785.943	00:43:29.422	But in an actual 2D space, things also have dimensions They have shapes We also think in categories On the screen, in a user interface many of those things could be grouped together by putting them in a box, or surrounding them with a line That is how many mi
topics_to_vtt_windows	topic:cross-lingual-semantic-shapes	Cross-Lingual Semantic Shapes	topic	1	0.53558	0.272727	vtt:ngram:5:0037	really efficient way Then the Manifold Steering paper came out It basically show	vtt_ngram_5	00:15:17.357	00:17:01.386	917.357	1021.386	00:47:16.357	really efficient way Then the Manifold Steering paper came out It basically showed things like different dates mapping to a particular shape inside large language models They look at things like weekdays in different language models corresponding to certain s
topics_to_vtt_windows	topic:cross-lingual-semantic-shapes	Cross-Lingual Semantic Shapes	topic	2	0.512592	0.272727	vtt:ngram:5:0030	and embedding spaces, they are finding out some really cool things recently Part	vtt_ngram_5	00:12:43.215	00:14:23.403	763.215	863.403	00:44:42.215	and embedding spaces, they are finding out some really cool things recently Particular geometric patterns are being shared among completely different models We are starting to peer into that geometric representation space that they have learned in high dimens
topics_to_vtt_windows	topic:cross-lingual-semantic-shapes	Cross-Lingual Semantic Shapes	topic	3	0.503255	0.212121	vtt:ngram:5:0038	So I put aside my naive way of finding a few columns that had useful parameters,	vtt_ngram_5	00:15:46.764	00:17:15.738	946.764	1035.738	00:47:45.764	So I put aside my naive way of finding a few columns that had useful parameters, and tried to get my head around the whole higher-dimensional geometry they are using, because it seems more fundamental If that answers your question It does exactly That paper i
topics_to_vtt_windows	topic:cross-lingual-semantic-shapes	Cross-Lingual Semantic Shapes	topic	4	0.497603	0.181818	vtt:ngram:5:0033	word groups, and semantics One thing that this project is showing is that this i	vtt_ngram_5	00:13:48.553	00:15:46.725	828.553	946.725	00:45:47.553	word groups, and semantics One thing that this project is showing is that this is a kind of language I’m looking at Dining, Great Fire, and Prize Goods and there is a certain visual theme and linguistic theme to it I’m curious because you have clearly operate
topics_to_vtt_windows	topic:cross-lingual-semantic-shapes	Cross-Lingual Semantic Shapes	topic	5	0.494958	0.181818	vtt:ngram:5:0032	of an article I saw on Hacker News or somewhere around there It was an arXiv pap	vtt_ngram_5	00:13:31.348	00:15:17.327	811.348	917.327	00:45:30.348	of an article I saw on Hacker News or somewhere around there It was an arXiv paper, and it talked about that very thing Researchers had found that across a number of languages there was a very definite pattern to certain words word groups, and semantics One t
topics_to_vtt_windows	topic:person-specific-meaning	Person-Specific Meaning	topic	1	0.387162	0.3	vtt:ngram:5:0034	I’m curious because you have clearly operated on this from different texts and d	vtt_ngram_5	00:14:05.193	00:16:16.048	845.193	976.048	00:46:04.193	I’m curious because you have clearly operated on this from different texts and different spaces Have you seen linguistic patterns in the way you have built this out Have you tried to visualise that For instance, in this case Dining means this but for another
topics_to_vtt_windows	topic:person-specific-meaning	Person-Specific Meaning	topic	2	0.382559	0.3	vtt:ngram:5:0006	But then we have to tweak all kinds of fiddly variables to keep the semantic int	vtt_ngram_5	00:02:06.681	00:04:58.331	126.681	298.331	00:34:05.681	But then we have to tweak all kinds of fiddly variables to keep the semantic integrity authentic It is also a bit of a kludge to switch to a different kind of algorithm at presentation time without any consideration of the semantic embeddings themselves I hav
topics_to_vtt_windows	topic:person-specific-meaning	Person-Specific Meaning	topic	3	0.381633	0.3	vtt:ngram:5:0033	word groups, and semantics One thing that this project is showing is that this i	vtt_ngram_5	00:13:48.553	00:15:46.725	828.553	946.725	00:45:47.553	word groups, and semantics One thing that this project is showing is that this is a kind of language I’m looking at Dining, Great Fire, and Prize Goods and there is a certain visual theme and linguistic theme to it I’m curious because you have clearly operate
topics_to_vtt_windows	topic:person-specific-meaning	Person-Specific Meaning	topic	4	0.378117	0.325	vtt:ngram:5:0035	but for another person Dining means that Have you been able to express that at a	vtt_ngram_5	00:14:23.433	00:16:32.003	863.433	992.003	00:46:22.433	but for another person Dining means that Have you been able to express that at all One thing I was looking into was whether I could use off-the-shelf MiniLM embeddings to do salience prediction by extracting a few dimensions and maybe multiplying some of them
topics_to_vtt_windows	topic:person-specific-meaning	Person-Specific Meaning	topic	5	0.37782	0.275	vtt:ngram:5:0007	process happens in multiple stages, but those stages are aware of the semantic r	vtt_ngram_5	00:02:47.665	00:05:28.913	167.665	328.913	00:34:46.665	process happens in multiple stages, but those stages are aware of the semantic relationships between the nodes They use those relationships to find a good non-overlapping position for the nodes That gets us something a bit like this It has no overlap, which i
topics_to_vtt_windows	topic:manifold-steering	Manifold Steering	topic	1	0.615617	0.222222	vtt:ngram:5:0037	really efficient way Then the Manifold Steering paper came out It basically show	vtt_ngram_5	00:15:17.357	00:17:01.386	917.357	1021.386	00:47:16.357	really efficient way Then the Manifold Steering paper came out It basically showed things like different dates mapping to a particular shape inside large language models They look at things like weekdays in different language models corresponding to certain s
topics_to_vtt_windows	topic:manifold-steering	Manifold Steering	topic	2	0.588953	0.194444	vtt:ngram:5:0036	That worked pretty well I would have a data set of different kinds of life event	vtt_ngram_5	00:14:53.344	00:16:44.675	893.344	1004.675	00:46:52.344	That worked pretty well I would have a data set of different kinds of life events at different scales Then we could zoom in on ways to slice the normal embeddings we get for a piece of text and use that to predict something like salience in a really efficient
topics_to_vtt_windows	topic:manifold-steering	Manifold Steering	topic	3	0.548027	0.222222	vtt:ngram:5:0035	but for another person Dining means that Have you been able to express that at a	vtt_ngram_5	00:14:23.433	00:16:32.003	863.433	992.003	00:46:22.433	but for another person Dining means that Have you been able to express that at all One thing I was looking into was whether I could use off-the-shelf MiniLM embeddings to do salience prediction by extracting a few dimensions and maybe multiplying some of them
topics_to_vtt_windows	topic:manifold-steering	Manifold Steering	topic	4	0.528967	0.222222	vtt:ngram:5:0034	I’m curious because you have clearly operated on this from different texts and d	vtt_ngram_5	00:14:05.193	00:16:16.048	845.193	976.048	00:46:04.193	I’m curious because you have clearly operated on this from different texts and different spaces Have you seen linguistic patterns in the way you have built this out Have you tried to visualise that For instance, in this case Dining means this but for another
topics_to_vtt_windows	topic:manifold-steering	Manifold Steering	topic	5	0.472547	0.222222	vtt:ngram:5:0028	I have not done that yet I do not have it saying, for example that this belongs 	vtt_ngram_5	00:12:09.299	00:13:48.333	729.299	828.333	00:44:08.299	I have not done that yet I do not have it saying, for example that this belongs to a work cluster I do not have that kind of membership information at the moment, but it is doable Just looking at the 2D screen, I guess something like a Voronoi map would be th
topics_to_vtt_windows	topic:calendar-concept-shapes	Calendar Concept Shapes	topic	1	0.483841	0.282051	vtt:ngram:5:0037	really efficient way Then the Manifold Steering paper came out It basically show	vtt_ngram_5	00:15:17.357	00:17:01.386	917.357	1021.386	00:47:16.357	really efficient way Then the Manifold Steering paper came out It basically showed things like different dates mapping to a particular shape inside large language models They look at things like weekdays in different language models corresponding to certain s
topics_to_vtt_windows	topic:calendar-concept-shapes	Calendar Concept Shapes	topic	2	0.460617	0.282051	vtt:ngram:5:0036	That worked pretty well I would have a data set of different kinds of life event	vtt_ngram_5	00:14:53.344	00:16:44.675	893.344	1004.675	00:46:52.344	That worked pretty well I would have a data set of different kinds of life events at different scales Then we could zoom in on ways to slice the normal embeddings we get for a piece of text and use that to predict something like salience in a really efficient
topics_to_vtt_windows	topic:calendar-concept-shapes	Calendar Concept Shapes	topic	3	0.429872	0.358974	vtt:ngram:5:0026	But in an actual 2D space, things also have dimensions They have shapes We also 	vtt_ngram_5	00:11:30.422	00:13:05.943	690.422	785.943	00:43:29.422	But in an actual 2D space, things also have dimensions They have shapes We also think in categories On the screen, in a user interface many of those things could be grouped together by putting them in a box, or surrounding them with a line That is how many mi
topics_to_vtt_windows	topic:calendar-concept-shapes	Calendar Concept Shapes	topic	4	0.425277	0.205128	vtt:ngram:5:0038	So I put aside my naive way of finding a few columns that had useful parameters,	vtt_ngram_5	00:15:46.764	00:17:15.738	946.764	1035.738	00:47:45.764	So I put aside my naive way of finding a few columns that had useful parameters, and tried to get my head around the whole higher-dimensional geometry they are using, because it seems more fundamental If that answers your question It does exactly That paper i
topics_to_vtt_windows	topic:calendar-concept-shapes	Calendar Concept Shapes	topic	5	0.390114	0.282051	vtt:ngram:5:0035	but for another person Dining means that Have you been able to express that at a	vtt_ngram_5	00:14:23.433	00:16:32.003	863.433	992.003	00:46:22.433	but for another person Dining means that Have you been able to express that at all One thing I was looking into was whether I could use off-the-shelf MiniLM embeddings to do salience prediction by extracting a few dimensions and maybe multiplying some of them
topics_to_vtt_windows	topic:interpretability-and-ai-safety	Interpretability and AI Safety	topic	1	0.516167	0.157895	vtt:ngram:5:0031	People are interested in that from a machine-learning interpretability and safet	vtt_ngram_5	00:13:07.881	00:14:51.756	787.881	891.756	00:45:06.881	People are interested in that from a machine-learning interpretability and safety perspective as well Thanks We have time for one more question I have a quick one too That last point about high dimensionality and language reminds me of an article I saw on Hac
topics_to_vtt_windows	topic:interpretability-and-ai-safety	Interpretability and AI Safety	topic	2	0.474394	0.184211	vtt:ngram:5:0030	and embedding spaces, they are finding out some really cool things recently Part	vtt_ngram_5	00:12:43.215	00:14:23.403	763.215	863.403	00:44:42.215	and embedding spaces, they are finding out some really cool things recently Particular geometric patterns are being shared among completely different models We are starting to peer into that geometric representation space that they have learned in high dimens
topics_to_vtt_windows	topic:interpretability-and-ai-safety	Interpretability and AI Safety	topic	3	0.452984	0.236842	vtt:ngram:5:0029	a Voronoi map would be the easiest approach But there is this underlying structu	vtt_ngram_5	00:12:23.669	00:14:03.079	743.669	843.079	00:44:22.669	a Voronoi map would be the easiest approach But there is this underlying structure in the projection where different sections of the embedding space occupy different parts of the screen Yes In terms of what people are doing with pretrained models and embeddin
topics_to_vtt_windows	topic:interpretability-and-ai-safety	Interpretability and AI Safety	topic	4	0.448778	0.263158	vtt:ngram:5:0028	I have not done that yet I do not have it saying, for example that this belongs 	vtt_ngram_5	00:12:09.299	00:13:48.333	729.299	828.333	00:44:08.299	I have not done that yet I do not have it saying, for example that this belongs to a work cluster I do not have that kind of membership information at the moment, but it is doable Just looking at the 2D screen, I guess something like a Voronoi map would be th
topics_to_vtt_windows	topic:interpretability-and-ai-safety	Interpretability and AI Safety	topic	5	0.437767	0.315789	vtt:ngram:5:0027	line That is how many mind maps are presented Are there any ways of quantifying 	vtt_ngram_5	00:11:49.575	00:13:31.318	709.575	811.318	00:43:48.575	line That is how many mind maps are presented Are there any ways of quantifying the size of those embeddings on screen, so they are not just points and can be assigned a region of space Yes, that definitely could be done I have not done that yet I do not have
topics_to_vtt_windows	topic:visual-language-grammar	Visual Language Grammar	topic	1	0.598816	0.315789	vtt:ngram:5:0041	This is really cool to see It shows how it works on the data side Thank you Very	vtt_ngram_5	00:16:44.705	00:18:37.968	1004.705	1117.968	00:48:43.705	This is really cool to see It shows how it works on the data side Thank you Very cool I also love to point to Bob Horn Robert Horn, who coined the term visual language or at least popularised it He wrote a book about it He is a wise elder gentleman who lives
topics_to_vtt_windows	topic:visual-language-grammar	Visual Language Grammar	topic	2	0.574615	0.342105	vtt:ngram:5:0043	Maybe a decade ago, he published some really cool PDFs to archive.org, after the	vtt_ngram_5	00:17:18.847	00:19:29.365	1038.847	1169.365	00:49:17.847	Maybe a decade ago, he published some really cool PDFs to archive.org, after they had already scanned his visual language book He has a very clear walkthrough of how this can make sense between us How can somebody have an inkling of what this is about by look
topics_to_vtt_windows	topic:visual-language-grammar	Visual Language Grammar	topic	3	0.572852	0.342105	vtt:ngram:5:0044	about by looking at it, without actually knowing about Pepys and his life There 	vtt_ngram_5	00:17:48.237	00:19:52.373	1068.237	1192.373	00:49:47.237	about by looking at it, without actually knowing about Pepys and his life There are a whole load of language components that he talks about and explains why it is important to have text why it is important to have visuals how they fit together, and what level
topics_to_vtt_windows	topic:visual-language-grammar	Visual Language Grammar	topic	4	0.562377	0.263158	vtt:ngram:5:0040	When I am talking to you and I can see that shape, that is another dimension we 	vtt_ngram_5	00:16:32.044	00:18:14.009	992.044	1094.009	00:48:31.044	When I am talking to you and I can see that shape, that is another dimension we can communicate across That is very much why I am trying to build my whole system What you are describing is that we need a visual medium for it This is really cool to see It show
topics_to_vtt_windows	topic:visual-language-grammar	Visual Language Grammar	topic	5	0.549617	0.236842	vtt:ngram:5:0039	That paper is perfect We are finding that things have a definitive shape Whether	vtt_ngram_5	00:16:16.066	00:17:48.207	976.066	1068.207	00:48:15.066	That paper is perfect We are finding that things have a definitive shape Whether I am speaking Italian, German, French English, or some weird mixture, if I say a word like good, bad, evil, or positive, it is going to have some kind of shape When I am talking
topics_to_vtt_windows	topic:robert-horn-visual-language	Robert Horn Visual Language	topic	1	0.732469	0.324324	vtt:ngram:5:0041	This is really cool to see It shows how it works on the data side Thank you Very	vtt_ngram_5	00:16:44.705	00:18:37.968	1004.705	1117.968	00:48:43.705	This is really cool to see It shows how it works on the data side Thank you Very cool I also love to point to Bob Horn Robert Horn, who coined the term visual language or at least popularised it He wrote a book about it He is a wise elder gentleman who lives
topics_to_vtt_windows	topic:robert-horn-visual-language	Robert Horn Visual Language	topic	2	0.704373	0.324324	vtt:ngram:5:0040	When I am talking to you and I can see that shape, that is another dimension we 	vtt_ngram_5	00:16:32.044	00:18:14.009	992.044	1094.009	00:48:31.044	When I am talking to you and I can see that shape, that is another dimension we can communicate across That is very much why I am trying to build my whole system What you are describing is that we need a visual medium for it This is really cool to see It show
topics_to_vtt_windows	topic:robert-horn-visual-language	Robert Horn Visual Language	topic	3	0.641682	0.297297	vtt:ngram:5:0039	That paper is perfect We are finding that things have a definitive shape Whether	vtt_ngram_5	00:16:16.066	00:17:48.207	976.066	1068.207	00:48:15.066	That paper is perfect We are finding that things have a definitive shape Whether I am speaking Italian, German, French English, or some weird mixture, if I say a word like good, bad, evil, or positive, it is going to have some kind of shape When I am talking
topics_to_vtt_windows	topic:robert-horn-visual-language	Robert Horn Visual Language	topic	4	0.566714	0.297297	vtt:ngram:5:0038	So I put aside my naive way of finding a few columns that had useful parameters,	vtt_ngram_5	00:15:46.764	00:17:15.738	946.764	1035.738	00:47:45.764	So I put aside my naive way of finding a few columns that had useful parameters, and tried to get my head around the whole higher-dimensional geometry they are using, because it seems more fundamental If that answers your question It does exactly That paper i
topics_to_vtt_windows	topic:robert-horn-visual-language	Robert Horn Visual Language	topic	5	0.548689	0.324324	vtt:ngram:5:0043	Maybe a decade ago, he published some really cool PDFs to archive.org, after the	vtt_ngram_5	00:17:18.847	00:19:29.365	1038.847	1169.365	00:49:17.847	Maybe a decade ago, he published some really cool PDFs to archive.org, after they had already scanned his visual language book He has a very clear walkthrough of how this can make sense between us How can somebody have an inkling of what this is about by look
topics_to_vtt_windows	topic:information-murals-and-mess-maps	Information Murals and Mess Maps	topic	1	0.506081	0.228571	vtt:ngram:5:0045	how they fit together, and what level of abstraction works His book is probably 	vtt_ngram_5	00:18:14.048	00:20:11.681	1094.048	1211.681	00:50:13.048	how they fit together, and what level of abstraction works His book is probably from the 1980s or 1990s I do not know how well-known it is but it is out there on archive.org and he posted it as himself I encourage people who are wondering about the grammar of
topics_to_vtt_windows	topic:information-murals-and-mess-maps	Information Murals and Mess Maps	topic	2	0.498031	0.2	vtt:ngram:5:0046	visual language to check that out, because he has thought about this stuff a lot	vtt_ngram_5	00:18:37.998	00:20:17.599	1117.998	1217.599	00:50:36.998	visual language to check that out, because he has thought about this stuff a lot People have been using this kind of thing actively for things like studying pandemics How do we communicate with hundreds of different people who have different specialisms in di
topics_to_vtt_windows	topic:information-murals-and-mess-maps	Information Murals and Mess Maps	topic	3	0.488149	0.257143	vtt:ngram:5:0044	about by looking at it, without actually knowing about Pepys and his life There 	vtt_ngram_5	00:17:48.237	00:19:52.373	1068.237	1192.373	00:49:47.237	about by looking at it, without actually knowing about Pepys and his life There are a whole load of language components that he talks about and explains why it is important to have text why it is important to have visuals how they fit together, and what level
topics_to_vtt_windows	topic:information-murals-and-mess-maps	Information Murals and Mess Maps	topic	4	0.482243	0.228571	vtt:ngram:5:0001	Hello I’m interested in the problem of how we as human beings, can get a good me	vtt_ngram_5	00:00:00.838	00:02:06.651	0.838	126.651	00:31:59.838	Hello I’m interested in the problem of how we as human beings, can get a good mental model of what is going on I want to understand things and make use of our high-bandwidth visual centres, which are very good at interpreting information efficiently I’m inter
topics_to_vtt_windows	topic:information-murals-and-mess-maps	Information Murals and Mess Maps	topic	5	0.476806	0.257143	vtt:ngram:5:0043	Maybe a decade ago, he published some really cool PDFs to archive.org, after the	vtt_ngram_5	00:17:18.847	00:19:29.365	1038.847	1169.365	00:49:17.847	Maybe a decade ago, he published some really cool PDFs to archive.org, after they had already scanned his visual language book He has a very clear walkthrough of how this can make sense between us How can somebody have an inkling of what this is about by look
topics_to_vtt_windows	topic:cross-specialist-collaboration	Cross-Specialist Collaboration	topic	1	0.508988	0.230769	vtt:ngram:5:0046	visual language to check that out, because he has thought about this stuff a lot	vtt_ngram_5	00:18:37.998	00:20:17.599	1117.998	1217.599	00:50:36.998	visual language to check that out, because he has thought about this stuff a lot People have been using this kind of thing actively for things like studying pandemics How do we communicate with hundreds of different people who have different specialisms in di
topics_to_vtt_windows	topic:cross-specialist-collaboration	Cross-Specialist Collaboration	topic	2	0.474	0.230769	vtt:ngram:5:0045	how they fit together, and what level of abstraction works His book is probably 	vtt_ngram_5	00:18:14.048	00:20:11.681	1094.048	1211.681	00:50:13.048	how they fit together, and what level of abstraction works His book is probably from the 1980s or 1990s I do not know how well-known it is but it is out there on archive.org and he posted it as himself I encourage people who are wondering about the grammar of
topics_to_vtt_windows	topic:cross-specialist-collaboration	Cross-Specialist Collaboration	topic	3	0.418321	0.282051	vtt:ngram:5:0043	Maybe a decade ago, he published some really cool PDFs to archive.org, after the	vtt_ngram_5	00:17:18.847	00:19:29.365	1038.847	1169.365	00:49:17.847	Maybe a decade ago, he published some really cool PDFs to archive.org, after they had already scanned his visual language book He has a very clear walkthrough of how this can make sense between us How can somebody have an inkling of what this is about by look
topics_to_vtt_windows	topic:cross-specialist-collaboration	Cross-Specialist Collaboration	topic	4	0.40525	0.205128	vtt:ngram:5:0001	Hello I’m interested in the problem of how we as human beings, can get a good me	vtt_ngram_5	00:00:00.838	00:02:06.651	0.838	126.651	00:31:59.838	Hello I’m interested in the problem of how we as human beings, can get a good mental model of what is going on I want to understand things and make use of our high-bandwidth visual centres, which are very good at interpreting information efficiently I’m inter
topics_to_vtt_windows	topic:cross-specialist-collaboration	Cross-Specialist Collaboration	topic	5	0.403396	0.25641	vtt:ngram:5:0044	about by looking at it, without actually knowing about Pepys and his life There 	vtt_ngram_5	00:17:48.237	00:19:52.373	1068.237	1192.373	00:49:47.237	about by looking at it, without actually knowing about Pepys and his life There are a whole load of language components that he talks about and explains why it is important to have text why it is important to have visuals how they fit together, and what level
topics_to_vtt_windows	topic:pandemic-and-biorisk-collaboration	Pandemic and Biorisk Collaboration	topic	1	0.602679	0.111111	vtt:ngram:5:0046	visual language to check that out, because he has thought about this stuff a lot	vtt_ngram_5	00:18:37.998	00:20:17.599	1117.998	1217.599	00:50:36.998	visual language to check that out, because he has thought about this stuff a lot People have been using this kind of thing actively for things like studying pandemics How do we communicate with hundreds of different people who have different specialisms in di
topics_to_vtt_windows	topic:pandemic-and-biorisk-collaboration	Pandemic and Biorisk Collaboration	topic	2	0.532848	0.111111	vtt:ngram:5:0045	how they fit together, and what level of abstraction works His book is probably 	vtt_ngram_5	00:18:14.048	00:20:11.681	1094.048	1211.681	00:50:13.048	how they fit together, and what level of abstraction works His book is probably from the 1980s or 1990s I do not know how well-known it is but it is out there on archive.org and he posted it as himself I encourage people who are wondering about the grammar of
topics_to_vtt_windows	topic:pandemic-and-biorisk-collaboration	Pandemic and Biorisk Collaboration	topic	3	0.434406	0.138889	vtt:ngram:5:0043	Maybe a decade ago, he published some really cool PDFs to archive.org, after the	vtt_ngram_5	00:17:18.847	00:19:29.365	1038.847	1169.365	00:49:17.847	Maybe a decade ago, he published some really cool PDFs to archive.org, after they had already scanned his visual language book He has a very clear walkthrough of how this can make sense between us How can somebody have an inkling of what this is about by look
topics_to_vtt_windows	topic:pandemic-and-biorisk-collaboration	Pandemic and Biorisk Collaboration	topic	4	0.423926	0.111111	vtt:ngram:5:0044	about by looking at it, without actually knowing about Pepys and his life There 	vtt_ngram_5	00:17:48.237	00:19:52.373	1068.237	1192.373	00:49:47.237	about by looking at it, without actually knowing about Pepys and his life There are a whole load of language components that he talks about and explains why it is important to have text why it is important to have visuals how they fit together, and what level
topics_to_vtt_windows	topic:pandemic-and-biorisk-collaboration	Pandemic and Biorisk Collaboration	topic	5	0.323391	0.111111	vtt:ngram:5:0001	Hello I’m interested in the problem of how we as human beings, can get a good me	vtt_ngram_5	00:00:00.838	00:02:06.651	0.838	126.651	00:31:59.838	Hello I’m interested in the problem of how we as human beings, can get a good mental model of what is going on I want to understand things and make use of our high-bandwidth visual centres, which are very good at interpreting information efficiently I’m inter
topics_to_vtt_windows	topic:collective-sensemaking-tools	Collective Sensemaking Tools	topic	1	0.430989	0.176471	vtt:ngram:5:0046	visual language to check that out, because he has thought about this stuff a lot	vtt_ngram_5	00:18:37.998	00:20:17.599	1117.998	1217.599	00:50:36.998	visual language to check that out, because he has thought about this stuff a lot People have been using this kind of thing actively for things like studying pandemics How do we communicate with hundreds of different people who have different specialisms in di
topics_to_vtt_windows	topic:collective-sensemaking-tools	Collective Sensemaking Tools	topic	2	0.402497	0.205882	vtt:ngram:5:0045	how they fit together, and what level of abstraction works His book is probably 	vtt_ngram_5	00:18:14.048	00:20:11.681	1094.048	1211.681	00:50:13.048	how they fit together, and what level of abstraction works His book is probably from the 1980s or 1990s I do not know how well-known it is but it is out there on archive.org and he posted it as himself I encourage people who are wondering about the grammar of
topics_to_vtt_windows	topic:collective-sensemaking-tools	Collective Sensemaking Tools	topic	3	0.370467	0.117647	vtt:ngram:5:0001	Hello I’m interested in the problem of how we as human beings, can get a good me	vtt_ngram_5	00:00:00.838	00:02:06.651	0.838	126.651	00:31:59.838	Hello I’m interested in the problem of how we as human beings, can get a good mental model of what is going on I want to understand things and make use of our high-bandwidth visual centres, which are very good at interpreting information efficiently I’m inter
topics_to_vtt_windows	topic:collective-sensemaking-tools	Collective Sensemaking Tools	topic	4	0.368469	0.205882	vtt:ngram:5:0033	word groups, and semantics One thing that this project is showing is that this i	vtt_ngram_5	00:13:48.553	00:15:46.725	828.553	946.725	00:45:47.553	word groups, and semantics One thing that this project is showing is that this is a kind of language I’m looking at Dining, Great Fire, and Prize Goods and there is a certain visual theme and linguistic theme to it I’m curious because you have clearly operate
topics_to_vtt_windows	topic:collective-sensemaking-tools	Collective Sensemaking Tools	topic	5	0.364204	0.147059	vtt:ngram:5:0010	Gold fits into a psychological kind of cluster for him Likewise, his main occupa	vtt_ngram_5	00:04:26.415	00:06:53.046	266.415	413.046	00:36:25.415	Gold fits into a psychological kind of cluster for him Likewise, his main occupational duties are in a place, and there is a Navy cluster There is also the Great Fire of London with a fittingly emptier area around it So the semantic integrity is good, but it
topics_to_vtt_windows	topic:new-media-grammar	New Media Grammar	topic	1	0.485083	0.27027	vtt:ngram:5:0045	how they fit together, and what level of abstraction works His book is probably 	vtt_ngram_5	00:18:14.048	00:20:11.681	1094.048	1211.681	00:50:13.048	how they fit together, and what level of abstraction works His book is probably from the 1980s or 1990s I do not know how well-known it is but it is out there on archive.org and he posted it as himself I encourage people who are wondering about the grammar of
topics_to_vtt_windows	topic:new-media-grammar	New Media Grammar	topic	2	0.45833	0.27027	vtt:ngram:5:0044	about by looking at it, without actually knowing about Pepys and his life There 	vtt_ngram_5	00:17:48.237	00:19:52.373	1068.237	1192.373	00:49:47.237	about by looking at it, without actually knowing about Pepys and his life There are a whole load of language components that he talks about and explains why it is important to have text why it is important to have visuals how they fit together, and what level
topics_to_vtt_windows	topic:new-media-grammar	New Media Grammar	topic	3	0.43796	0.243243	vtt:ngram:5:0046	visual language to check that out, because he has thought about this stuff a lot	vtt_ngram_5	00:18:37.998	00:20:17.599	1117.998	1217.599	00:50:36.998	visual language to check that out, because he has thought about this stuff a lot People have been using this kind of thing actively for things like studying pandemics How do we communicate with hundreds of different people who have different specialisms in di
topics_to_vtt_windows	topic:new-media-grammar	New Media Grammar	topic	4	0.422266	0.216216	vtt:ngram:5:0043	Maybe a decade ago, he published some really cool PDFs to archive.org, after the	vtt_ngram_5	00:17:18.847	00:19:29.365	1038.847	1169.365	00:49:17.847	Maybe a decade ago, he published some really cool PDFs to archive.org, after they had already scanned his visual language book He has a very clear walkthrough of how this can make sense between us How can somebody have an inkling of what this is about by look
topics_to_vtt_windows	topic:new-media-grammar	New Media Grammar	topic	5	0.420658	0.189189	vtt:ngram:5:0039	That paper is perfect We are finding that things have a definitive shape Whether	vtt_ngram_5	00:16:16.066	00:17:48.207	976.066	1068.207	00:48:15.066	That paper is perfect We are finding that things have a definitive shape Whether I am speaking Italian, German, French English, or some weird mixture, if I say a word like good, bad, evil, or positive, it is going to have some kind of shape When I am talking
topics_to_vtt_windows	topic:samuel-pepys-life-map	Samuel Pepys Life Map	topic	1	0.598413	0.416667	vtt:ngram:5:0008	These topics are from Samuel Pepys’s life and the things in it I took them from 	vtt_ngram_5	00:03:17.546	00:05:54.948	197.546	354.948	00:35:16.546	These topics are from Samuel Pepys’s life and the things in it I took them from a manually made list This is a lot better The semantic integrity is actually quite good For example, there is the bladder stone surgery he had The stone was a personal concern of
topics_to_vtt_windows	topic:samuel-pepys-life-map	Samuel Pepys Life Map	topic	2	0.541443	0.361111	vtt:ngram:5:0007	process happens in multiple stages, but those stages are aware of the semantic r	vtt_ngram_5	00:02:47.665	00:05:28.913	167.665	328.913	00:34:46.665	process happens in multiple stages, but those stages are aware of the semantic relationships between the nodes They use those relationships to find a good non-overlapping position for the nodes That gets us something a bit like this It has no overlap, which i
topics_to_vtt_windows	topic:samuel-pepys-life-map	Samuel Pepys Life Map	topic	3	0.47223	0.361111	vtt:ngram:5:0044	about by looking at it, without actually knowing about Pepys and his life There 	vtt_ngram_5	00:17:48.237	00:19:52.373	1068.237	1192.373	00:49:47.237	about by looking at it, without actually knowing about Pepys and his life There are a whole load of language components that he talks about and explains why it is important to have text why it is important to have visuals how they fit together, and what level
topics_to_vtt_windows	topic:samuel-pepys-life-map	Samuel Pepys Life Map	topic	4	0.464149	0.333333	vtt:ngram:5:0006	But then we have to tweak all kinds of fiddly variables to keep the semantic int	vtt_ngram_5	00:02:06.681	00:04:58.331	126.681	298.331	00:34:05.681	But then we have to tweak all kinds of fiddly variables to keep the semantic integrity authentic It is also a bit of a kludge to switch to a different kind of algorithm at presentation time without any consideration of the semantic embeddings themselves I hav
topics_to_vtt_windows	topic:samuel-pepys-life-map	Samuel Pepys Life Map	topic	5	0.447745	0.388889	vtt:ngram:5:0014	loosely related to some people in this area through gossip She is not as central	vtt_ngram_5	00:06:25.199	00:08:16.171	385.199	496.171	00:38:24.199	loosely related to some people in this area through gossip She is not as central to Pepys’s life Her centrality is low, but she is still an interesting figure She is not at full opacity, because she is not worth foregrounding from the broad overview perspecti
topics_to_vtt_windows	topic:biographical-salience	Biographical Salience	topic	1	0.46525	0.368421	vtt:ngram:5:0013	There is a lot that could be done I do have large-language-model-generated salie	vtt_ngram_5	00:05:54.978	00:07:59.307	354.978	479.307	00:37:53.978	There is a lot that could be done I do have large-language-model-generated salience scores for some of the topics I use those to adjust the scale and opacity of some nodes For instance, there is a woman who was loosely related to some people in this area thro
topics_to_vtt_windows	topic:biographical-salience	Biographical Salience	topic	2	0.431548	0.368421	vtt:ngram:5:0012	That probably helps a little bit What would be more useful is a zoomable user in	vtt_ngram_5	00:05:28.937	00:07:43.618	328.937	463.618	00:37:27.937	That probably helps a little bit What would be more useful is a zoomable user interface where we can look at different things at different levels and see different zoom states, very much like what Ivan Lugo was talking about earlier I have not done much with
topics_to_vtt_windows	topic:biographical-salience	Biographical Salience	topic	3	0.408454	0.342105	vtt:ngram:5:0010	Gold fits into a psychological kind of cluster for him Likewise, his main occupa	vtt_ngram_5	00:04:26.415	00:06:53.046	266.415	413.046	00:36:25.415	Gold fits into a psychological kind of cluster for him Likewise, his main occupational duties are in a place, and there is a Navy cluster There is also the Great Fire of London with a fittingly emptier area around it So the semantic integrity is good, but it
topics_to_vtt_windows	topic:biographical-salience	Biographical Salience	topic	4	0.404744	0.342105	vtt:ngram:5:0011	with a fittingly emptier area around it So the semantic integrity is good, but i	vtt_ngram_5	00:04:59.694	00:07:20.445	299.694	440.445	00:36:58.694	with a fittingly emptier area around it So the semantic integrity is good, but it is still not very intuitive These days we have image generators, so I semi-manually and semi-automatically generated icons for the topics That probably helps a little bit What w
topics_to_vtt_windows	topic:biographical-salience	Biographical Salience	topic	5	0.398612	0.368421	vtt:ngram:5:0014	loosely related to some people in this area through gossip She is not as central	vtt_ngram_5	00:06:25.199	00:08:16.171	385.199	496.171	00:38:24.199	loosely related to some people in this area through gossip She is not as central to Pepys’s life Her centrality is low, but she is still an interesting figure She is not at full opacity, because she is not worth foregrounding from the broad overview perspecti
topics_to_vtt_windows	topic:pepys-medical-anxiety	Pepys Medical Anxiety	topic	1	0.511533	0.4	vtt:ngram:5:0008	These topics are from Samuel Pepys’s life and the things in it I took them from 	vtt_ngram_5	00:03:17.546	00:05:54.948	197.546	354.948	00:35:16.546	These topics are from Samuel Pepys’s life and the things in it I took them from a manually made list This is a lot better The semantic integrity is actually quite good For example, there is the bladder stone surgery he had The stone was a personal concern of
topics_to_vtt_windows	topic:pepys-medical-anxiety	Pepys Medical Anxiety	topic	2	0.419949	0.425	vtt:ngram:5:0007	process happens in multiple stages, but those stages are aware of the semantic r	vtt_ngram_5	00:02:47.665	00:05:28.913	167.665	328.913	00:34:46.665	process happens in multiple stages, but those stages are aware of the semantic relationships between the nodes They use those relationships to find a good non-overlapping position for the nodes That gets us something a bit like this It has no overlap, which i
topics_to_vtt_windows	topic:pepys-medical-anxiety	Pepys Medical Anxiety	topic	3	0.379993	0.45	vtt:ngram:5:0006	But then we have to tweak all kinds of fiddly variables to keep the semantic int	vtt_ngram_5	00:02:06.681	00:04:58.331	126.681	298.331	00:34:05.681	But then we have to tweak all kinds of fiddly variables to keep the semantic integrity authentic It is also a bit of a kludge to switch to a different kind of algorithm at presentation time without any consideration of the semantic embeddings themselves I hav
topics_to_vtt_windows	topic:pepys-medical-anxiety	Pepys Medical Anxiety	topic	4	0.376074	0.275	vtt:ngram:5:0044	about by looking at it, without actually knowing about Pepys and his life There 	vtt_ngram_5	00:17:48.237	00:19:52.373	1068.237	1192.373	00:49:47.237	about by looking at it, without actually knowing about Pepys and his life There are a whole load of language components that he talks about and explains why it is important to have text why it is important to have visuals how they fit together, and what level
topics_to_vtt_windows	topic:pepys-medical-anxiety	Pepys Medical Anxiety	topic	5	0.364483	0.275	vtt:ngram:5:0009	stone surgery he had The stone was a personal concern of his He had frequent pai	vtt_ngram_5	00:03:52.039	00:06:25.169	232.039	385.169	00:35:51.039	stone surgery he had The stone was a personal concern of his He had frequent pains, especially when he got cold, and it became one of his anxious preoccupations Another one is gold Gold fits into a psychological kind of cluster for him Likewise, his main occu
topics_to_vtt_windows	topic:pepys-work-and-institutions	Pepys Work and Institutions	topic	1	0.494022	0.277778	vtt:ngram:5:0008	These topics are from Samuel Pepys’s life and the things in it I took them from 	vtt_ngram_5	00:03:17.546	00:05:54.948	197.546	354.948	00:35:16.546	These topics are from Samuel Pepys’s life and the things in it I took them from a manually made list This is a lot better The semantic integrity is actually quite good For example, there is the bladder stone surgery he had The stone was a personal concern of
topics_to_vtt_windows	topic:pepys-work-and-institutions	Pepys Work and Institutions	topic	2	0.451714	0.305556	vtt:ngram:5:0007	process happens in multiple stages, but those stages are aware of the semantic r	vtt_ngram_5	00:02:47.665	00:05:28.913	167.665	328.913	00:34:46.665	process happens in multiple stages, but those stages are aware of the semantic relationships between the nodes They use those relationships to find a good non-overlapping position for the nodes That gets us something a bit like this It has no overlap, which i
topics_to_vtt_windows	topic:pepys-work-and-institutions	Pepys Work and Institutions	topic	3	0.392479	0.222222	vtt:ngram:5:0044	about by looking at it, without actually knowing about Pepys and his life There 	vtt_ngram_5	00:17:48.237	00:19:52.373	1068.237	1192.373	00:49:47.237	about by looking at it, without actually knowing about Pepys and his life There are a whole load of language components that he talks about and explains why it is important to have text why it is important to have visuals how they fit together, and what level
topics_to_vtt_windows	topic:pepys-work-and-institutions	Pepys Work and Institutions	topic	4	0.389724	0.305556	vtt:ngram:5:0006	But then we have to tweak all kinds of fiddly variables to keep the semantic int	vtt_ngram_5	00:02:06.681	00:04:58.331	126.681	298.331	00:34:05.681	But then we have to tweak all kinds of fiddly variables to keep the semantic integrity authentic It is also a bit of a kludge to switch to a different kind of algorithm at presentation time without any consideration of the semantic embeddings themselves I hav
topics_to_vtt_windows	topic:pepys-work-and-institutions	Pepys Work and Institutions	topic	5	0.379053	0.305556	vtt:ngram:5:0010	Gold fits into a psychological kind of cluster for him Likewise, his main occupa	vtt_ngram_5	00:04:26.415	00:06:53.046	266.415	413.046	00:36:25.415	Gold fits into a psychological kind of cluster for him Likewise, his main occupational duties are in a place, and there is a Navy cluster There is also the Great Fire of London with a fittingly emptier area around it So the semantic integrity is good, but it
topics_to_vtt_windows	topic:historical-catastrophe-landmark	Historical Catastrophe Landmark	topic	1	0.31439	0.210526	vtt:ngram:5:0009	stone surgery he had The stone was a personal concern of his He had frequent pai	vtt_ngram_5	00:03:52.039	00:06:25.169	232.039	385.169	00:35:51.039	stone surgery he had The stone was a personal concern of his He had frequent pains, especially when he got cold, and it became one of his anxious preoccupations Another one is gold Gold fits into a psychological kind of cluster for him Likewise, his main occu
topics_to_vtt_windows	topic:historical-catastrophe-landmark	Historical Catastrophe Landmark	topic	2	0.29275	0.263158	vtt:ngram:5:0010	Gold fits into a psychological kind of cluster for him Likewise, his main occupa	vtt_ngram_5	00:04:26.415	00:06:53.046	266.415	413.046	00:36:25.415	Gold fits into a psychological kind of cluster for him Likewise, his main occupational duties are in a place, and there is a Navy cluster There is also the Great Fire of London with a fittingly emptier area around it So the semantic integrity is good, but it
topics_to_vtt_windows	topic:historical-catastrophe-landmark	Historical Catastrophe Landmark	topic	3	0.289901	0.210526	vtt:ngram:5:0008	These topics are from Samuel Pepys’s life and the things in it I took them from 	vtt_ngram_5	00:03:17.546	00:05:54.948	197.546	354.948	00:35:16.546	These topics are from Samuel Pepys’s life and the things in it I took them from a manually made list This is a lot better The semantic integrity is actually quite good For example, there is the bladder stone surgery he had The stone was a personal concern of
topics_to_vtt_windows	topic:historical-catastrophe-landmark	Historical Catastrophe Landmark	topic	4	0.281113	0.210526	vtt:ngram:5:0007	process happens in multiple stages, but those stages are aware of the semantic r	vtt_ngram_5	00:02:47.665	00:05:28.913	167.665	328.913	00:34:46.665	process happens in multiple stages, but those stages are aware of the semantic relationships between the nodes They use those relationships to find a good non-overlapping position for the nodes That gets us something a bit like this It has no overlap, which i
topics_to_vtt_windows	topic:historical-catastrophe-landmark	Historical Catastrophe Landmark	topic	5	0.267873	0.315789	vtt:ngram:5:0023	Another common problem is that the orientation can flip around whenever one of t	vtt_ngram_5	00:10:07.891	00:12:09.269	607.891	729.269	00:42:06.891	Another common problem is that the orientation can flip around whenever one of these maps is regenerated There are different ways of doing dimensionality reduction and they are often based on a random seed or on other stochastic things, that make it hard to k
topics_to_vtt_windows	topic:prototype-first-steps	Prototype First Steps	topic	1	0.290569	0.195122	vtt:ngram:5:0016	That is basically as far as I have got with that I’m going to do the thing and j	vtt_ngram_5	00:07:24.427	00:09:08.985	444.427	548.985	00:39:23.427	That is basically as far as I have got with that I’m going to do the thing and jump in with a question in the middle That’s the format I have this weird personal belief: any interface that presents information, or presents a visualisation of something is also
topics_to_vtt_windows	topic:prototype-first-steps	Prototype First Steps	topic	2	0.289832	0.219512	vtt:ngram:5:0017	information, or presents a visualisation of something is also potentially a good	vtt_ngram_5	00:07:44.079	00:09:28.845	464.079	568.845	00:39:43.079	information, or presents a visualisation of something is also potentially a good interface through which we can express something There are two sides to every interface So far, you have talked about what this interface is revealing, what it is showing, and ho
topics_to_vtt_windows	topic:prototype-first-steps	Prototype First Steps	topic	3	0.287087	0.195122	vtt:ngram:5:0039	That paper is perfect We are finding that things have a definitive shape Whether	vtt_ngram_5	00:16:16.066	00:17:48.207	976.066	1068.207	00:48:15.066	That paper is perfect We are finding that things have a definitive shape Whether I am speaking Italian, German, French English, or some weird mixture, if I say a word like good, bad, evil, or positive, it is going to have some kind of shape When I am talking
topics_to_vtt_windows	topic:prototype-first-steps	Prototype First Steps	topic	4	0.285612	0.195122	vtt:ngram:5:0007	process happens in multiple stages, but those stages are aware of the semantic r	vtt_ngram_5	00:02:47.665	00:05:28.913	167.665	328.913	00:34:46.665	process happens in multiple stages, but those stages are aware of the semantic relationships between the nodes They use those relationships to find a good non-overlapping position for the nodes That gets us something a bit like this It has no overlap, which i
topics_to_vtt_windows	topic:prototype-first-steps	Prototype First Steps	topic	5	0.285585	0.195122	vtt:ngram:5:0040	When I am talking to you and I can see that shape, that is another dimension we 	vtt_ngram_5	00:16:32.044	00:18:14.009	992.044	1094.009	00:48:31.044	When I am talking to you and I can see that shape, that is another dimension we can communicate across That is very much why I am trying to build my whole system What you are describing is that we need a visual medium for it This is really cool to see It show
topics_to_vtt_short_windows	topic:mental-model-building	Mental Model Building	topic	1	0.471793	0.282051	vtt:ngram:3:0001	Hello I’m interested in the problem of how we as human beings, can get a good me	vtt_ngram_3	00:00:00.838	00:01:18.256	0.838	78.256	00:31:59.838	Hello I’m interested in the problem of how we as human beings, can get a good mental model of what is going on I want to understand things and make use of our high-bandwidth visual centres, which are very good at interpreting information efficiently I’m inter
topics_to_vtt_short_windows	topic:mental-model-building	Mental Model Building	topic	2	0.364611	0.230769	vtt:ngram:3:0025	to ask, just unmute and go right ahead I have one question I really liked what y	vtt_ngram_3	00:11:08.621	00:12:09.269	668.621	729.269	00:43:07.621	to ask, just unmute and go right ahead I have one question I really liked what you mentioned about reverse-projecting into high-dimensional spaces Mathematicians like to simplify things into spherical cows When modelling things in 2D, we model everything as p
topics_to_vtt_short_windows	topic:mental-model-building	Mental Model Building	topic	3	0.359611	0.205128	vtt:ngram:3:0027	line That is how many mind maps are presented Are there any ways of quantifying 	vtt_ngram_3	00:11:49.575	00:12:43.185	709.575	763.185	00:43:48.575	line That is how many mind maps are presented Are there any ways of quantifying the size of those embeddings on screen, so they are not just points and can be assigned a region of space Yes, that definitely could be done I have not done that yet I do not have
topics_to_vtt_short_windows	topic:mental-model-building	Mental Model Building	topic	4	0.353268	0.230769	vtt:ngram:3:0026	But in an actual 2D space, things also have dimensions They have shapes We also 	vtt_ngram_3	00:11:30.422	00:12:23.639	690.422	743.639	00:43:29.422	But in an actual 2D space, things also have dimensions They have shapes We also think in categories On the screen, in a user interface many of those things could be grouped together by putting them in a box, or surrounding them with a line That is how many mi
topics_to_vtt_short_windows	topic:mental-model-building	Mental Model Building	topic	5	0.342484	0.230769	vtt:ngram:3:0020	That is not ideal But one cool thing it can do is project back It can let us pre	vtt_ngram_3	00:08:40.500	00:09:59.448	520.5	599.448	00:40:39.500	That is not ideal But one cool thing it can do is project back It can let us predict what high-dimensional representation or high-dimensional embedding, would make sense if for example, I put something new here What might it mean, based on everything else the
topics_to_vtt_short_windows	topic:high-bandwidth-visual-cognition	High-Bandwidth Visual Cognition	topic	1	0.573563	0.304348	vtt:ngram:3:0001	Hello I’m interested in the problem of how we as human beings, can get a good me	vtt_ngram_3	00:00:00.838	00:01:18.256	0.838	78.256	00:31:59.838	Hello I’m interested in the problem of how we as human beings, can get a good mental model of what is going on I want to understand things and make use of our high-bandwidth visual centres, which are very good at interpreting information efficiently I’m inter
topics_to_vtt_short_windows	topic:high-bandwidth-visual-cognition	High-Bandwidth Visual Cognition	topic	2	0.490961	0.23913	vtt:ngram:3:0040	When I am talking to you and I can see that shape, that is another dimension we 	vtt_ngram_3	00:16:32.044	00:17:15.738	992.044	1035.738	00:48:31.044	When I am talking to you and I can see that shape, that is another dimension we can communicate across That is very much why I am trying to build my whole system What you are describing is that we need a visual medium for it This is really cool to see It show
topics_to_vtt_short_windows	topic:high-bandwidth-visual-cognition	High-Bandwidth Visual Cognition	topic	3	0.470447	0.173913	vtt:ngram:3:0041	This is really cool to see It shows how it works on the data side Thank you Very	vtt_ngram_3	00:16:44.705	00:17:48.207	1004.705	1068.207	00:48:43.705	This is really cool to see It shows how it works on the data side Thank you Very cool I also love to point to Bob Horn Robert Horn, who coined the term visual language or at least popularised it He wrote a book about it He is a wise elder gentleman who lives
topics_to_vtt_short_windows	topic:high-bandwidth-visual-cognition	High-Bandwidth Visual Cognition	topic	4	0.458571	0.195652	vtt:ngram:3:0039	That paper is perfect We are finding that things have a definitive shape Whether	vtt_ngram_3	00:16:16.066	00:17:01.386	976.066	1021.386	00:48:15.066	That paper is perfect We are finding that things have a definitive shape Whether I am speaking Italian, German, French English, or some weird mixture, if I say a word like good, bad, evil, or positive, it is going to have some kind of shape When I am talking
topics_to_vtt_short_windows	topic:high-bandwidth-visual-cognition	High-Bandwidth Visual Cognition	topic	5	0.444998	0.195652	vtt:ngram:3:0015	worth foregrounding from the broad overview perspective of his life When I am zo	vtt_ngram_3	00:06:53.174	00:07:59.307	413.174	479.307	00:38:52.174	worth foregrounding from the broad overview perspective of his life When I am zoomed out, the map shows things that are high-rank and high-salience, or some combination of those When I zoom in, it shows more nodes without fading them out That is basically as
topics_to_vtt_short_windows	topic:semantic-spaces-made-intelligible	Semantic Spaces Made Intelligible	topic	1	0.575782	0.317073	vtt:ngram:3:0001	Hello I’m interested in the problem of how we as human beings, can get a good me	vtt_ngram_3	00:00:00.838	00:01:18.256	0.838	78.256	00:31:59.838	Hello I’m interested in the problem of how we as human beings, can get a good mental model of what is going on I want to understand things and make use of our high-bandwidth visual centres, which are very good at interpreting information efficiently I’m inter
topics_to_vtt_short_windows	topic:semantic-spaces-made-intelligible	Semantic Spaces Made Intelligible	topic	2	0.541445	0.170732	vtt:ngram:3:0030	and embedding spaces, they are finding out some really cool things recently Part	vtt_ngram_3	00:12:43.215	00:13:48.333	763.215	828.333	00:44:42.215	and embedding spaces, they are finding out some really cool things recently Particular geometric patterns are being shared among completely different models We are starting to peer into that geometric representation space that they have learned in high dimens
topics_to_vtt_short_windows	topic:semantic-spaces-made-intelligible	Semantic Spaces Made Intelligible	topic	3	0.52622	0.097561	vtt:ngram:3:0031	People are interested in that from a machine-learning interpretability and safet	vtt_ngram_3	00:13:07.881	00:14:03.079	787.881	843.079	00:45:06.881	People are interested in that from a machine-learning interpretability and safety perspective as well Thanks We have time for one more question I have a quick one too That last point about high dimensionality and language reminds me of an article I saw on Hac
topics_to_vtt_short_windows	topic:semantic-spaces-made-intelligible	Semantic Spaces Made Intelligible	topic	4	0.523803	0.243902	vtt:ngram:3:0002	information efficiently I’m interested in how things like embeddings, generated 	vtt_ngram_3	00:00:25.679	00:01:42.276	25.679	102.276	00:32:24.679	information efficiently I’m interested in how things like embeddings, generated categories, different kinds of relationships and graph structures can be used to make useful visualisations that do not look like a mess Speaking of which, this looks like a mess
topics_to_vtt_short_windows	topic:semantic-spaces-made-intelligible	Semantic Spaces Made Intelligible	topic	5	0.521744	0.243902	vtt:ngram:3:0029	a Voronoi map would be the easiest approach But there is this underlying structu	vtt_ngram_3	00:12:23.669	00:13:31.318	743.669	811.318	00:44:22.669	a Voronoi map would be the easiest approach But there is this underlying structure in the projection where different sections of the embedding space occupy different parts of the screen Yes In terms of what people are doing with pretrained models and embeddin
topics_to_vtt_short_windows	topic:topic-map-as-medium	Topic Map as Medium	topic	1	0.484644	0.216216	vtt:ngram:3:0001	Hello I’m interested in the problem of how we as human beings, can get a good me	vtt_ngram_3	00:00:00.838	00:01:18.256	0.838	78.256	00:31:59.838	Hello I’m interested in the problem of how we as human beings, can get a good mental model of what is going on I want to understand things and make use of our high-bandwidth visual centres, which are very good at interpreting information efficiently I’m inter
topics_to_vtt_short_windows	topic:topic-map-as-medium	Topic Map as Medium	topic	2	0.466943	0.216216	vtt:ngram:3:0013	There is a lot that could be done I do have large-language-model-generated salie	vtt_ngram_3	00:05:54.978	00:07:20.445	354.978	440.445	00:37:53.978	There is a lot that could be done I do have large-language-model-generated salience scores for some of the topics I use those to adjust the scale and opacity of some nodes For instance, there is a woman who was loosely related to some people in this area thro
topics_to_vtt_short_windows	topic:topic-map-as-medium	Topic Map as Medium	topic	3	0.456076	0.189189	vtt:ngram:3:0015	worth foregrounding from the broad overview perspective of his life When I am zo	vtt_ngram_3	00:06:53.174	00:07:59.307	413.174	479.307	00:38:52.174	worth foregrounding from the broad overview perspective of his life When I am zoomed out, the map shows things that are high-rank and high-salience, or some combination of those When I zoom in, it shows more nodes without fading them out That is basically as
topics_to_vtt_short_windows	topic:topic-map-as-medium	Topic Map as Medium	topic	4	0.444089	0.27027	vtt:ngram:3:0027	line That is how many mind maps are presented Are there any ways of quantifying 	vtt_ngram_3	00:11:49.575	00:12:43.185	709.575	763.185	00:43:48.575	line That is how many mind maps are presented Are there any ways of quantifying the size of those embeddings on screen, so they are not just points and can be assigned a region of space Yes, that definitely could be done I have not done that yet I do not have
topics_to_vtt_short_windows	topic:topic-map-as-medium	Topic Map as Medium	topic	5	0.43345	0.189189	vtt:ngram:3:0026	But in an actual 2D space, things also have dimensions They have shapes We also 	vtt_ngram_3	00:11:30.422	00:12:23.639	690.422	743.639	00:43:29.422	But in an actual 2D space, things also have dimensions They have shapes We also think in categories On the screen, in a user interface many of those things could be grouped together by putting them in a box, or surrounding them with a line That is how many mi
topics_to_vtt_short_windows	topic:semantic-embeddings	Semantic Embeddings	topic	1	0.554506	0.25	vtt:ngram:3:0006	But then we have to tweak all kinds of fiddly variables to keep the semantic int	vtt_ngram_3	00:02:06.681	00:03:49.380	126.681	229.38	00:34:05.681	But then we have to tweak all kinds of fiddly variables to keep the semantic integrity authentic It is also a bit of a kludge to switch to a different kind of algorithm at presentation time without any consideration of the semantic embeddings themselves I hav
topics_to_vtt_short_windows	topic:semantic-embeddings	Semantic Embeddings	topic	2	0.516567	0.275	vtt:ngram:3:0027	line That is how many mind maps are presented Are there any ways of quantifying 	vtt_ngram_3	00:11:49.575	00:12:43.185	709.575	763.185	00:43:48.575	line That is how many mind maps are presented Are there any ways of quantifying the size of those embeddings on screen, so they are not just points and can be assigned a region of space Yes, that definitely could be done I have not done that yet I do not have
topics_to_vtt_short_windows	topic:semantic-embeddings	Semantic Embeddings	topic	3	0.508202	0.15	vtt:ngram:3:0002	information efficiently I’m interested in how things like embeddings, generated 	vtt_ngram_3	00:00:25.679	00:01:42.276	25.679	102.276	00:32:24.679	information efficiently I’m interested in how things like embeddings, generated categories, different kinds of relationships and graph structures can be used to make useful visualisations that do not look like a mess Speaking of which, this looks like a mess
topics_to_vtt_short_windows	topic:semantic-embeddings	Semantic Embeddings	topic	4	0.499063	0.15	vtt:ngram:3:0033	word groups, and semantics One thing that this project is showing is that this i	vtt_ngram_3	00:13:48.553	00:14:51.756	828.553	891.756	00:45:47.553	word groups, and semantics One thing that this project is showing is that this is a kind of language I’m looking at Dining, Great Fire, and Prize Goods and there is a certain visual theme and linguistic theme to it I’m curious because you have clearly operate
topics_to_vtt_short_windows	topic:semantic-embeddings	Semantic Embeddings	topic	5	0.495516	0.25	vtt:ngram:3:0028	I have not done that yet I do not have it saying, for example that this belongs 	vtt_ngram_3	00:12:09.299	00:13:05.943	729.299	785.943	00:44:08.299	I have not done that yet I do not have it saying, for example that this belongs to a work cluster I do not have that kind of membership information at the moment, but it is doable Just looking at the 2D screen, I guess something like a Voronoi map would be th
topics_to_vtt_short_windows	topic:dimensionality-reduction	Dimensionality Reduction	topic	1	0.589667	0.268293	vtt:ngram:3:0003	This is what happens when a data set of topics is projected down from high-dimen	vtt_ngram_3	00:00:52.468	00:02:06.651	52.468	126.651	00:32:51.468	This is what happens when a data set of topics is projected down from high-dimensional space into 2D space We should expect it to be a mess We should expect overlap By default, there is not a clean reduction down to two-dimensional space That should not be su
topics_to_vtt_short_windows	topic:dimensionality-reduction	Dimensionality Reduction	topic	2	0.58755	0.268293	vtt:ngram:3:0002	information efficiently I’m interested in how things like embeddings, generated 	vtt_ngram_3	00:00:25.679	00:01:42.276	25.679	102.276	00:32:24.679	information efficiently I’m interested in how things like embeddings, generated categories, different kinds of relationships and graph structures can be used to make useful visualisations that do not look like a mess Speaking of which, this looks like a mess
topics_to_vtt_short_windows	topic:dimensionality-reduction	Dimensionality Reduction	topic	3	0.579094	0.243902	vtt:ngram:3:0018	higher-dimensional spaces I’m curious what you have thought about with respect t	vtt_ngram_3	00:07:59.337	00:09:08.985	479.337	548.985	00:39:58.337	higher-dimensional spaces I’m curious what you have thought about with respect to doing expressive work through this interface Yes We can actually project back There is a popular library called UMAP Learn that lets us do that UMAP is a common solution for dim
topics_to_vtt_short_windows	topic:dimensionality-reduction	Dimensionality Reduction	topic	4	0.566713	0.292683	vtt:ngram:3:0019	us do that UMAP is a common solution for dimensionality reduction of high dimens	vtt_ngram_3	00:08:16.200	00:09:28.845	496.2	568.845	00:40:15.200	us do that UMAP is a common solution for dimensionality reduction of high dimensional data It does not have a global objective It is mostly local, which means it might mess up how things fit together in aggregate That is not ideal But one cool thing it can do
topics_to_vtt_short_windows	topic:dimensionality-reduction	Dimensionality Reduction	topic	5	0.563645	0.268293	vtt:ngram:3:0017	information, or presents a visualisation of something is also potentially a good	vtt_ngram_3	00:07:44.079	00:08:40.395	464.079	520.395	00:39:43.079	information, or presents a visualisation of something is also potentially a good interface through which we can express something There are two sides to every interface So far, you have talked about what this interface is revealing, what it is showing, and ho
topics_to_vtt_short_windows	topic:raw-projection-messiness	Raw Projection Messiness	topic	1	0.626474	0.333333	vtt:ngram:3:0002	information efficiently I’m interested in how things like embeddings, generated 	vtt_ngram_3	00:00:25.679	00:01:42.276	25.679	102.276	00:32:24.679	information efficiently I’m interested in how things like embeddings, generated categories, different kinds of relationships and graph structures can be used to make useful visualisations that do not look like a mess Speaking of which, this looks like a mess
topics_to_vtt_short_windows	topic:raw-projection-messiness	Raw Projection Messiness	topic	2	0.599987	0.333333	vtt:ngram:3:0001	Hello I’m interested in the problem of how we as human beings, can get a good me	vtt_ngram_3	00:00:00.838	00:01:18.256	0.838	78.256	00:31:59.838	Hello I’m interested in the problem of how we as human beings, can get a good mental model of what is going on I want to understand things and make use of our high-bandwidth visual centres, which are very good at interpreting information efficiently I’m inter
topics_to_vtt_short_windows	topic:raw-projection-messiness	Raw Projection Messiness	topic	3	0.57627	0.309524	vtt:ngram:3:0003	This is what happens when a data set of topics is projected down from high-dimen	vtt_ngram_3	00:00:52.468	00:02:06.651	52.468	126.651	00:32:51.468	This is what happens when a data set of topics is projected down from high-dimensional space into 2D space We should expect it to be a mess We should expect overlap By default, there is not a clean reduction down to two-dimensional space That should not be su
topics_to_vtt_short_windows	topic:raw-projection-messiness	Raw Projection Messiness	topic	4	0.516869	0.214286	vtt:ngram:3:0004	two-dimensional space That should not be surprising, but it is really annoying T	vtt_ngram_3	00:01:18.504	00:02:45.924	78.504	165.924	00:33:17.504	two-dimensional space That should not be surprising, but it is really annoying The reason this happens is that each item is mathematically just a point It does not have any dimension in the two-dimensional representation unless that dimension is deliberately
topics_to_vtt_short_windows	topic:raw-projection-messiness	Raw Projection Messiness	topic	5	0.503739	0.214286	vtt:ngram:3:0021	What might it mean, based on everything else the system knows about the space Ho	vtt_ngram_3	00:09:09.322	00:10:32.985	549.322	632.985	00:41:08.322	What might it mean, based on everything else the system knows about the space How might it relate to these personal things these social things, and these work things That can absolutely be done It is also sometimes useful to do drag and-drop image-collage wor
topics_to_vtt_short_windows	topic:screen-space-dimension	Screen-Space Dimension	topic	1	0.643728	0.243902	vtt:ngram:3:0026	But in an actual 2D space, things also have dimensions They have shapes We also 	vtt_ngram_3	00:11:30.422	00:12:23.639	690.422	743.639	00:43:29.422	But in an actual 2D space, things also have dimensions They have shapes We also think in categories On the screen, in a user interface many of those things could be grouped together by putting them in a box, or surrounding them with a line That is how many mi
topics_to_vtt_short_windows	topic:screen-space-dimension	Screen-Space Dimension	topic	2	0.547008	0.219512	vtt:ngram:3:0025	to ask, just unmute and go right ahead I have one question I really liked what y	vtt_ngram_3	00:11:08.621	00:12:09.269	668.621	729.269	00:43:07.621	to ask, just unmute and go right ahead I have one question I really liked what you mentioned about reverse-projecting into high-dimensional spaces Mathematicians like to simplify things into spherical cows When modelling things in 2D, we model everything as p
topics_to_vtt_short_windows	topic:screen-space-dimension	Screen-Space Dimension	topic	3	0.542031	0.243902	vtt:ngram:3:0027	line That is how many mind maps are presented Are there any ways of quantifying 	vtt_ngram_3	00:11:49.575	00:12:43.185	709.575	763.185	00:43:48.575	line That is how many mind maps are presented Are there any ways of quantifying the size of those embeddings on screen, so they are not just points and can be assigned a region of space Yes, that definitely could be done I have not done that yet I do not have
topics_to_vtt_short_windows	topic:screen-space-dimension	Screen-Space Dimension	topic	4	0.484634	0.195122	vtt:ngram:3:0004	two-dimensional space That should not be surprising, but it is really annoying T	vtt_ngram_3	00:01:18.504	00:02:45.924	78.504	165.924	00:33:17.504	two-dimensional space That should not be surprising, but it is really annoying The reason this happens is that each item is mathematically just a point It does not have any dimension in the two-dimensional representation unless that dimension is deliberately
topics_to_vtt_short_windows	topic:screen-space-dimension	Screen-Space Dimension	topic	5	0.466593	0.243902	vtt:ngram:3:0028	I have not done that yet I do not have it saying, for example that this belongs 	vtt_ngram_3	00:12:09.299	00:13:05.943	729.299	785.943	00:44:08.299	I have not done that yet I do not have it saying, for example that this belongs to a work cluster I do not have that kind of membership information at the moment, but it is doable Just looking at the 2D screen, I guess something like a Voronoi map would be th
topics_to_vtt_short_windows	topic:overlap-problem	Overlap Problem	topic	1	0.600573	0.209302	vtt:ngram:3:0003	This is what happens when a data set of topics is projected down from high-dimen	vtt_ngram_3	00:00:52.468	00:02:06.651	52.468	126.651	00:32:51.468	This is what happens when a data set of topics is projected down from high-dimensional space into 2D space We should expect it to be a mess We should expect overlap By default, there is not a clean reduction down to two-dimensional space That should not be su
topics_to_vtt_short_windows	topic:overlap-problem	Overlap Problem	topic	2	0.550985	0.209302	vtt:ngram:3:0005	added When we add that dimension, we then have to decide what to do about overla	vtt_ngram_3	00:01:42.557	00:03:15.272	102.557	195.272	00:33:41.557	added When we add that dimension, we then have to decide what to do about overlap One common thing people do is use a force-directed effect: if one node is too close to another node the nodes push themselves apart But then we have to tweak all kinds of fiddly
topics_to_vtt_short_windows	topic:overlap-problem	Overlap Problem	topic	3	0.534559	0.209302	vtt:ngram:3:0004	two-dimensional space That should not be surprising, but it is really annoying T	vtt_ngram_3	00:01:18.504	00:02:45.924	78.504	165.924	00:33:17.504	two-dimensional space That should not be surprising, but it is really annoying The reason this happens is that each item is mathematically just a point It does not have any dimension in the two-dimensional representation unless that dimension is deliberately
topics_to_vtt_short_windows	topic:overlap-problem	Overlap Problem	topic	4	0.511474	0.232558	vtt:ngram:3:0002	information efficiently I’m interested in how things like embeddings, generated 	vtt_ngram_3	00:00:25.679	00:01:42.276	25.679	102.276	00:32:24.679	information efficiently I’m interested in how things like embeddings, generated categories, different kinds of relationships and graph structures can be used to make useful visualisations that do not look like a mess Speaking of which, this looks like a mess
topics_to_vtt_short_windows	topic:overlap-problem	Overlap Problem	topic	5	0.493545	0.255814	vtt:ngram:3:0001	Hello I’m interested in the problem of how we as human beings, can get a good me	vtt_ngram_3	00:00:00.838	00:01:18.256	0.838	78.256	00:31:59.838	Hello I’m interested in the problem of how we as human beings, can get a good mental model of what is going on I want to understand things and make use of our high-bandwidth visual centres, which are very good at interpreting information efficiently I’m inter
topics_to_vtt_short_windows	topic:semantic-integrity	Semantic Integrity	topic	1	0.589272	0.342105	vtt:ngram:3:0006	But then we have to tweak all kinds of fiddly variables to keep the semantic int	vtt_ngram_3	00:02:06.681	00:03:49.380	126.681	229.38	00:34:05.681	But then we have to tweak all kinds of fiddly variables to keep the semantic integrity authentic It is also a bit of a kludge to switch to a different kind of algorithm at presentation time without any consideration of the semantic embeddings themselves I hav
topics_to_vtt_short_windows	topic:semantic-integrity	Semantic Integrity	topic	2	0.489646	0.263158	vtt:ngram:3:0005	added When we add that dimension, we then have to decide what to do about overla	vtt_ngram_3	00:01:42.557	00:03:15.272	102.557	195.272	00:33:41.557	added When we add that dimension, we then have to decide what to do about overlap One common thing people do is use a force-directed effect: if one node is too close to another node the nodes push themselves apart But then we have to tweak all kinds of fiddly
topics_to_vtt_short_windows	topic:semantic-integrity	Semantic Integrity	topic	3	0.48074	0.315789	vtt:ngram:3:0007	process happens in multiple stages, but those stages are aware of the semantic r	vtt_ngram_3	00:02:47.665	00:04:20.369	167.665	260.369	00:34:46.665	process happens in multiple stages, but those stages are aware of the semantic relationships between the nodes They use those relationships to find a good non-overlapping position for the nodes That gets us something a bit like this It has no overlap, which i
topics_to_vtt_short_windows	topic:semantic-integrity	Semantic Integrity	topic	4	0.44596	0.236842	vtt:ngram:3:0004	two-dimensional space That should not be surprising, but it is really annoying T	vtt_ngram_3	00:01:18.504	00:02:45.924	78.504	165.924	00:33:17.504	two-dimensional space That should not be surprising, but it is really annoying The reason this happens is that each item is mathematically just a point It does not have any dimension in the two-dimensional representation unless that dimension is deliberately
topics_to_vtt_short_windows	topic:semantic-integrity	Semantic Integrity	topic	5	0.440501	0.263158	vtt:ngram:3:0011	with a fittingly emptier area around it So the semantic integrity is good, but i	vtt_ngram_3	00:04:59.694	00:06:25.169	299.694	385.169	00:36:58.694	with a fittingly emptier area around it So the semantic integrity is good, but it is still not very intuitive These days we have image generators, so I semi-manually and semi-automatically generated icons for the topics That probably helps a little bit What w
topics_to_vtt_short_windows	topic:force-directed-layout-risk	Force-Directed Layout Risk	topic	1	0.59306	0.27907	vtt:ngram:3:0005	added When we add that dimension, we then have to decide what to do about overla	vtt_ngram_3	00:01:42.557	00:03:15.272	102.557	195.272	00:33:41.557	added When we add that dimension, we then have to decide what to do about overlap One common thing people do is use a force-directed effect: if one node is too close to another node the nodes push themselves apart But then we have to tweak all kinds of fiddly
topics_to_vtt_short_windows	topic:force-directed-layout-risk	Force-Directed Layout Risk	topic	2	0.55611	0.27907	vtt:ngram:3:0004	two-dimensional space That should not be surprising, but it is really annoying T	vtt_ngram_3	00:01:18.504	00:02:45.924	78.504	165.924	00:33:17.504	two-dimensional space That should not be surprising, but it is really annoying The reason this happens is that each item is mathematically just a point It does not have any dimension in the two-dimensional representation unless that dimension is deliberately
topics_to_vtt_short_windows	topic:force-directed-layout-risk	Force-Directed Layout Risk	topic	3	0.539804	0.27907	vtt:ngram:3:0003	This is what happens when a data set of topics is projected down from high-dimen	vtt_ngram_3	00:00:52.468	00:02:06.651	52.468	126.651	00:32:51.468	This is what happens when a data set of topics is projected down from high-dimensional space into 2D space We should expect it to be a mess We should expect overlap By default, there is not a clean reduction down to two-dimensional space That should not be su
topics_to_vtt_short_windows	topic:force-directed-layout-risk	Force-Directed Layout Risk	topic	4	0.503387	0.209302	vtt:ngram:3:0006	But then we have to tweak all kinds of fiddly variables to keep the semantic int	vtt_ngram_3	00:02:06.681	00:03:49.380	126.681	229.38	00:34:05.681	But then we have to tweak all kinds of fiddly variables to keep the semantic integrity authentic It is also a bit of a kludge to switch to a different kind of algorithm at presentation time without any consideration of the semantic embeddings themselves I hav
topics_to_vtt_short_windows	topic:force-directed-layout-risk	Force-Directed Layout Risk	topic	5	0.47847	0.209302	vtt:ngram:3:0002	information efficiently I’m interested in how things like embeddings, generated 	vtt_ngram_3	00:00:25.679	00:01:42.276	25.679	102.276	00:32:24.679	information efficiently I’m interested in how things like embeddings, generated categories, different kinds of relationships and graph structures can be used to make useful visualisations that do not look like a mess Speaking of which, this looks like a mess
topics_to_vtt_short_windows	topic:semantic-aware-multi-stage-layout	Semantic-Aware Multi-Stage Layout	topic	1	0.632859	0.243902	vtt:ngram:3:0006	But then we have to tweak all kinds of fiddly variables to keep the semantic int	vtt_ngram_3	00:02:06.681	00:03:49.380	126.681	229.38	00:34:05.681	But then we have to tweak all kinds of fiddly variables to keep the semantic integrity authentic It is also a bit of a kludge to switch to a different kind of algorithm at presentation time without any consideration of the semantic embeddings themselves I hav
topics_to_vtt_short_windows	topic:semantic-aware-multi-stage-layout	Semantic-Aware Multi-Stage Layout	topic	2	0.604864	0.219512	vtt:ngram:3:0005	added When we add that dimension, we then have to decide what to do about overla	vtt_ngram_3	00:01:42.557	00:03:15.272	102.557	195.272	00:33:41.557	added When we add that dimension, we then have to decide what to do about overlap One common thing people do is use a force-directed effect: if one node is too close to another node the nodes push themselves apart But then we have to tweak all kinds of fiddly
topics_to_vtt_short_windows	topic:semantic-aware-multi-stage-layout	Semantic-Aware Multi-Stage Layout	topic	3	0.54201	0.243902	vtt:ngram:3:0007	process happens in multiple stages, but those stages are aware of the semantic r	vtt_ngram_3	00:02:47.665	00:04:20.369	167.665	260.369	00:34:46.665	process happens in multiple stages, but those stages are aware of the semantic relationships between the nodes They use those relationships to find a good non-overlapping position for the nodes That gets us something a bit like this It has no overlap, which i
topics_to_vtt_short_windows	topic:semantic-aware-multi-stage-layout	Semantic-Aware Multi-Stage Layout	topic	4	0.498769	0.146341	vtt:ngram:3:0004	two-dimensional space That should not be surprising, but it is really annoying T	vtt_ngram_3	00:01:18.504	00:02:45.924	78.504	165.924	00:33:17.504	two-dimensional space That should not be surprising, but it is really annoying The reason this happens is that each item is mathematically just a point It does not have any dimension in the two-dimensional representation unless that dimension is deliberately
topics_to_vtt_short_windows	topic:semantic-aware-multi-stage-layout	Semantic-Aware Multi-Stage Layout	topic	5	0.4952	0.268293	vtt:ngram:3:0027	line That is how many mind maps are presented Are there any ways of quantifying 	vtt_ngram_3	00:11:49.575	00:12:43.185	709.575	763.185	00:43:48.575	line That is how many mind maps are presented Are there any ways of quantifying the size of those embeddings on screen, so they are not just points and can be assigned a region of space Yes, that definitely could be done I have not done that yet I do not have
topics_to_vtt_short_windows	topic:orientation-stability	Orientation Stability	topic	1	0.570223	0.292683	vtt:ngram:3:0023	Another common problem is that the orientation can flip around whenever one of t	vtt_ngram_3	00:10:07.891	00:11:30.362	607.891	690.362	00:42:06.891	Another common problem is that the orientation can flip around whenever one of these maps is regenerated There are different ways of doing dimensionality reduction and they are often based on a random seed or on other stochastic things, that make it hard to k
topics_to_vtt_short_windows	topic:orientation-stability	Orientation Stability	topic	2	0.569731	0.292683	vtt:ngram:3:0022	It is also sometimes useful to do drag and-drop image-collage work People often 	vtt_ngram_3	00:09:28.875	00:11:08.591	568.875	668.591	00:41:27.875	It is also sometimes useful to do drag and-drop image-collage work People often prefer paper for this kind of reason It is a real pain, when working digitally to lose the ability to arrange things freely So yes, I think that would be powerful Another common p
topics_to_vtt_short_windows	topic:orientation-stability	Orientation Stability	topic	3	0.518256	0.243902	vtt:ngram:3:0021	What might it mean, based on everything else the system knows about the space Ho	vtt_ngram_3	00:09:09.322	00:10:32.985	549.322	632.985	00:41:08.322	What might it mean, based on everything else the system knows about the space How might it relate to these personal things these social things, and these work things That can absolutely be done It is also sometimes useful to do drag and-drop image-collage wor
topics_to_vtt_short_windows	topic:orientation-stability	Orientation Stability	topic	4	0.407844	0.195122	vtt:ngram:3:0024	I perform a rotation that anchors two points When I regenerate the map, the enti	vtt_ngram_3	00:10:36.123	00:11:49.545	636.123	709.545	00:42:35.123	I perform a rotation that anchors two points When I regenerate the map, the entire map coheres which is really nice, especially for adding or removing points We have time for maybe two more questions If anybody in the audience has something they would like to
topics_to_vtt_short_windows	topic:orientation-stability	Orientation Stability	topic	5	0.389862	0.243902	vtt:ngram:3:0006	But then we have to tweak all kinds of fiddly variables to keep the semantic int	vtt_ngram_3	00:02:06.681	00:03:49.380	126.681	229.38	00:34:05.681	But then we have to tweak all kinds of fiddly variables to keep the semantic integrity authentic It is also a bit of a kludge to switch to a different kind of algorithm at presentation time without any consideration of the semantic embeddings themselves I hav
topics_to_vtt_short_windows	topic:two-point-rotation-anchor	Two-Point Rotation Anchor	topic	1	0.555381	0.342105	vtt:ngram:3:0023	Another common problem is that the orientation can flip around whenever one of t	vtt_ngram_3	00:10:07.891	00:11:30.362	607.891	690.362	00:42:06.891	Another common problem is that the orientation can flip around whenever one of these maps is regenerated There are different ways of doing dimensionality reduction and they are often based on a random seed or on other stochastic things, that make it hard to k
topics_to_vtt_short_windows	topic:two-point-rotation-anchor	Two-Point Rotation Anchor	topic	2	0.54371	0.263158	vtt:ngram:3:0024	I perform a rotation that anchors two points When I regenerate the map, the enti	vtt_ngram_3	00:10:36.123	00:11:49.545	636.123	709.545	00:42:35.123	I perform a rotation that anchors two points When I regenerate the map, the entire map coheres which is really nice, especially for adding or removing points We have time for maybe two more questions If anybody in the audience has something they would like to
topics_to_vtt_short_windows	topic:two-point-rotation-anchor	Two-Point Rotation Anchor	topic	3	0.538959	0.342105	vtt:ngram:3:0022	It is also sometimes useful to do drag and-drop image-collage work People often 	vtt_ngram_3	00:09:28.875	00:11:08.591	568.875	668.591	00:41:27.875	It is also sometimes useful to do drag and-drop image-collage work People often prefer paper for this kind of reason It is a real pain, when working digitally to lose the ability to arrange things freely So yes, I think that would be powerful Another common p
topics_to_vtt_short_windows	topic:two-point-rotation-anchor	Two-Point Rotation Anchor	topic	4	0.443844	0.210526	vtt:ngram:3:0004	two-dimensional space That should not be surprising, but it is really annoying T	vtt_ngram_3	00:01:18.504	00:02:45.924	78.504	165.924	00:33:17.504	two-dimensional space That should not be surprising, but it is really annoying The reason this happens is that each item is mathematically just a point It does not have any dimension in the two-dimensional representation unless that dimension is deliberately
topics_to_vtt_short_windows	topic:two-point-rotation-anchor	Two-Point Rotation Anchor	topic	5	0.438864	0.263158	vtt:ngram:3:0021	What might it mean, based on everything else the system knows about the space Ho	vtt_ngram_3	00:09:09.322	00:10:32.985	549.322	632.985	00:41:08.322	What might it mean, based on everything else the system knows about the space How might it relate to these personal things these social things, and these work things That can absolutely be done It is also sometimes useful to do drag and-drop image-collage wor
topics_to_vtt_short_windows	topic:regions-not-points	Regions Not Points	topic	1	0.520789	0.380952	vtt:ngram:3:0026	But in an actual 2D space, things also have dimensions They have shapes We also 	vtt_ngram_3	00:11:30.422	00:12:23.639	690.422	743.639	00:43:29.422	But in an actual 2D space, things also have dimensions They have shapes We also think in categories On the screen, in a user interface many of those things could be grouped together by putting them in a box, or surrounding them with a line That is how many mi
topics_to_vtt_short_windows	topic:regions-not-points	Regions Not Points	topic	2	0.479053	0.404762	vtt:ngram:3:0027	line That is how many mind maps are presented Are there any ways of quantifying 	vtt_ngram_3	00:11:49.575	00:12:43.185	709.575	763.185	00:43:48.575	line That is how many mind maps are presented Are there any ways of quantifying the size of those embeddings on screen, so they are not just points and can be assigned a region of space Yes, that definitely could be done I have not done that yet I do not have
topics_to_vtt_short_windows	topic:regions-not-points	Regions Not Points	topic	3	0.473379	0.333333	vtt:ngram:3:0025	to ask, just unmute and go right ahead I have one question I really liked what y	vtt_ngram_3	00:11:08.621	00:12:09.269	668.621	729.269	00:43:07.621	to ask, just unmute and go right ahead I have one question I really liked what you mentioned about reverse-projecting into high-dimensional spaces Mathematicians like to simplify things into spherical cows When modelling things in 2D, we model everything as p
topics_to_vtt_short_windows	topic:regions-not-points	Regions Not Points	topic	4	0.45002	0.214286	vtt:ngram:3:0004	two-dimensional space That should not be surprising, but it is really annoying T	vtt_ngram_3	00:01:18.504	00:02:45.924	78.504	165.924	00:33:17.504	two-dimensional space That should not be surprising, but it is really annoying The reason this happens is that each item is mathematically just a point It does not have any dimension in the two-dimensional representation unless that dimension is deliberately
topics_to_vtt_short_windows	topic:regions-not-points	Regions Not Points	topic	5	0.448022	0.285714	vtt:ngram:3:0024	I perform a rotation that anchors two points When I regenerate the map, the enti	vtt_ngram_3	00:10:36.123	00:11:49.545	636.123	709.545	00:42:35.123	I perform a rotation that anchors two points When I regenerate the map, the entire map coheres which is really nice, especially for adding or removing points We have time for maybe two more questions If anybody in the audience has something they would like to
topics_to_vtt_short_windows	topic:category-boundaries	Category Boundaries	topic	1	0.503283	0.219512	vtt:ngram:3:0026	But in an actual 2D space, things also have dimensions They have shapes We also 	vtt_ngram_3	00:11:30.422	00:12:23.639	690.422	743.639	00:43:29.422	But in an actual 2D space, things also have dimensions They have shapes We also think in categories On the screen, in a user interface many of those things could be grouped together by putting them in a box, or surrounding them with a line That is how many mi
topics_to_vtt_short_windows	topic:category-boundaries	Category Boundaries	topic	2	0.422446	0.146341	vtt:ngram:3:0001	Hello I’m interested in the problem of how we as human beings, can get a good me	vtt_ngram_3	00:00:00.838	00:01:18.256	0.838	78.256	00:31:59.838	Hello I’m interested in the problem of how we as human beings, can get a good mental model of what is going on I want to understand things and make use of our high-bandwidth visual centres, which are very good at interpreting information efficiently I’m inter
topics_to_vtt_short_windows	topic:category-boundaries	Category Boundaries	topic	3	0.420263	0.097561	vtt:ngram:3:0002	information efficiently I’m interested in how things like embeddings, generated 	vtt_ngram_3	00:00:25.679	00:01:42.276	25.679	102.276	00:32:24.679	information efficiently I’m interested in how things like embeddings, generated categories, different kinds of relationships and graph structures can be used to make useful visualisations that do not look like a mess Speaking of which, this looks like a mess
topics_to_vtt_short_windows	topic:category-boundaries	Category Boundaries	topic	4	0.408292	0.219512	vtt:ngram:3:0027	line That is how many mind maps are presented Are there any ways of quantifying 	vtt_ngram_3	00:11:49.575	00:12:43.185	709.575	763.185	00:43:48.575	line That is how many mind maps are presented Are there any ways of quantifying the size of those embeddings on screen, so they are not just points and can be assigned a region of space Yes, that definitely could be done I have not done that yet I do not have
topics_to_vtt_short_windows	topic:category-boundaries	Category Boundaries	topic	5	0.391626	0.170732	vtt:ngram:3:0025	to ask, just unmute and go right ahead I have one question I really liked what y	vtt_ngram_3	00:11:08.621	00:12:09.269	668.621	729.269	00:43:07.621	to ask, just unmute and go right ahead I have one question I really liked what you mentioned about reverse-projecting into high-dimensional spaces Mathematicians like to simplify things into spherical cows When modelling things in 2D, we model everything as p
topics_to_vtt_short_windows	topic:voronoi-topic-regions	Voronoi Topic Regions	topic	1	0.54486	0.351351	vtt:ngram:3:0027	line That is how many mind maps are presented Are there any ways of quantifying 	vtt_ngram_3	00:11:49.575	00:12:43.185	709.575	763.185	00:43:48.575	line That is how many mind maps are presented Are there any ways of quantifying the size of those embeddings on screen, so they are not just points and can be assigned a region of space Yes, that definitely could be done I have not done that yet I do not have
topics_to_vtt_short_windows	topic:voronoi-topic-regions	Voronoi Topic Regions	topic	2	0.520193	0.351351	vtt:ngram:3:0028	I have not done that yet I do not have it saying, for example that this belongs 	vtt_ngram_3	00:12:09.299	00:13:05.943	729.299	785.943	00:44:08.299	I have not done that yet I do not have it saying, for example that this belongs to a work cluster I do not have that kind of membership information at the moment, but it is doable Just looking at the 2D screen, I guess something like a Voronoi map would be th
topics_to_vtt_short_windows	topic:voronoi-topic-regions	Voronoi Topic Regions	topic	3	0.484276	0.297297	vtt:ngram:3:0029	a Voronoi map would be the easiest approach But there is this underlying structu	vtt_ngram_3	00:12:23.669	00:13:31.318	743.669	811.318	00:44:22.669	a Voronoi map would be the easiest approach But there is this underlying structure in the projection where different sections of the embedding space occupy different parts of the screen Yes In terms of what people are doing with pretrained models and embeddin
topics_to_vtt_short_windows	topic:voronoi-topic-regions	Voronoi Topic Regions	topic	4	0.466912	0.243243	vtt:ngram:3:0001	Hello I’m interested in the problem of how we as human beings, can get a good me	vtt_ngram_3	00:00:00.838	00:01:18.256	0.838	78.256	00:31:59.838	Hello I’m interested in the problem of how we as human beings, can get a good mental model of what is going on I want to understand things and make use of our high-bandwidth visual centres, which are very good at interpreting information efficiently I’m inter
topics_to_vtt_short_windows	topic:voronoi-topic-regions	Voronoi Topic Regions	topic	5	0.452944	0.162162	vtt:ngram:3:0013	There is a lot that could be done I do have large-language-model-generated salie	vtt_ngram_3	00:05:54.978	00:07:20.445	354.978	440.445	00:37:53.978	There is a lot that could be done I do have large-language-model-generated salience scores for some of the topics I use those to adjust the scale and opacity of some nodes For instance, there is a woman who was loosely related to some people in this area thro
topics_to_vtt_short_windows	topic:generated-topic-icons	Generated Topic Icons	topic	1	0.591541	0.195122	vtt:ngram:3:0011	with a fittingly emptier area around it So the semantic integrity is good, but i	vtt_ngram_3	00:04:59.694	00:06:25.169	299.694	385.169	00:36:58.694	with a fittingly emptier area around it So the semantic integrity is good, but it is still not very intuitive These days we have image generators, so I semi-manually and semi-automatically generated icons for the topics That probably helps a little bit What w
topics_to_vtt_short_windows	topic:generated-topic-icons	Generated Topic Icons	topic	2	0.54179	0.195122	vtt:ngram:3:0010	Gold fits into a psychological kind of cluster for him Likewise, his main occupa	vtt_ngram_3	00:04:26.415	00:05:54.948	266.415	354.948	00:36:25.415	Gold fits into a psychological kind of cluster for him Likewise, his main occupational duties are in a place, and there is a Navy cluster There is also the Great Fire of London with a fittingly emptier area around it So the semantic integrity is good, but it
topics_to_vtt_short_windows	topic:generated-topic-icons	Generated Topic Icons	topic	3	0.491136	0.170732	vtt:ngram:3:0001	Hello I’m interested in the problem of how we as human beings, can get a good me	vtt_ngram_3	00:00:00.838	00:01:18.256	0.838	78.256	00:31:59.838	Hello I’m interested in the problem of how we as human beings, can get a good mental model of what is going on I want to understand things and make use of our high-bandwidth visual centres, which are very good at interpreting information efficiently I’m inter
topics_to_vtt_short_windows	topic:generated-topic-icons	Generated Topic Icons	topic	4	0.476603	0.195122	vtt:ngram:3:0009	stone surgery he had The stone was a personal concern of his He had frequent pai	vtt_ngram_3	00:03:52.039	00:05:28.913	232.039	328.913	00:35:51.039	stone surgery he had The stone was a personal concern of his He had frequent pains, especially when he got cold, and it became one of his anxious preoccupations Another one is gold Gold fits into a psychological kind of cluster for him Likewise, his main occu
topics_to_vtt_short_windows	topic:generated-topic-icons	Generated Topic Icons	topic	5	0.471524	0.121951	vtt:ngram:3:0002	information efficiently I’m interested in how things like embeddings, generated 	vtt_ngram_3	00:00:25.679	00:01:42.276	25.679	102.276	00:32:24.679	information efficiently I’m interested in how things like embeddings, generated categories, different kinds of relationships and graph structures can be used to make useful visualisations that do not look like a mess Speaking of which, this looks like a mess
topics_to_vtt_short_windows	topic:topics-as-recognisable-entities	Topics as Recognisable Entities	topic	1	0.580229	0.25641	vtt:ngram:3:0011	with a fittingly emptier area around it So the semantic integrity is good, but i	vtt_ngram_3	00:04:59.694	00:06:25.169	299.694	385.169	00:36:58.694	with a fittingly emptier area around it So the semantic integrity is good, but it is still not very intuitive These days we have image generators, so I semi-manually and semi-automatically generated icons for the topics That probably helps a little bit What w
topics_to_vtt_short_windows	topic:topics-as-recognisable-entities	Topics as Recognisable Entities	topic	2	0.571999	0.205128	vtt:ngram:3:0001	Hello I’m interested in the problem of how we as human beings, can get a good me	vtt_ngram_3	00:00:00.838	00:01:18.256	0.838	78.256	00:31:59.838	Hello I’m interested in the problem of how we as human beings, can get a good mental model of what is going on I want to understand things and make use of our high-bandwidth visual centres, which are very good at interpreting information efficiently I’m inter
topics_to_vtt_short_windows	topic:topics-as-recognisable-entities	Topics as Recognisable Entities	topic	3	0.538696	0.128205	vtt:ngram:3:0002	information efficiently I’m interested in how things like embeddings, generated 	vtt_ngram_3	00:00:25.679	00:01:42.276	25.679	102.276	00:32:24.679	information efficiently I’m interested in how things like embeddings, generated categories, different kinds of relationships and graph structures can be used to make useful visualisations that do not look like a mess Speaking of which, this looks like a mess
topics_to_vtt_short_windows	topic:topics-as-recognisable-entities	Topics as Recognisable Entities	topic	4	0.522378	0.230769	vtt:ngram:3:0010	Gold fits into a psychological kind of cluster for him Likewise, his main occupa	vtt_ngram_3	00:04:26.415	00:05:54.948	266.415	354.948	00:36:25.415	Gold fits into a psychological kind of cluster for him Likewise, his main occupational duties are in a place, and there is a Navy cluster There is also the Great Fire of London with a fittingly emptier area around it So the semantic integrity is good, but it
topics_to_vtt_short_windows	topic:topics-as-recognisable-entities	Topics as Recognisable Entities	topic	5	0.520443	0.282051	vtt:ngram:3:0013	There is a lot that could be done I do have large-language-model-generated salie	vtt_ngram_3	00:05:54.978	00:07:20.445	354.978	440.445	00:37:53.978	There is a lot that could be done I do have large-language-model-generated salience scores for some of the topics I use those to adjust the scale and opacity of some nodes For instance, there is a woman who was loosely related to some people in this area thro
topics_to_vtt_short_windows	topic:salience-rank-scale-opacity	Salience, Rank, Scale, and Opacity	topic	1	0.611198	0.390244	vtt:ngram:3:0013	There is a lot that could be done I do have large-language-model-generated salie	vtt_ngram_3	00:05:54.978	00:07:20.445	354.978	440.445	00:37:53.978	There is a lot that could be done I do have large-language-model-generated salience scores for some of the topics I use those to adjust the scale and opacity of some nodes For instance, there is a woman who was loosely related to some people in this area thro
topics_to_vtt_short_windows	topic:salience-rank-scale-opacity	Salience, Rank, Scale, and Opacity	topic	2	0.556307	0.292683	vtt:ngram:3:0012	That probably helps a little bit What would be more useful is a zoomable user in	vtt_ngram_3	00:05:28.937	00:06:53.046	328.937	413.046	00:37:27.937	That probably helps a little bit What would be more useful is a zoomable user interface where we can look at different things at different levels and see different zoom states, very much like what Ivan Lugo was talking about earlier I have not done much with
topics_to_vtt_short_windows	topic:salience-rank-scale-opacity	Salience, Rank, Scale, and Opacity	topic	3	0.510127	0.243902	vtt:ngram:3:0011	with a fittingly emptier area around it So the semantic integrity is good, but i	vtt_ngram_3	00:04:59.694	00:06:25.169	299.694	385.169	00:36:58.694	with a fittingly emptier area around it So the semantic integrity is good, but it is still not very intuitive These days we have image generators, so I semi-manually and semi-automatically generated icons for the topics That probably helps a little bit What w
topics_to_vtt_short_windows	topic:salience-rank-scale-opacity	Salience, Rank, Scale, and Opacity	topic	4	0.502268	0.292683	vtt:ngram:3:0014	loosely related to some people in this area through gossip She is not as central	vtt_ngram_3	00:06:25.199	00:07:43.618	385.199	463.618	00:38:24.199	loosely related to some people in this area through gossip She is not as central to Pepys’s life Her centrality is low, but she is still an interesting figure She is not at full opacity, because she is not worth foregrounding from the broad overview perspecti
topics_to_vtt_short_windows	topic:salience-rank-scale-opacity	Salience, Rank, Scale, and Opacity	topic	5	0.496006	0.292683	vtt:ngram:3:0015	worth foregrounding from the broad overview perspective of his life When I am zo	vtt_ngram_3	00:06:53.174	00:07:59.307	413.174	479.307	00:38:52.174	worth foregrounding from the broad overview perspective of his life When I am zoomed out, the map shows things that are high-rank and high-salience, or some combination of those When I zoom in, it shows more nodes without fading them out That is basically as
topics_to_vtt_short_windows	topic:zoomable-user-interface	Zoomable User Interface	topic	1	0.610919	0.307692	vtt:ngram:3:0012	That probably helps a little bit What would be more useful is a zoomable user in	vtt_ngram_3	00:05:28.937	00:06:53.046	328.937	413.046	00:37:27.937	That probably helps a little bit What would be more useful is a zoomable user interface where we can look at different things at different levels and see different zoom states, very much like what Ivan Lugo was talking about earlier I have not done much with
topics_to_vtt_short_windows	topic:zoomable-user-interface	Zoomable User Interface	topic	2	0.607232	0.282051	vtt:ngram:3:0011	with a fittingly emptier area around it So the semantic integrity is good, but i	vtt_ngram_3	00:04:59.694	00:06:25.169	299.694	385.169	00:36:58.694	with a fittingly emptier area around it So the semantic integrity is good, but it is still not very intuitive These days we have image generators, so I semi-manually and semi-automatically generated icons for the topics That probably helps a little bit What w
topics_to_vtt_short_windows	topic:zoomable-user-interface	Zoomable User Interface	topic	3	0.575401	0.205128	vtt:ngram:3:0015	worth foregrounding from the broad overview perspective of his life When I am zo	vtt_ngram_3	00:06:53.174	00:07:59.307	413.174	479.307	00:38:52.174	worth foregrounding from the broad overview perspective of his life When I am zoomed out, the map shows things that are high-rank and high-salience, or some combination of those When I zoom in, it shows more nodes without fading them out That is basically as
topics_to_vtt_short_windows	topic:zoomable-user-interface	Zoomable User Interface	topic	4	0.540896	0.230769	vtt:ngram:3:0010	Gold fits into a psychological kind of cluster for him Likewise, his main occupa	vtt_ngram_3	00:04:26.415	00:05:54.948	266.415	354.948	00:36:25.415	Gold fits into a psychological kind of cluster for him Likewise, his main occupational duties are in a place, and there is a Navy cluster There is also the Great Fire of London with a fittingly emptier area around it So the semantic integrity is good, but it
topics_to_vtt_short_windows	topic:zoomable-user-interface	Zoomable User Interface	topic	5	0.487474	0.179487	vtt:ngram:3:0016	That is basically as far as I have got with that I’m going to do the thing and j	vtt_ngram_3	00:07:24.427	00:08:16.171	444.427	496.171	00:39:23.427	That is basically as far as I have got with that I’m going to do the thing and jump in with a question in the middle That’s the format I have this weird personal belief: any interface that presents information, or presents a visualisation of something is also
topics_to_vtt_short_windows	topic:progressive-zoom-disclosure	Progressive Zoom Disclosure	topic	1	0.550746	0.2	vtt:ngram:3:0012	That probably helps a little bit What would be more useful is a zoomable user in	vtt_ngram_3	00:05:28.937	00:06:53.046	328.937	413.046	00:37:27.937	That probably helps a little bit What would be more useful is a zoomable user interface where we can look at different things at different levels and see different zoom states, very much like what Ivan Lugo was talking about earlier I have not done much with
topics_to_vtt_short_windows	topic:progressive-zoom-disclosure	Progressive Zoom Disclosure	topic	2	0.540526	0.225	vtt:ngram:3:0015	worth foregrounding from the broad overview perspective of his life When I am zo	vtt_ngram_3	00:06:53.174	00:07:59.307	413.174	479.307	00:38:52.174	worth foregrounding from the broad overview perspective of his life When I am zoomed out, the map shows things that are high-rank and high-salience, or some combination of those When I zoom in, it shows more nodes without fading them out That is basically as
topics_to_vtt_short_windows	topic:progressive-zoom-disclosure	Progressive Zoom Disclosure	topic	3	0.526514	0.225	vtt:ngram:3:0011	with a fittingly emptier area around it So the semantic integrity is good, but i	vtt_ngram_3	00:04:59.694	00:06:25.169	299.694	385.169	00:36:58.694	with a fittingly emptier area around it So the semantic integrity is good, but it is still not very intuitive These days we have image generators, so I semi-manually and semi-automatically generated icons for the topics That probably helps a little bit What w
topics_to_vtt_short_windows	topic:progressive-zoom-disclosure	Progressive Zoom Disclosure	topic	4	0.509539	0.25	vtt:ngram:3:0013	There is a lot that could be done I do have large-language-model-generated salie	vtt_ngram_3	00:05:54.978	00:07:20.445	354.978	440.445	00:37:53.978	There is a lot that could be done I do have large-language-model-generated salience scores for some of the topics I use those to adjust the scale and opacity of some nodes For instance, there is a woman who was loosely related to some people in this area thro
topics_to_vtt_short_windows	topic:progressive-zoom-disclosure	Progressive Zoom Disclosure	topic	5	0.478362	0.175	vtt:ngram:3:0014	loosely related to some people in this area through gossip She is not as central	vtt_ngram_3	00:06:25.199	00:07:43.618	385.199	463.618	00:38:24.199	loosely related to some people in this area through gossip She is not as central to Pepys’s life Her centrality is low, but she is still an interesting figure She is not at full opacity, because she is not worth foregrounding from the broad overview perspecti
topics_to_vtt_short_windows	topic:visual-linguistic-themes	Visual-Linguistic Themes	topic	1	0.624901	0.25	vtt:ngram:3:0032	of an article I saw on Hacker News or somewhere around there It was an arXiv pap	vtt_ngram_3	00:13:31.348	00:14:23.403	811.348	863.403	00:45:30.348	of an article I saw on Hacker News or somewhere around there It was an arXiv paper, and it talked about that very thing Researchers had found that across a number of languages there was a very definite pattern to certain words word groups, and semantics One t
topics_to_vtt_short_windows	topic:visual-linguistic-themes	Visual-Linguistic Themes	topic	2	0.573339	0.225	vtt:ngram:3:0033	word groups, and semantics One thing that this project is showing is that this i	vtt_ngram_3	00:13:48.553	00:14:51.756	828.553	891.756	00:45:47.553	word groups, and semantics One thing that this project is showing is that this is a kind of language I’m looking at Dining, Great Fire, and Prize Goods and there is a certain visual theme and linguistic theme to it I’m curious because you have clearly operate
topics_to_vtt_short_windows	topic:visual-linguistic-themes	Visual-Linguistic Themes	topic	3	0.514611	0.275	vtt:ngram:3:0031	People are interested in that from a machine-learning interpretability and safet	vtt_ngram_3	00:13:07.881	00:14:03.079	787.881	843.079	00:45:06.881	People are interested in that from a machine-learning interpretability and safety perspective as well Thanks We have time for one more question I have a quick one too That last point about high dimensionality and language reminds me of an article I saw on Hac
topics_to_vtt_short_windows	topic:visual-linguistic-themes	Visual-Linguistic Themes	topic	4	0.489268	0.15	vtt:ngram:3:0039	That paper is perfect We are finding that things have a definitive shape Whether	vtt_ngram_3	00:16:16.066	00:17:01.386	976.066	1021.386	00:48:15.066	That paper is perfect We are finding that things have a definitive shape Whether I am speaking Italian, German, French English, or some weird mixture, if I say a word like good, bad, evil, or positive, it is going to have some kind of shape When I am talking
topics_to_vtt_short_windows	topic:visual-linguistic-themes	Visual-Linguistic Themes	topic	5	0.480161	0.175	vtt:ngram:3:0041	This is really cool to see It shows how it works on the data side Thank you Very	vtt_ngram_3	00:16:44.705	00:17:48.207	1004.705	1068.207	00:48:43.705	This is really cool to see It shows how it works on the data side Thank you Very cool I also love to point to Bob Horn Robert Horn, who coined the term visual language or at least popularised it He wrote a book about it He is a wise elder gentleman who lives
topics_to_vtt_short_windows	topic:abstraction-levels	Abstraction Levels	topic	1	0.42348	0.232558	vtt:ngram:3:0011	with a fittingly emptier area around it So the semantic integrity is good, but i	vtt_ngram_3	00:04:59.694	00:06:25.169	299.694	385.169	00:36:58.694	with a fittingly emptier area around it So the semantic integrity is good, but it is still not very intuitive These days we have image generators, so I semi-manually and semi-automatically generated icons for the topics That probably helps a little bit What w
topics_to_vtt_short_windows	topic:abstraction-levels	Abstraction Levels	topic	2	0.419584	0.27907	vtt:ngram:3:0045	how they fit together, and what level of abstraction works His book is probably 	vtt_ngram_3	00:18:14.048	00:19:29.365	1094.048	1169.365	00:50:13.048	how they fit together, and what level of abstraction works His book is probably from the 1980s or 1990s I do not know how well-known it is but it is out there on archive.org and he posted it as himself I encourage people who are wondering about the grammar of
topics_to_vtt_short_windows	topic:abstraction-levels	Abstraction Levels	topic	3	0.408623	0.232558	vtt:ngram:3:0001	Hello I’m interested in the problem of how we as human beings, can get a good me	vtt_ngram_3	00:00:00.838	00:01:18.256	0.838	78.256	00:31:59.838	Hello I’m interested in the problem of how we as human beings, can get a good mental model of what is going on I want to understand things and make use of our high-bandwidth visual centres, which are very good at interpreting information efficiently I’m inter
topics_to_vtt_short_windows	topic:abstraction-levels	Abstraction Levels	topic	4	0.405267	0.209302	vtt:ngram:3:0010	Gold fits into a psychological kind of cluster for him Likewise, his main occupa	vtt_ngram_3	00:04:26.415	00:05:54.948	266.415	354.948	00:36:25.415	Gold fits into a psychological kind of cluster for him Likewise, his main occupational duties are in a place, and there is a Navy cluster There is also the Great Fire of London with a fittingly emptier area around it So the semantic integrity is good, but it
topics_to_vtt_short_windows	topic:abstraction-levels	Abstraction Levels	topic	5	0.399813	0.209302	vtt:ngram:3:0015	worth foregrounding from the broad overview perspective of his life When I am zo	vtt_ngram_3	00:06:53.174	00:07:59.307	413.174	479.307	00:38:52.174	worth foregrounding from the broad overview perspective of his life When I am zoomed out, the map shows things that are high-rank and high-salience, or some combination of those When I zoom in, it shows more nodes without fading them out That is basically as
topics_to_vtt_short_windows	topic:map-as-expressive-interface	Map as Expressive Interface	topic	1	0.621527	0.294118	vtt:ngram:3:0016	That is basically as far as I have got with that I’m going to do the thing and j	vtt_ngram_3	00:07:24.427	00:08:16.171	444.427	496.171	00:39:23.427	That is basically as far as I have got with that I’m going to do the thing and jump in with a question in the middle That’s the format I have this weird personal belief: any interface that presents information, or presents a visualisation of something is also
topics_to_vtt_short_windows	topic:map-as-expressive-interface	Map as Expressive Interface	topic	2	0.585689	0.294118	vtt:ngram:3:0015	worth foregrounding from the broad overview perspective of his life When I am zo	vtt_ngram_3	00:06:53.174	00:07:59.307	413.174	479.307	00:38:52.174	worth foregrounding from the broad overview perspective of his life When I am zoomed out, the map shows things that are high-rank and high-salience, or some combination of those When I zoom in, it shows more nodes without fading them out That is basically as
topics_to_vtt_short_windows	topic:map-as-expressive-interface	Map as Expressive Interface	topic	3	0.574498	0.264706	vtt:ngram:3:0017	information, or presents a visualisation of something is also potentially a good	vtt_ngram_3	00:07:44.079	00:08:40.395	464.079	520.395	00:39:43.079	information, or presents a visualisation of something is also potentially a good interface through which we can express something There are two sides to every interface So far, you have talked about what this interface is revealing, what it is showing, and ho
topics_to_vtt_short_windows	topic:map-as-expressive-interface	Map as Expressive Interface	topic	4	0.458121	0.382353	vtt:ngram:3:0045	how they fit together, and what level of abstraction works His book is probably 	vtt_ngram_3	00:18:14.048	00:19:29.365	1094.048	1169.365	00:50:13.048	how they fit together, and what level of abstraction works His book is probably from the 1980s or 1990s I do not know how well-known it is but it is out there on archive.org and he posted it as himself I encourage people who are wondering about the grammar of
topics_to_vtt_short_windows	topic:map-as-expressive-interface	Map as Expressive Interface	topic	5	0.444274	0.323529	vtt:ngram:3:0026	But in an actual 2D space, things also have dimensions They have shapes We also 	vtt_ngram_3	00:11:30.422	00:12:23.639	690.422	743.639	00:43:29.422	But in an actual 2D space, things also have dimensions They have shapes We also think in categories On the screen, in a user interface many of those things could be grouped together by putting them in a box, or surrounding them with a line That is how many mi
topics_to_vtt_short_windows	topic:drag-and-drop-arrangement	Drag-and-Drop Arrangement	topic	1	0.563867	0.307692	vtt:ngram:3:0021	What might it mean, based on everything else the system knows about the space Ho	vtt_ngram_3	00:09:09.322	00:10:32.985	549.322	632.985	00:41:08.322	What might it mean, based on everything else the system knows about the space How might it relate to these personal things these social things, and these work things That can absolutely be done It is also sometimes useful to do drag and-drop image-collage wor
topics_to_vtt_short_windows	topic:drag-and-drop-arrangement	Drag-and-Drop Arrangement	topic	2	0.556007	0.333333	vtt:ngram:3:0022	It is also sometimes useful to do drag and-drop image-collage work People often 	vtt_ngram_3	00:09:28.875	00:11:08.591	568.875	668.591	00:41:27.875	It is also sometimes useful to do drag and-drop image-collage work People often prefer paper for this kind of reason It is a real pain, when working digitally to lose the ability to arrange things freely So yes, I think that would be powerful Another common p
topics_to_vtt_short_windows	topic:drag-and-drop-arrangement	Drag-and-Drop Arrangement	topic	3	0.544131	0.307692	vtt:ngram:3:0020	That is not ideal But one cool thing it can do is project back It can let us pre	vtt_ngram_3	00:08:40.500	00:09:59.448	520.5	599.448	00:40:39.500	That is not ideal But one cool thing it can do is project back It can let us predict what high-dimensional representation or high-dimensional embedding, would make sense if for example, I put something new here What might it mean, based on everything else the
topics_to_vtt_short_windows	topic:drag-and-drop-arrangement	Drag-and-Drop Arrangement	topic	4	0.409632	0.25641	vtt:ngram:3:0026	But in an actual 2D space, things also have dimensions They have shapes We also 	vtt_ngram_3	00:11:30.422	00:12:23.639	690.422	743.639	00:43:29.422	But in an actual 2D space, things also have dimensions They have shapes We also think in categories On the screen, in a user interface many of those things could be grouped together by putting them in a box, or surrounding them with a line That is how many mi
topics_to_vtt_short_windows	topic:drag-and-drop-arrangement	Drag-and-Drop Arrangement	topic	5	0.390764	0.153846	vtt:ngram:3:0002	information efficiently I’m interested in how things like embeddings, generated 	vtt_ngram_3	00:00:25.679	00:01:42.276	25.679	102.276	00:32:24.679	information efficiently I’m interested in how things like embeddings, generated categories, different kinds of relationships and graph structures can be used to make useful visualisations that do not look like a mess Speaking of which, this looks like a mess
topics_to_vtt_short_windows	topic:reverse-projection	Reverse Projection	topic	1	0.547682	0.315789	vtt:ngram:3:0018	higher-dimensional spaces I’m curious what you have thought about with respect t	vtt_ngram_3	00:07:59.337	00:09:08.985	479.337	548.985	00:39:58.337	higher-dimensional spaces I’m curious what you have thought about with respect to doing expressive work through this interface Yes We can actually project back There is a popular library called UMAP Learn that lets us do that UMAP is a common solution for dim
topics_to_vtt_short_windows	topic:reverse-projection	Reverse Projection	topic	2	0.54357	0.263158	vtt:ngram:3:0025	to ask, just unmute and go right ahead I have one question I really liked what y	vtt_ngram_3	00:11:08.621	00:12:09.269	668.621	729.269	00:43:07.621	to ask, just unmute and go right ahead I have one question I really liked what you mentioned about reverse-projecting into high-dimensional spaces Mathematicians like to simplify things into spherical cows When modelling things in 2D, we model everything as p
topics_to_vtt_short_windows	topic:reverse-projection	Reverse Projection	topic	3	0.525488	0.315789	vtt:ngram:3:0024	I perform a rotation that anchors two points When I regenerate the map, the enti	vtt_ngram_3	00:10:36.123	00:11:49.545	636.123	709.545	00:42:35.123	I perform a rotation that anchors two points When I regenerate the map, the entire map coheres which is really nice, especially for adding or removing points We have time for maybe two more questions If anybody in the audience has something they would like to
topics_to_vtt_short_windows	topic:reverse-projection	Reverse Projection	topic	4	0.521602	0.315789	vtt:ngram:3:0020	That is not ideal But one cool thing it can do is project back It can let us pre	vtt_ngram_3	00:08:40.500	00:09:59.448	520.5	599.448	00:40:39.500	That is not ideal But one cool thing it can do is project back It can let us predict what high-dimensional representation or high-dimensional embedding, would make sense if for example, I put something new here What might it mean, based on everything else the
topics_to_vtt_short_windows	topic:reverse-projection	Reverse Projection	topic	5	0.511588	0.289474	vtt:ngram:3:0023	Another common problem is that the orientation can flip around whenever one of t	vtt_ngram_3	00:10:07.891	00:11:30.362	607.891	690.362	00:42:06.891	Another common problem is that the orientation can flip around whenever one of these maps is regenerated There are different ways of doing dimensionality reduction and they are often based on a random seed or on other stochastic things, that make it hard to k
topics_to_vtt_short_windows	topic:moving-things-as-thinking	Moving Things as Thinking	topic	1	0.476685	0.289474	vtt:ngram:3:0021	What might it mean, based on everything else the system knows about the space Ho	vtt_ngram_3	00:09:09.322	00:10:32.985	549.322	632.985	00:41:08.322	What might it mean, based on everything else the system knows about the space How might it relate to these personal things these social things, and these work things That can absolutely be done It is also sometimes useful to do drag and-drop image-collage wor
topics_to_vtt_short_windows	topic:moving-things-as-thinking	Moving Things as Thinking	topic	2	0.468114	0.289474	vtt:ngram:3:0026	But in an actual 2D space, things also have dimensions They have shapes We also 	vtt_ngram_3	00:11:30.422	00:12:23.639	690.422	743.639	00:43:29.422	But in an actual 2D space, things also have dimensions They have shapes We also think in categories On the screen, in a user interface many of those things could be grouped together by putting them in a box, or surrounding them with a line That is how many mi
topics_to_vtt_short_windows	topic:moving-things-as-thinking	Moving Things as Thinking	topic	3	0.460068	0.263158	vtt:ngram:3:0001	Hello I’m interested in the problem of how we as human beings, can get a good me	vtt_ngram_3	00:00:00.838	00:01:18.256	0.838	78.256	00:31:59.838	Hello I’m interested in the problem of how we as human beings, can get a good mental model of what is going on I want to understand things and make use of our high-bandwidth visual centres, which are very good at interpreting information efficiently I’m inter
topics_to_vtt_short_windows	topic:moving-things-as-thinking	Moving Things as Thinking	topic	4	0.454612	0.263158	vtt:ngram:3:0025	to ask, just unmute and go right ahead I have one question I really liked what y	vtt_ngram_3	00:11:08.621	00:12:09.269	668.621	729.269	00:43:07.621	to ask, just unmute and go right ahead I have one question I really liked what you mentioned about reverse-projecting into high-dimensional spaces Mathematicians like to simplify things into spherical cows When modelling things in 2D, we model everything as p
topics_to_vtt_short_windows	topic:moving-things-as-thinking	Moving Things as Thinking	topic	5	0.450054	0.289474	vtt:ngram:3:0020	That is not ideal But one cool thing it can do is project back It can let us pre	vtt_ngram_3	00:08:40.500	00:09:59.448	520.5	599.448	00:40:39.500	That is not ideal But one cool thing it can do is project back It can let us predict what high-dimensional representation or high-dimensional embedding, would make sense if for example, I put something new here What might it mean, based on everything else the
topics_to_vtt_short_windows	topic:paper-like-digital-canvas	Paper-Like Digital Canvas	topic	1	0.577739	0.166667	vtt:ngram:3:0021	What might it mean, based on everything else the system knows about the space Ho	vtt_ngram_3	00:09:09.322	00:10:32.985	549.322	632.985	00:41:08.322	What might it mean, based on everything else the system knows about the space How might it relate to these personal things these social things, and these work things That can absolutely be done It is also sometimes useful to do drag and-drop image-collage wor
topics_to_vtt_short_windows	topic:paper-like-digital-canvas	Paper-Like Digital Canvas	topic	2	0.564142	0.166667	vtt:ngram:3:0020	That is not ideal But one cool thing it can do is project back It can let us pre	vtt_ngram_3	00:08:40.500	00:09:59.448	520.5	599.448	00:40:39.500	That is not ideal But one cool thing it can do is project back It can let us predict what high-dimensional representation or high-dimensional embedding, would make sense if for example, I put something new here What might it mean, based on everything else the
topics_to_vtt_short_windows	topic:paper-like-digital-canvas	Paper-Like Digital Canvas	topic	3	0.520391	0.214286	vtt:ngram:3:0022	It is also sometimes useful to do drag and-drop image-collage work People often 	vtt_ngram_3	00:09:28.875	00:11:08.591	568.875	668.591	00:41:27.875	It is also sometimes useful to do drag and-drop image-collage work People often prefer paper for this kind of reason It is a real pain, when working digitally to lose the ability to arrange things freely So yes, I think that would be powerful Another common p
topics_to_vtt_short_windows	topic:paper-like-digital-canvas	Paper-Like Digital Canvas	topic	4	0.464735	0.238095	vtt:ngram:3:0026	But in an actual 2D space, things also have dimensions They have shapes We also 	vtt_ngram_3	00:11:30.422	00:12:23.639	690.422	743.639	00:43:29.422	But in an actual 2D space, things also have dimensions They have shapes We also think in categories On the screen, in a user interface many of those things could be grouped together by putting them in a box, or surrounding them with a line That is how many mi
topics_to_vtt_short_windows	topic:paper-like-digital-canvas	Paper-Like Digital Canvas	topic	5	0.439801	0.190476	vtt:ngram:3:0016	That is basically as far as I have got with that I’m going to do the thing and j	vtt_ngram_3	00:07:24.427	00:08:16.171	444.427	496.171	00:39:23.427	That is basically as far as I have got with that I’m going to do the thing and jump in with a question in the middle That’s the format I have this weird personal belief: any interface that presents information, or presents a visualisation of something is also
topics_to_vtt_short_windows	topic:local-global-layout-tension	Local-Global Layout Tension	topic	1	0.49905	0.244444	vtt:ngram:3:0002	information efficiently I’m interested in how things like embeddings, generated 	vtt_ngram_3	00:00:25.679	00:01:42.276	25.679	102.276	00:32:24.679	information efficiently I’m interested in how things like embeddings, generated categories, different kinds of relationships and graph structures can be used to make useful visualisations that do not look like a mess Speaking of which, this looks like a mess
topics_to_vtt_short_windows	topic:local-global-layout-tension	Local-Global Layout Tension	topic	2	0.497627	0.244444	vtt:ngram:3:0001	Hello I’m interested in the problem of how we as human beings, can get a good me	vtt_ngram_3	00:00:00.838	00:01:18.256	0.838	78.256	00:31:59.838	Hello I’m interested in the problem of how we as human beings, can get a good mental model of what is going on I want to understand things and make use of our high-bandwidth visual centres, which are very good at interpreting information efficiently I’m inter
topics_to_vtt_short_windows	topic:local-global-layout-tension	Local-Global Layout Tension	topic	3	0.495277	0.155556	vtt:ngram:3:0003	This is what happens when a data set of topics is projected down from high-dimen	vtt_ngram_3	00:00:52.468	00:02:06.651	52.468	126.651	00:32:51.468	This is what happens when a data set of topics is projected down from high-dimensional space into 2D space We should expect it to be a mess We should expect overlap By default, there is not a clean reduction down to two-dimensional space That should not be su
topics_to_vtt_short_windows	topic:local-global-layout-tension	Local-Global Layout Tension	topic	4	0.473803	0.2	vtt:ngram:3:0021	What might it mean, based on everything else the system knows about the space Ho	vtt_ngram_3	00:09:09.322	00:10:32.985	549.322	632.985	00:41:08.322	What might it mean, based on everything else the system knows about the space How might it relate to these personal things these social things, and these work things That can absolutely be done It is also sometimes useful to do drag and-drop image-collage wor
topics_to_vtt_short_windows	topic:local-global-layout-tension	Local-Global Layout Tension	topic	5	0.472394	0.288889	vtt:ngram:3:0028	I have not done that yet I do not have it saying, for example that this belongs 	vtt_ngram_3	00:12:09.299	00:13:05.943	729.299	785.943	00:44:08.299	I have not done that yet I do not have it saying, for example that this belongs to a work cluster I do not have that kind of membership information at the moment, but it is doable Just looking at the 2D screen, I guess something like a Voronoi map would be th
topics_to_vtt_short_windows	topic:shared-representational-geometry	Shared Representational Geometry	topic	1	0.590769	0.228571	vtt:ngram:3:0030	and embedding spaces, they are finding out some really cool things recently Part	vtt_ngram_3	00:12:43.215	00:13:48.333	763.215	828.333	00:44:42.215	and embedding spaces, they are finding out some really cool things recently Particular geometric patterns are being shared among completely different models We are starting to peer into that geometric representation space that they have learned in high dimens
topics_to_vtt_short_windows	topic:shared-representational-geometry	Shared Representational Geometry	topic	2	0.582517	0.285714	vtt:ngram:3:0028	I have not done that yet I do not have it saying, for example that this belongs 	vtt_ngram_3	00:12:09.299	00:13:05.943	729.299	785.943	00:44:08.299	I have not done that yet I do not have it saying, for example that this belongs to a work cluster I do not have that kind of membership information at the moment, but it is doable Just looking at the 2D screen, I guess something like a Voronoi map would be th
topics_to_vtt_short_windows	topic:shared-representational-geometry	Shared Representational Geometry	topic	3	0.581446	0.257143	vtt:ngram:3:0029	a Voronoi map would be the easiest approach But there is this underlying structu	vtt_ngram_3	00:12:23.669	00:13:31.318	743.669	811.318	00:44:22.669	a Voronoi map would be the easiest approach But there is this underlying structure in the projection where different sections of the embedding space occupy different parts of the screen Yes In terms of what people are doing with pretrained models and embeddin
topics_to_vtt_short_windows	topic:shared-representational-geometry	Shared Representational Geometry	topic	4	0.521715	0.228571	vtt:ngram:3:0037	really efficient way Then the Manifold Steering paper came out It basically show	vtt_ngram_3	00:15:17.357	00:16:32.003	917.357	992.003	00:47:16.357	really efficient way Then the Manifold Steering paper came out It basically showed things like different dates mapping to a particular shape inside large language models They look at things like weekdays in different language models corresponding to certain s
topics_to_vtt_short_windows	topic:shared-representational-geometry	Shared Representational Geometry	topic	5	0.511216	0.2	vtt:ngram:3:0038	So I put aside my naive way of finding a few columns that had useful parameters,	vtt_ngram_3	00:15:46.764	00:16:44.675	946.764	1004.675	00:47:45.764	So I put aside my naive way of finding a few columns that had useful parameters, and tried to get my head around the whole higher-dimensional geometry they are using, because it seems more fundamental If that answers your question It does exactly That paper i
topics_to_vtt_short_windows	topic:cross-model-geometric-patterns	Cross-Model Geometric Patterns	topic	1	0.594101	0.388889	vtt:ngram:3:0030	and embedding spaces, they are finding out some really cool things recently Part	vtt_ngram_3	00:12:43.215	00:13:48.333	763.215	828.333	00:44:42.215	and embedding spaces, they are finding out some really cool things recently Particular geometric patterns are being shared among completely different models We are starting to peer into that geometric representation space that they have learned in high dimens
topics_to_vtt_short_windows	topic:cross-model-geometric-patterns	Cross-Model Geometric Patterns	topic	2	0.535879	0.305556	vtt:ngram:3:0028	I have not done that yet I do not have it saying, for example that this belongs 	vtt_ngram_3	00:12:09.299	00:13:05.943	729.299	785.943	00:44:08.299	I have not done that yet I do not have it saying, for example that this belongs to a work cluster I do not have that kind of membership information at the moment, but it is doable Just looking at the 2D screen, I guess something like a Voronoi map would be th
topics_to_vtt_short_windows	topic:cross-model-geometric-patterns	Cross-Model Geometric Patterns	topic	3	0.533501	0.277778	vtt:ngram:3:0029	a Voronoi map would be the easiest approach But there is this underlying structu	vtt_ngram_3	00:12:23.669	00:13:31.318	743.669	811.318	00:44:22.669	a Voronoi map would be the easiest approach But there is this underlying structure in the projection where different sections of the embedding space occupy different parts of the screen Yes In terms of what people are doing with pretrained models and embeddin
topics_to_vtt_short_windows	topic:cross-model-geometric-patterns	Cross-Model Geometric Patterns	topic	4	0.4831	0.194444	vtt:ngram:3:0037	really efficient way Then the Manifold Steering paper came out It basically show	vtt_ngram_3	00:15:17.357	00:16:32.003	917.357	992.003	00:47:16.357	really efficient way Then the Manifold Steering paper came out It basically showed things like different dates mapping to a particular shape inside large language models They look at things like weekdays in different language models corresponding to certain s
topics_to_vtt_short_windows	topic:cross-model-geometric-patterns	Cross-Model Geometric Patterns	topic	5	0.465267	0.222222	vtt:ngram:3:0032	of an article I saw on Hacker News or somewhere around there It was an arXiv pap	vtt_ngram_3	00:13:31.348	00:14:23.403	811.348	863.403	00:45:30.348	of an article I saw on Hacker News or somewhere around there It was an arXiv paper, and it talked about that very thing Researchers had found that across a number of languages there was a very definite pattern to certain words word groups, and semantics One t
topics_to_vtt_short_windows	topic:cross-lingual-semantic-shapes	Cross-Lingual Semantic Shapes	topic	1	0.522119	0.212121	vtt:ngram:3:0037	really efficient way Then the Manifold Steering paper came out It basically show	vtt_ngram_3	00:15:17.357	00:16:32.003	917.357	992.003	00:47:16.357	really efficient way Then the Manifold Steering paper came out It basically showed things like different dates mapping to a particular shape inside large language models They look at things like weekdays in different language models corresponding to certain s
topics_to_vtt_short_windows	topic:cross-lingual-semantic-shapes	Cross-Lingual Semantic Shapes	topic	2	0.513957	0.181818	vtt:ngram:3:0032	of an article I saw on Hacker News or somewhere around there It was an arXiv pap	vtt_ngram_3	00:13:31.348	00:14:23.403	811.348	863.403	00:45:30.348	of an article I saw on Hacker News or somewhere around there It was an arXiv paper, and it talked about that very thing Researchers had found that across a number of languages there was a very definite pattern to certain words word groups, and semantics One t
topics_to_vtt_short_windows	topic:cross-lingual-semantic-shapes	Cross-Lingual Semantic Shapes	topic	3	0.511103	0.121212	vtt:ngram:3:0039	That paper is perfect We are finding that things have a definitive shape Whether	vtt_ngram_3	00:16:16.066	00:17:01.386	976.066	1021.386	00:48:15.066	That paper is perfect We are finding that things have a definitive shape Whether I am speaking Italian, German, French English, or some weird mixture, if I say a word like good, bad, evil, or positive, it is going to have some kind of shape When I am talking
topics_to_vtt_short_windows	topic:cross-lingual-semantic-shapes	Cross-Lingual Semantic Shapes	topic	4	0.502219	0.121212	vtt:ngram:3:0033	word groups, and semantics One thing that this project is showing is that this i	vtt_ngram_3	00:13:48.553	00:14:51.756	828.553	891.756	00:45:47.553	word groups, and semantics One thing that this project is showing is that this is a kind of language I’m looking at Dining, Great Fire, and Prize Goods and there is a certain visual theme and linguistic theme to it I’m curious because you have clearly operate
topics_to_vtt_short_windows	topic:cross-lingual-semantic-shapes	Cross-Lingual Semantic Shapes	topic	5	0.495678	0.181818	vtt:ngram:3:0038	So I put aside my naive way of finding a few columns that had useful parameters,	vtt_ngram_3	00:15:46.764	00:16:44.675	946.764	1004.675	00:47:45.764	So I put aside my naive way of finding a few columns that had useful parameters, and tried to get my head around the whole higher-dimensional geometry they are using, because it seems more fundamental If that answers your question It does exactly That paper i
topics_to_vtt_short_windows	topic:person-specific-meaning	Person-Specific Meaning	topic	1	0.390785	0.25	vtt:ngram:3:0034	I’m curious because you have clearly operated on this from different texts and d	vtt_ngram_3	00:14:05.193	00:15:17.327	845.193	917.327	00:46:04.193	I’m curious because you have clearly operated on this from different texts and different spaces Have you seen linguistic patterns in the way you have built this out Have you tried to visualise that For instance, in this case Dining means this but for another
topics_to_vtt_short_windows	topic:person-specific-meaning	Person-Specific Meaning	topic	2	0.382276	0.225	vtt:ngram:3:0013	There is a lot that could be done I do have large-language-model-generated salie	vtt_ngram_3	00:05:54.978	00:07:20.445	354.978	440.445	00:37:53.978	There is a lot that could be done I do have large-language-model-generated salience scores for some of the topics I use those to adjust the scale and opacity of some nodes For instance, there is a woman who was loosely related to some people in this area thro
topics_to_vtt_short_windows	topic:person-specific-meaning	Person-Specific Meaning	topic	3	0.373966	0.275	vtt:ngram:3:0033	word groups, and semantics One thing that this project is showing is that this i	vtt_ngram_3	00:13:48.553	00:14:51.756	828.553	891.756	00:45:47.553	word groups, and semantics One thing that this project is showing is that this is a kind of language I’m looking at Dining, Great Fire, and Prize Goods and there is a certain visual theme and linguistic theme to it I’m curious because you have clearly operate
topics_to_vtt_short_windows	topic:person-specific-meaning	Person-Specific Meaning	topic	4	0.373387	0.275	vtt:ngram:3:0035	but for another person Dining means that Have you been able to express that at a	vtt_ngram_3	00:14:23.433	00:15:46.725	863.433	946.725	00:46:22.433	but for another person Dining means that Have you been able to express that at all One thing I was looking into was whether I could use off-the-shelf MiniLM embeddings to do salience prediction by extracting a few dimensions and maybe multiplying some of them
topics_to_vtt_short_windows	topic:person-specific-meaning	Person-Specific Meaning	topic	5	0.372498	0.225	vtt:ngram:3:0014	loosely related to some people in this area through gossip She is not as central	vtt_ngram_3	00:06:25.199	00:07:43.618	385.199	463.618	00:38:24.199	loosely related to some people in this area through gossip She is not as central to Pepys’s life Her centrality is low, but she is still an interesting figure She is not at full opacity, because she is not worth foregrounding from the broad overview perspecti
topics_to_vtt_short_windows	topic:manifold-steering	Manifold Steering	topic	1	0.635157	0.194444	vtt:ngram:3:0037	really efficient way Then the Manifold Steering paper came out It basically show	vtt_ngram_3	00:15:17.357	00:16:32.003	917.357	992.003	00:47:16.357	really efficient way Then the Manifold Steering paper came out It basically showed things like different dates mapping to a particular shape inside large language models They look at things like weekdays in different language models corresponding to certain s
topics_to_vtt_short_windows	topic:manifold-steering	Manifold Steering	topic	2	0.593417	0.194444	vtt:ngram:3:0036	That worked pretty well I would have a data set of different kinds of life event	vtt_ngram_3	00:14:53.344	00:16:16.048	893.344	976.048	00:46:52.344	That worked pretty well I would have a data set of different kinds of life events at different scales Then we could zoom in on ways to slice the normal embeddings we get for a piece of text and use that to predict something like salience in a really efficient
topics_to_vtt_short_windows	topic:manifold-steering	Manifold Steering	topic	3	0.490633	0.194444	vtt:ngram:3:0035	but for another person Dining means that Have you been able to express that at a	vtt_ngram_3	00:14:23.433	00:15:46.725	863.433	946.725	00:46:22.433	but for another person Dining means that Have you been able to express that at all One thing I was looking into was whether I could use off-the-shelf MiniLM embeddings to do salience prediction by extracting a few dimensions and maybe multiplying some of them
topics_to_vtt_short_windows	topic:manifold-steering	Manifold Steering	topic	4	0.481443	0.166667	vtt:ngram:3:0029	a Voronoi map would be the easiest approach But there is this underlying structu	vtt_ngram_3	00:12:23.669	00:13:31.318	743.669	811.318	00:44:22.669	a Voronoi map would be the easiest approach But there is this underlying structure in the projection where different sections of the embedding space occupy different parts of the screen Yes In terms of what people are doing with pretrained models and embeddin
topics_to_vtt_short_windows	topic:manifold-steering	Manifold Steering	topic	5	0.480408	0.194444	vtt:ngram:3:0028	I have not done that yet I do not have it saying, for example that this belongs 	vtt_ngram_3	00:12:09.299	00:13:05.943	729.299	785.943	00:44:08.299	I have not done that yet I do not have it saying, for example that this belongs to a work cluster I do not have that kind of membership information at the moment, but it is doable Just looking at the 2D screen, I guess something like a Voronoi map would be th
topics_to_vtt_short_windows	topic:calendar-concept-shapes	Calendar Concept Shapes	topic	1	0.502499	0.282051	vtt:ngram:3:0037	really efficient way Then the Manifold Steering paper came out It basically show	vtt_ngram_3	00:15:17.357	00:16:32.003	917.357	992.003	00:47:16.357	really efficient way Then the Manifold Steering paper came out It basically showed things like different dates mapping to a particular shape inside large language models They look at things like weekdays in different language models corresponding to certain s
topics_to_vtt_short_windows	topic:calendar-concept-shapes	Calendar Concept Shapes	topic	2	0.44261	0.25641	vtt:ngram:3:0036	That worked pretty well I would have a data set of different kinds of life event	vtt_ngram_3	00:14:53.344	00:16:16.048	893.344	976.048	00:46:52.344	That worked pretty well I would have a data set of different kinds of life events at different scales Then we could zoom in on ways to slice the normal embeddings we get for a piece of text and use that to predict something like salience in a really efficient
topics_to_vtt_short_windows	topic:calendar-concept-shapes	Calendar Concept Shapes	topic	3	0.428321	0.25641	vtt:ngram:3:0026	But in an actual 2D space, things also have dimensions They have shapes We also 	vtt_ngram_3	00:11:30.422	00:12:23.639	690.422	743.639	00:43:29.422	But in an actual 2D space, things also have dimensions They have shapes We also think in categories On the screen, in a user interface many of those things could be grouped together by putting them in a box, or surrounding them with a line That is how many mi
topics_to_vtt_short_windows	topic:calendar-concept-shapes	Calendar Concept Shapes	topic	4	0.421459	0.179487	vtt:ngram:3:0038	So I put aside my naive way of finding a few columns that had useful parameters,	vtt_ngram_3	00:15:46.764	00:16:44.675	946.764	1004.675	00:47:45.764	So I put aside my naive way of finding a few columns that had useful parameters, and tried to get my head around the whole higher-dimensional geometry they are using, because it seems more fundamental If that answers your question It does exactly That paper i
topics_to_vtt_short_windows	topic:calendar-concept-shapes	Calendar Concept Shapes	topic	5	0.402364	0.25641	vtt:ngram:3:0025	to ask, just unmute and go right ahead I have one question I really liked what y	vtt_ngram_3	00:11:08.621	00:12:09.269	668.621	729.269	00:43:07.621	to ask, just unmute and go right ahead I have one question I really liked what you mentioned about reverse-projecting into high-dimensional spaces Mathematicians like to simplify things into spherical cows When modelling things in 2D, we model everything as p
topics_to_vtt_short_windows	topic:interpretability-and-ai-safety	Interpretability and AI Safety	topic	1	0.534543	0.131579	vtt:ngram:3:0031	People are interested in that from a machine-learning interpretability and safet	vtt_ngram_3	00:13:07.881	00:14:03.079	787.881	843.079	00:45:06.881	People are interested in that from a machine-learning interpretability and safety perspective as well Thanks We have time for one more question I have a quick one too That last point about high dimensionality and language reminds me of an article I saw on Hac
topics_to_vtt_short_windows	topic:interpretability-and-ai-safety	Interpretability and AI Safety	topic	2	0.49787	0.131579	vtt:ngram:3:0030	and embedding spaces, they are finding out some really cool things recently Part	vtt_ngram_3	00:12:43.215	00:13:48.333	763.215	828.333	00:44:42.215	and embedding spaces, they are finding out some really cool things recently Particular geometric patterns are being shared among completely different models We are starting to peer into that geometric representation space that they have learned in high dimens
topics_to_vtt_short_windows	topic:interpretability-and-ai-safety	Interpretability and AI Safety	topic	3	0.466747	0.236842	vtt:ngram:3:0029	a Voronoi map would be the easiest approach But there is this underlying structu	vtt_ngram_3	00:12:23.669	00:13:31.318	743.669	811.318	00:44:22.669	a Voronoi map would be the easiest approach But there is this underlying structure in the projection where different sections of the embedding space occupy different parts of the screen Yes In terms of what people are doing with pretrained models and embeddin
topics_to_vtt_short_windows	topic:interpretability-and-ai-safety	Interpretability and AI Safety	topic	4	0.439181	0.157895	vtt:ngram:3:0001	Hello I’m interested in the problem of how we as human beings, can get a good me	vtt_ngram_3	00:00:00.838	00:01:18.256	0.838	78.256	00:31:59.838	Hello I’m interested in the problem of how we as human beings, can get a good mental model of what is going on I want to understand things and make use of our high-bandwidth visual centres, which are very good at interpreting information efficiently I’m inter
topics_to_vtt_short_windows	topic:interpretability-and-ai-safety	Interpretability and AI Safety	topic	5	0.407987	0.184211	vtt:ngram:3:0006	But then we have to tweak all kinds of fiddly variables to keep the semantic int	vtt_ngram_3	00:02:06.681	00:03:49.380	126.681	229.38	00:34:05.681	But then we have to tweak all kinds of fiddly variables to keep the semantic integrity authentic It is also a bit of a kludge to switch to a different kind of algorithm at presentation time without any consideration of the semantic embeddings themselves I hav
topics_to_vtt_short_windows	topic:visual-language-grammar	Visual Language Grammar	topic	1	0.565747	0.315789	vtt:ngram:3:0043	Maybe a decade ago, he published some really cool PDFs to archive.org, after the	vtt_ngram_3	00:17:18.847	00:18:37.968	1038.847	1117.968	00:49:17.847	Maybe a decade ago, he published some really cool PDFs to archive.org, after they had already scanned his visual language book He has a very clear walkthrough of how this can make sense between us How can somebody have an inkling of what this is about by look
topics_to_vtt_short_windows	topic:visual-language-grammar	Visual Language Grammar	topic	2	0.561801	0.342105	vtt:ngram:3:0044	about by looking at it, without actually knowing about Pepys and his life There 	vtt_ngram_3	00:17:48.237	00:19:06.191	1068.237	1146.191	00:49:47.237	about by looking at it, without actually knowing about Pepys and his life There are a whole load of language components that he talks about and explains why it is important to have text why it is important to have visuals how they fit together, and what level
topics_to_vtt_short_windows	topic:visual-language-grammar	Visual Language Grammar	topic	3	0.560008	0.184211	vtt:ngram:3:0041	This is really cool to see It shows how it works on the data side Thank you Very	vtt_ngram_3	00:16:44.705	00:17:48.207	1004.705	1068.207	00:48:43.705	This is really cool to see It shows how it works on the data side Thank you Very cool I also love to point to Bob Horn Robert Horn, who coined the term visual language or at least popularised it He wrote a book about it He is a wise elder gentleman who lives
topics_to_vtt_short_windows	topic:visual-language-grammar	Visual Language Grammar	topic	4	0.550124	0.315789	vtt:ngram:3:0045	how they fit together, and what level of abstraction works His book is probably 	vtt_ngram_3	00:18:14.048	00:19:29.365	1094.048	1169.365	00:50:13.048	how they fit together, and what level of abstraction works His book is probably from the 1980s or 1990s I do not know how well-known it is but it is out there on archive.org and he posted it as himself I encourage people who are wondering about the grammar of
topics_to_vtt_short_windows	topic:visual-language-grammar	Visual Language Grammar	topic	5	0.549465	0.236842	vtt:ngram:3:0039	That paper is perfect We are finding that things have a definitive shape Whether	vtt_ngram_3	00:16:16.066	00:17:01.386	976.066	1021.386	00:48:15.066	That paper is perfect We are finding that things have a definitive shape Whether I am speaking Italian, German, French English, or some weird mixture, if I say a word like good, bad, evil, or positive, it is going to have some kind of shape When I am talking
topics_to_vtt_short_windows	topic:robert-horn-visual-language	Robert Horn Visual Language	topic	1	0.728866	0.243243	vtt:ngram:3:0041	This is really cool to see It shows how it works on the data side Thank you Very	vtt_ngram_3	00:16:44.705	00:17:48.207	1004.705	1068.207	00:48:43.705	This is really cool to see It shows how it works on the data side Thank you Very cool I also love to point to Bob Horn Robert Horn, who coined the term visual language or at least popularised it He wrote a book about it He is a wise elder gentleman who lives
topics_to_vtt_short_windows	topic:robert-horn-visual-language	Robert Horn Visual Language	topic	2	0.674317	0.27027	vtt:ngram:3:0040	When I am talking to you and I can see that shape, that is another dimension we 	vtt_ngram_3	00:16:32.044	00:17:15.738	992.044	1035.738	00:48:31.044	When I am talking to you and I can see that shape, that is another dimension we can communicate across That is very much why I am trying to build my whole system What you are describing is that we need a visual medium for it This is really cool to see It show
topics_to_vtt_short_windows	topic:robert-horn-visual-language	Robert Horn Visual Language	topic	3	0.596642	0.297297	vtt:ngram:3:0039	That paper is perfect We are finding that things have a definitive shape Whether	vtt_ngram_3	00:16:16.066	00:17:01.386	976.066	1021.386	00:48:15.066	That paper is perfect We are finding that things have a definitive shape Whether I am speaking Italian, German, French English, or some weird mixture, if I say a word like good, bad, evil, or positive, it is going to have some kind of shape When I am talking
topics_to_vtt_short_windows	topic:robert-horn-visual-language	Robert Horn Visual Language	topic	4	0.532711	0.297297	vtt:ngram:3:0045	how they fit together, and what level of abstraction works His book is probably 	vtt_ngram_3	00:18:14.048	00:19:29.365	1094.048	1169.365	00:50:13.048	how they fit together, and what level of abstraction works His book is probably from the 1980s or 1990s I do not know how well-known it is but it is out there on archive.org and he posted it as himself I encourage people who are wondering about the grammar of
topics_to_vtt_short_windows	topic:robert-horn-visual-language	Robert Horn Visual Language	topic	5	0.519567	0.297297	vtt:ngram:3:0044	about by looking at it, without actually knowing about Pepys and his life There 	vtt_ngram_3	00:17:48.237	00:19:06.191	1068.237	1146.191	00:49:47.237	about by looking at it, without actually knowing about Pepys and his life There are a whole load of language components that he talks about and explains why it is important to have text why it is important to have visuals how they fit together, and what level
topics_to_vtt_short_windows	topic:information-murals-and-mess-maps	Information Murals and Mess Maps	topic	1	0.531816	0.171429	vtt:ngram:3:0047	risk areas How do we get them to collaborate and share their findings in a usefu	vtt_ngram_3	00:19:06.267	00:20:11.681	1146.267	1211.681	00:51:05.267	risk areas How do we get them to collaborate and share their findings in a useful way We might make a mess map, or an information mural or something like that There is a defined language that has been mapped out to some degree That does not mean there are no
topics_to_vtt_short_windows	topic:information-murals-and-mess-maps	Information Murals and Mess Maps	topic	2	0.531707	0.228571	vtt:ngram:3:0045	how they fit together, and what level of abstraction works His book is probably 	vtt_ngram_3	00:18:14.048	00:19:29.365	1094.048	1169.365	00:50:13.048	how they fit together, and what level of abstraction works His book is probably from the 1980s or 1990s I do not know how well-known it is but it is out there on archive.org and he posted it as himself I encourage people who are wondering about the grammar of
topics_to_vtt_short_windows	topic:information-murals-and-mess-maps	Information Murals and Mess Maps	topic	3	0.521038	0.2	vtt:ngram:3:0046	visual language to check that out, because he has thought about this stuff a lot	vtt_ngram_3	00:18:37.998	00:19:52.373	1117.998	1192.373	00:50:36.998	visual language to check that out, because he has thought about this stuff a lot People have been using this kind of thing actively for things like studying pandemics How do we communicate with hundreds of different people who have different specialisms in di
topics_to_vtt_short_windows	topic:information-murals-and-mess-maps	Information Murals and Mess Maps	topic	4	0.514926	0.228571	vtt:ngram:3:0001	Hello I’m interested in the problem of how we as human beings, can get a good me	vtt_ngram_3	00:00:00.838	00:01:18.256	0.838	78.256	00:31:59.838	Hello I’m interested in the problem of how we as human beings, can get a good mental model of what is going on I want to understand things and make use of our high-bandwidth visual centres, which are very good at interpreting information efficiently I’m inter
topics_to_vtt_short_windows	topic:information-murals-and-mess-maps	Information Murals and Mess Maps	topic	5	0.50197	0.171429	vtt:ngram:3:0002	information efficiently I’m interested in how things like embeddings, generated 	vtt_ngram_3	00:00:25.679	00:01:42.276	25.679	102.276	00:32:24.679	information efficiently I’m interested in how things like embeddings, generated categories, different kinds of relationships and graph structures can be used to make useful visualisations that do not look like a mess Speaking of which, this looks like a mess
topics_to_vtt_short_windows	topic:cross-specialist-collaboration	Cross-Specialist Collaboration	topic	1	0.511233	0.205128	vtt:ngram:3:0046	visual language to check that out, because he has thought about this stuff a lot	vtt_ngram_3	00:18:37.998	00:19:52.373	1117.998	1192.373	00:50:36.998	visual language to check that out, because he has thought about this stuff a lot People have been using this kind of thing actively for things like studying pandemics How do we communicate with hundreds of different people who have different specialisms in di
topics_to_vtt_short_windows	topic:cross-specialist-collaboration	Cross-Specialist Collaboration	topic	2	0.504654	0.128205	vtt:ngram:3:0047	risk areas How do we get them to collaborate and share their findings in a usefu	vtt_ngram_3	00:19:06.267	00:20:11.681	1146.267	1211.681	00:51:05.267	risk areas How do we get them to collaborate and share their findings in a useful way We might make a mess map, or an information mural or something like that There is a defined language that has been mapped out to some degree That does not mean there are no
topics_to_vtt_short_windows	topic:cross-specialist-collaboration	Cross-Specialist Collaboration	topic	3	0.485176	0.230769	vtt:ngram:3:0045	how they fit together, and what level of abstraction works His book is probably 	vtt_ngram_3	00:18:14.048	00:19:29.365	1094.048	1169.365	00:50:13.048	how they fit together, and what level of abstraction works His book is probably from the 1980s or 1990s I do not know how well-known it is but it is out there on archive.org and he posted it as himself I encourage people who are wondering about the grammar of
topics_to_vtt_short_windows	topic:cross-specialist-collaboration	Cross-Specialist Collaboration	topic	4	0.421275	0.179487	vtt:ngram:3:0001	Hello I’m interested in the problem of how we as human beings, can get a good me	vtt_ngram_3	00:00:00.838	00:01:18.256	0.838	78.256	00:31:59.838	Hello I’m interested in the problem of how we as human beings, can get a good mental model of what is going on I want to understand things and make use of our high-bandwidth visual centres, which are very good at interpreting information efficiently I’m inter
topics_to_vtt_short_windows	topic:cross-specialist-collaboration	Cross-Specialist Collaboration	topic	5	0.389118	0.153846	vtt:ngram:3:0002	information efficiently I’m interested in how things like embeddings, generated 	vtt_ngram_3	00:00:25.679	00:01:42.276	25.679	102.276	00:32:24.679	information efficiently I’m interested in how things like embeddings, generated categories, different kinds of relationships and graph structures can be used to make useful visualisations that do not look like a mess Speaking of which, this looks like a mess
topics_to_vtt_short_windows	topic:pandemic-and-biorisk-collaboration	Pandemic and Biorisk Collaboration	topic	1	0.598349	0.111111	vtt:ngram:3:0046	visual language to check that out, because he has thought about this stuff a lot	vtt_ngram_3	00:18:37.998	00:19:52.373	1117.998	1192.373	00:50:36.998	visual language to check that out, because he has thought about this stuff a lot People have been using this kind of thing actively for things like studying pandemics How do we communicate with hundreds of different people who have different specialisms in di
topics_to_vtt_short_windows	topic:pandemic-and-biorisk-collaboration	Pandemic and Biorisk Collaboration	topic	2	0.546158	0.111111	vtt:ngram:3:0045	how they fit together, and what level of abstraction works His book is probably 	vtt_ngram_3	00:18:14.048	00:19:29.365	1094.048	1169.365	00:50:13.048	how they fit together, and what level of abstraction works His book is probably from the 1980s or 1990s I do not know how well-known it is but it is out there on archive.org and he posted it as himself I encourage people who are wondering about the grammar of
topics_to_vtt_short_windows	topic:pandemic-and-biorisk-collaboration	Pandemic and Biorisk Collaboration	topic	3	0.490003	0.083333	vtt:ngram:3:0047	risk areas How do we get them to collaborate and share their findings in a usefu	vtt_ngram_3	00:19:06.267	00:20:11.681	1146.267	1211.681	00:51:05.267	risk areas How do we get them to collaborate and share their findings in a useful way We might make a mess map, or an information mural or something like that There is a defined language that has been mapped out to some degree That does not mean there are no
topics_to_vtt_short_windows	topic:pandemic-and-biorisk-collaboration	Pandemic and Biorisk Collaboration	topic	4	0.346646	0.111111	vtt:ngram:3:0001	Hello I’m interested in the problem of how we as human beings, can get a good me	vtt_ngram_3	00:00:00.838	00:01:18.256	0.838	78.256	00:31:59.838	Hello I’m interested in the problem of how we as human beings, can get a good mental model of what is going on I want to understand things and make use of our high-bandwidth visual centres, which are very good at interpreting information efficiently I’m inter
topics_to_vtt_short_windows	topic:pandemic-and-biorisk-collaboration	Pandemic and Biorisk Collaboration	topic	5	0.333318	0.083333	vtt:ngram:3:0044	about by looking at it, without actually knowing about Pepys and his life There 	vtt_ngram_3	00:17:48.237	00:19:06.191	1068.237	1146.191	00:49:47.237	about by looking at it, without actually knowing about Pepys and his life There are a whole load of language components that he talks about and explains why it is important to have text why it is important to have visuals how they fit together, and what level
topics_to_vtt_short_windows	topic:collective-sensemaking-tools	Collective Sensemaking Tools	topic	1	0.46924	0.147059	vtt:ngram:3:0047	risk areas How do we get them to collaborate and share their findings in a usefu	vtt_ngram_3	00:19:06.267	00:20:11.681	1146.267	1211.681	00:51:05.267	risk areas How do we get them to collaborate and share their findings in a useful way We might make a mess map, or an information mural or something like that There is a defined language that has been mapped out to some degree That does not mean there are no
topics_to_vtt_short_windows	topic:collective-sensemaking-tools	Collective Sensemaking Tools	topic	2	0.434479	0.147059	vtt:ngram:3:0046	visual language to check that out, because he has thought about this stuff a lot	vtt_ngram_3	00:18:37.998	00:19:52.373	1117.998	1192.373	00:50:36.998	visual language to check that out, because he has thought about this stuff a lot People have been using this kind of thing actively for things like studying pandemics How do we communicate with hundreds of different people who have different specialisms in di
topics_to_vtt_short_windows	topic:collective-sensemaking-tools	Collective Sensemaking Tools	topic	3	0.402826	0.117647	vtt:ngram:3:0001	Hello I’m interested in the problem of how we as human beings, can get a good me	vtt_ngram_3	00:00:00.838	00:01:18.256	0.838	78.256	00:31:59.838	Hello I’m interested in the problem of how we as human beings, can get a good mental model of what is going on I want to understand things and make use of our high-bandwidth visual centres, which are very good at interpreting information efficiently I’m inter
topics_to_vtt_short_windows	topic:collective-sensemaking-tools	Collective Sensemaking Tools	topic	4	0.395528	0.176471	vtt:ngram:3:0045	how they fit together, and what level of abstraction works His book is probably 	vtt_ngram_3	00:18:14.048	00:19:29.365	1094.048	1169.365	00:50:13.048	how they fit together, and what level of abstraction works His book is probably from the 1980s or 1990s I do not know how well-known it is but it is out there on archive.org and he posted it as himself I encourage people who are wondering about the grammar of
topics_to_vtt_short_windows	topic:collective-sensemaking-tools	Collective Sensemaking Tools	topic	5	0.371435	0.147059	vtt:ngram:3:0033	word groups, and semantics One thing that this project is showing is that this i	vtt_ngram_3	00:13:48.553	00:14:51.756	828.553	891.756	00:45:47.553	word groups, and semantics One thing that this project is showing is that this is a kind of language I’m looking at Dining, Great Fire, and Prize Goods and there is a certain visual theme and linguistic theme to it I’m curious because you have clearly operate
topics_to_vtt_short_windows	topic:new-media-grammar	New Media Grammar	topic	1	0.498962	0.243243	vtt:ngram:3:0048	to some degree That does not mean there are no new forms of language, or new way	vtt_ngram_3	00:19:29.395	00:20:17.599	1169.395	1217.599	00:51:28.395	to some degree That does not mean there are no new forms of language, or new ways of doing things that we are discovering as we make new media But it is a really useful body of work to check out That is probably a good note to end on Luke, thank you very much
topics_to_vtt_short_windows	topic:new-media-grammar	New Media Grammar	topic	2	0.452363	0.243243	vtt:ngram:3:0047	risk areas How do we get them to collaborate and share their findings in a usefu	vtt_ngram_3	00:19:06.267	00:20:11.681	1146.267	1211.681	00:51:05.267	risk areas How do we get them to collaborate and share their findings in a useful way We might make a mess map, or an information mural or something like that There is a defined language that has been mapped out to some degree That does not mean there are no
topics_to_vtt_short_windows	topic:new-media-grammar	New Media Grammar	topic	3	0.451017	0.216216	vtt:ngram:3:0046	visual language to check that out, because he has thought about this stuff a lot	vtt_ngram_3	00:18:37.998	00:19:52.373	1117.998	1192.373	00:50:36.998	visual language to check that out, because he has thought about this stuff a lot People have been using this kind of thing actively for things like studying pandemics How do we communicate with hundreds of different people who have different specialisms in di
topics_to_vtt_short_windows	topic:new-media-grammar	New Media Grammar	topic	4	0.448475	0.216216	vtt:ngram:3:0045	how they fit together, and what level of abstraction works His book is probably 	vtt_ngram_3	00:18:14.048	00:19:29.365	1094.048	1169.365	00:50:13.048	how they fit together, and what level of abstraction works His book is probably from the 1980s or 1990s I do not know how well-known it is but it is out there on archive.org and he posted it as himself I encourage people who are wondering about the grammar of
topics_to_vtt_short_windows	topic:new-media-grammar	New Media Grammar	topic	5	0.435128	0.189189	vtt:ngram:3:0039	That paper is perfect We are finding that things have a definitive shape Whether	vtt_ngram_3	00:16:16.066	00:17:01.386	976.066	1021.386	00:48:15.066	That paper is perfect We are finding that things have a definitive shape Whether I am speaking Italian, German, French English, or some weird mixture, if I say a word like good, bad, evil, or positive, it is going to have some kind of shape When I am talking
topics_to_vtt_short_windows	topic:samuel-pepys-life-map	Samuel Pepys Life Map	topic	1	0.602143	0.333333	vtt:ngram:3:0008	These topics are from Samuel Pepys’s life and the things in it I took them from 	vtt_ngram_3	00:03:17.546	00:04:58.331	197.546	298.331	00:35:16.546	These topics are from Samuel Pepys’s life and the things in it I took them from a manually made list This is a lot better The semantic integrity is actually quite good For example, there is the bladder stone surgery he had The stone was a personal concern of
topics_to_vtt_short_windows	topic:samuel-pepys-life-map	Samuel Pepys Life Map	topic	2	0.524687	0.305556	vtt:ngram:3:0007	process happens in multiple stages, but those stages are aware of the semantic r	vtt_ngram_3	00:02:47.665	00:04:20.369	167.665	260.369	00:34:46.665	process happens in multiple stages, but those stages are aware of the semantic relationships between the nodes They use those relationships to find a good non-overlapping position for the nodes That gets us something a bit like this It has no overlap, which i
topics_to_vtt_short_windows	topic:samuel-pepys-life-map	Samuel Pepys Life Map	topic	3	0.489928	0.333333	vtt:ngram:3:0014	loosely related to some people in this area through gossip She is not as central	vtt_ngram_3	00:06:25.199	00:07:43.618	385.199	463.618	00:38:24.199	loosely related to some people in this area through gossip She is not as central to Pepys’s life Her centrality is low, but she is still an interesting figure She is not at full opacity, because she is not worth foregrounding from the broad overview perspecti
topics_to_vtt_short_windows	topic:samuel-pepys-life-map	Samuel Pepys Life Map	topic	4	0.458005	0.333333	vtt:ngram:3:0044	about by looking at it, without actually knowing about Pepys and his life There 	vtt_ngram_3	00:17:48.237	00:19:06.191	1068.237	1146.191	00:49:47.237	about by looking at it, without actually knowing about Pepys and his life There are a whole load of language components that he talks about and explains why it is important to have text why it is important to have visuals how they fit together, and what level
topics_to_vtt_short_windows	topic:samuel-pepys-life-map	Samuel Pepys Life Map	topic	5	0.436193	0.361111	vtt:ngram:3:0013	There is a lot that could be done I do have large-language-model-generated salie	vtt_ngram_3	00:05:54.978	00:07:20.445	354.978	440.445	00:37:53.978	There is a lot that could be done I do have large-language-model-generated salience scores for some of the topics I use those to adjust the scale and opacity of some nodes For instance, there is a woman who was loosely related to some people in this area thro
topics_to_vtt_short_windows	topic:biographical-salience	Biographical Salience	topic	1	0.503124	0.315789	vtt:ngram:3:0013	There is a lot that could be done I do have large-language-model-generated salie	vtt_ngram_3	00:05:54.978	00:07:20.445	354.978	440.445	00:37:53.978	There is a lot that could be done I do have large-language-model-generated salience scores for some of the topics I use those to adjust the scale and opacity of some nodes For instance, there is a woman who was loosely related to some people in this area thro
topics_to_vtt_short_windows	topic:biographical-salience	Biographical Salience	topic	2	0.454472	0.342105	vtt:ngram:3:0014	loosely related to some people in this area through gossip She is not as central	vtt_ngram_3	00:06:25.199	00:07:43.618	385.199	463.618	00:38:24.199	loosely related to some people in this area through gossip She is not as central to Pepys’s life Her centrality is low, but she is still an interesting figure She is not at full opacity, because she is not worth foregrounding from the broad overview perspecti
topics_to_vtt_short_windows	topic:biographical-salience	Biographical Salience	topic	3	0.415759	0.368421	vtt:ngram:3:0015	worth foregrounding from the broad overview perspective of his life When I am zo	vtt_ngram_3	00:06:53.174	00:07:59.307	413.174	479.307	00:38:52.174	worth foregrounding from the broad overview perspective of his life When I am zoomed out, the map shows things that are high-rank and high-salience, or some combination of those When I zoom in, it shows more nodes without fading them out That is basically as
topics_to_vtt_short_windows	topic:biographical-salience	Biographical Salience	topic	4	0.406282	0.263158	vtt:ngram:3:0034	I’m curious because you have clearly operated on this from different texts and d	vtt_ngram_3	00:14:05.193	00:15:17.327	845.193	917.327	00:46:04.193	I’m curious because you have clearly operated on this from different texts and different spaces Have you seen linguistic patterns in the way you have built this out Have you tried to visualise that For instance, in this case Dining means this but for another
topics_to_vtt_short_windows	topic:biographical-salience	Biographical Salience	topic	5	0.405784	0.289474	vtt:ngram:3:0035	but for another person Dining means that Have you been able to express that at a	vtt_ngram_3	00:14:23.433	00:15:46.725	863.433	946.725	00:46:22.433	but for another person Dining means that Have you been able to express that at all One thing I was looking into was whether I could use off-the-shelf MiniLM embeddings to do salience prediction by extracting a few dimensions and maybe multiplying some of them
topics_to_vtt_short_windows	topic:pepys-medical-anxiety	Pepys Medical Anxiety	topic	1	0.640483	0.4	vtt:ngram:3:0008	These topics are from Samuel Pepys’s life and the things in it I took them from 	vtt_ngram_3	00:03:17.546	00:04:58.331	197.546	298.331	00:35:16.546	These topics are from Samuel Pepys’s life and the things in it I took them from a manually made list This is a lot better The semantic integrity is actually quite good For example, there is the bladder stone surgery he had The stone was a personal concern of
topics_to_vtt_short_windows	topic:pepys-medical-anxiety	Pepys Medical Anxiety	topic	2	0.468015	0.4	vtt:ngram:3:0007	process happens in multiple stages, but those stages are aware of the semantic r	vtt_ngram_3	00:02:47.665	00:04:20.369	167.665	260.369	00:34:46.665	process happens in multiple stages, but those stages are aware of the semantic relationships between the nodes They use those relationships to find a good non-overlapping position for the nodes That gets us something a bit like this It has no overlap, which i
topics_to_vtt_short_windows	topic:pepys-medical-anxiety	Pepys Medical Anxiety	topic	3	0.430696	0.25	vtt:ngram:3:0009	stone surgery he had The stone was a personal concern of his He had frequent pai	vtt_ngram_3	00:03:52.039	00:05:28.913	232.039	328.913	00:35:51.039	stone surgery he had The stone was a personal concern of his He had frequent pains, especially when he got cold, and it became one of his anxious preoccupations Another one is gold Gold fits into a psychological kind of cluster for him Likewise, his main occu
topics_to_vtt_short_windows	topic:pepys-medical-anxiety	Pepys Medical Anxiety	topic	4	0.384044	0.225	vtt:ngram:3:0044	about by looking at it, without actually knowing about Pepys and his life There 	vtt_ngram_3	00:17:48.237	00:19:06.191	1068.237	1146.191	00:49:47.237	about by looking at it, without actually knowing about Pepys and his life There are a whole load of language components that he talks about and explains why it is important to have text why it is important to have visuals how they fit together, and what level
topics_to_vtt_short_windows	topic:pepys-medical-anxiety	Pepys Medical Anxiety	topic	5	0.355487	0.3	vtt:ngram:3:0014	loosely related to some people in this area through gossip She is not as central	vtt_ngram_3	00:06:25.199	00:07:43.618	385.199	463.618	00:38:24.199	loosely related to some people in this area through gossip She is not as central to Pepys’s life Her centrality is low, but she is still an interesting figure She is not at full opacity, because she is not worth foregrounding from the broad overview perspecti
topics_to_vtt_short_windows	topic:pepys-work-and-institutions	Pepys Work and Institutions	topic	1	0.538044	0.277778	vtt:ngram:3:0008	These topics are from Samuel Pepys’s life and the things in it I took them from 	vtt_ngram_3	00:03:17.546	00:04:58.331	197.546	298.331	00:35:16.546	These topics are from Samuel Pepys’s life and the things in it I took them from a manually made list This is a lot better The semantic integrity is actually quite good For example, there is the bladder stone surgery he had The stone was a personal concern of
topics_to_vtt_short_windows	topic:pepys-work-and-institutions	Pepys Work and Institutions	topic	2	0.417984	0.222222	vtt:ngram:3:0007	process happens in multiple stages, but those stages are aware of the semantic r	vtt_ngram_3	00:02:47.665	00:04:20.369	167.665	260.369	00:34:46.665	process happens in multiple stages, but those stages are aware of the semantic relationships between the nodes They use those relationships to find a good non-overlapping position for the nodes That gets us something a bit like this It has no overlap, which i
topics_to_vtt_short_windows	topic:pepys-work-and-institutions	Pepys Work and Institutions	topic	3	0.394631	0.166667	vtt:ngram:3:0044	about by looking at it, without actually knowing about Pepys and his life There 	vtt_ngram_3	00:17:48.237	00:19:06.191	1068.237	1146.191	00:49:47.237	about by looking at it, without actually knowing about Pepys and his life There are a whole load of language components that he talks about and explains why it is important to have text why it is important to have visuals how they fit together, and what level
topics_to_vtt_short_windows	topic:pepys-work-and-institutions	Pepys Work and Institutions	topic	4	0.377053	0.25	vtt:ngram:3:0014	loosely related to some people in this area through gossip She is not as central	vtt_ngram_3	00:06:25.199	00:07:43.618	385.199	463.618	00:38:24.199	loosely related to some people in this area through gossip She is not as central to Pepys’s life Her centrality is low, but she is still an interesting figure She is not at full opacity, because she is not worth foregrounding from the broad overview perspecti
topics_to_vtt_short_windows	topic:pepys-work-and-institutions	Pepys Work and Institutions	topic	5	0.351273	0.166667	vtt:ngram:3:0043	Maybe a decade ago, he published some really cool PDFs to archive.org, after the	vtt_ngram_3	00:17:18.847	00:18:37.968	1038.847	1117.968	00:49:17.847	Maybe a decade ago, he published some really cool PDFs to archive.org, after they had already scanned his visual language book He has a very clear walkthrough of how this can make sense between us How can somebody have an inkling of what this is about by look
topics_to_vtt_short_windows	topic:historical-catastrophe-landmark	Historical Catastrophe Landmark	topic	1	0.331098	0.184211	vtt:ngram:3:0009	stone surgery he had The stone was a personal concern of his He had frequent pai	vtt_ngram_3	00:03:52.039	00:05:28.913	232.039	328.913	00:35:51.039	stone surgery he had The stone was a personal concern of his He had frequent pains, especially when he got cold, and it became one of his anxious preoccupations Another one is gold Gold fits into a psychological kind of cluster for him Likewise, his main occu
topics_to_vtt_short_windows	topic:historical-catastrophe-landmark	Historical Catastrophe Landmark	topic	2	0.28832	0.289474	vtt:ngram:3:0013	There is a lot that could be done I do have large-language-model-generated salie	vtt_ngram_3	00:05:54.978	00:07:20.445	354.978	440.445	00:37:53.978	There is a lot that could be done I do have large-language-model-generated salience scores for some of the topics I use those to adjust the scale and opacity of some nodes For instance, there is a woman who was loosely related to some people in this area thro
topics_to_vtt_short_windows	topic:historical-catastrophe-landmark	Historical Catastrophe Landmark	topic	3	0.286761	0.289474	vtt:ngram:3:0046	visual language to check that out, because he has thought about this stuff a lot	vtt_ngram_3	00:18:37.998	00:19:52.373	1117.998	1192.373	00:50:36.998	visual language to check that out, because he has thought about this stuff a lot People have been using this kind of thing actively for things like studying pandemics How do we communicate with hundreds of different people who have different specialisms in di
topics_to_vtt_short_windows	topic:historical-catastrophe-landmark	Historical Catastrophe Landmark	topic	4	0.284354	0.210526	vtt:ngram:3:0010	Gold fits into a psychological kind of cluster for him Likewise, his main occupa	vtt_ngram_3	00:04:26.415	00:05:54.948	266.415	354.948	00:36:25.415	Gold fits into a psychological kind of cluster for him Likewise, his main occupational duties are in a place, and there is a Navy cluster There is also the Great Fire of London with a fittingly emptier area around it So the semantic integrity is good, but it
topics_to_vtt_short_windows	topic:historical-catastrophe-landmark	Historical Catastrophe Landmark	topic	5	0.280086	0.210526	vtt:ngram:3:0001	Hello I’m interested in the problem of how we as human beings, can get a good me	vtt_ngram_3	00:00:00.838	00:01:18.256	0.838	78.256	00:31:59.838	Hello I’m interested in the problem of how we as human beings, can get a good mental model of what is going on I want to understand things and make use of our high-bandwidth visual centres, which are very good at interpreting information efficiently I’m inter
topics_to_vtt_short_windows	topic:prototype-first-steps	Prototype First Steps	topic	1	0.353433	0.243902	vtt:ngram:3:0048	to some degree That does not mean there are no new forms of language, or new way	vtt_ngram_3	00:19:29.395	00:20:17.599	1169.395	1217.599	00:51:28.395	to some degree That does not mean there are no new forms of language, or new ways of doing things that we are discovering as we make new media But it is a really useful body of work to check out That is probably a good note to end on Luke, thank you very much
topics_to_vtt_short_windows	topic:prototype-first-steps	Prototype First Steps	topic	2	0.336264	0.268293	vtt:ngram:3:0047	risk areas How do we get them to collaborate and share their findings in a usefu	vtt_ngram_3	00:19:06.267	00:20:11.681	1146.267	1211.681	00:51:05.267	risk areas How do we get them to collaborate and share their findings in a useful way We might make a mess map, or an information mural or something like that There is a defined language that has been mapped out to some degree That does not mean there are no
topics_to_vtt_short_windows	topic:prototype-first-steps	Prototype First Steps	topic	3	0.325741	0.195122	vtt:ngram:3:0020	That is not ideal But one cool thing it can do is project back It can let us pre	vtt_ngram_3	00:08:40.500	00:09:59.448	520.5	599.448	00:40:39.500	That is not ideal But one cool thing it can do is project back It can let us predict what high-dimensional representation or high-dimensional embedding, would make sense if for example, I put something new here What might it mean, based on everything else the
topics_to_vtt_short_windows	topic:prototype-first-steps	Prototype First Steps	topic	4	0.310635	0.146341	vtt:ngram:3:0016	That is basically as far as I have got with that I’m going to do the thing and j	vtt_ngram_3	00:07:24.427	00:08:16.171	444.427	496.171	00:39:23.427	That is basically as far as I have got with that I’m going to do the thing and jump in with a question in the middle That’s the format I have this weird personal belief: any interface that presents information, or presents a visualisation of something is also
topics_to_vtt_short_windows	topic:prototype-first-steps	Prototype First Steps	topic	5	0.309906	0.219512	vtt:ngram:3:0028	I have not done that yet I do not have it saying, for example that this belongs 	vtt_ngram_3	00:12:09.299	00:13:05.943	729.299	785.943	00:44:08.299	I have not done that yet I do not have it saying, for example that this belongs to a work cluster I do not have that kind of membership information at the moment, but it is doable Just looking at the 2D screen, I guess something like a Voronoi map would be th
topics_to_vtt_sentences	topic:mental-model-building	Mental Model Building	topic	1	0.534703	0.179487	vtt:sentence:0001	Hello I’m interested in the problem of how we as human beings, can get a good me	vtt_sentence	00:00:00.838	00:00:25.241	0.838	25.241	00:31:59.838	Hello I’m interested in the problem of how we as human beings, can get a good mental model of what is going on I want to understand things and make use of our high-bandwidth visual centres, which are very good at interpreting
topics_to_vtt_sentences	topic:mental-model-building	Mental Model Building	topic	2	0.373185	0.147059	vtt:sentence:0040	When I am talking to you and I can see that shape, that is another dimension we 	vtt_sentence	00:16:32.044	00:16:44.675	992.044	1004.675	00:48:31.044	When I am talking to you and I can see that shape, that is another dimension we can communicate across That is very much why I am trying to build my whole system What you are describing is that we need a visual medium for it
topics_to_vtt_sentences	topic:mental-model-building	Mental Model Building	topic	3	0.368077	0.111111	vtt:sentence:0002	information efficiently I’m interested in how things like embeddings, generated 	vtt_sentence	00:00:25.679	00:00:52.049	25.679	52.049	00:32:24.679	information efficiently I’m interested in how things like embeddings, generated categories, different kinds of relationships and graph structures can be used to make useful visualisations that do not look like a mess Speaking of which, this looks like a mess
topics_to_vtt_sentences	topic:mental-model-building	Mental Model Building	topic	4	0.345797	0.138889	vtt:sentence:0027	line That is how many mind maps are presented Are there any ways of quantifying 	vtt_sentence	00:11:49.575	00:12:09.269	709.575	729.269	00:43:48.575	line That is how many mind maps are presented Are there any ways of quantifying the size of those embeddings on screen, so they are not just points and can be assigned a region of space Yes, that definitely could be done
topics_to_vtt_sentences	topic:mental-model-building	Mental Model Building	topic	5	0.345397	0.0625	vtt:sentence:0034	I’m curious because you have clearly operated on this from different texts and d	vtt_sentence	00:14:05.193	00:14:23.403	845.193	863.403	00:46:04.193	I’m curious because you have clearly operated on this from different texts and different spaces Have you seen linguistic patterns in the way you have built this out Have you tried to visualise that For instance, in this case Dining means this
topics_to_vtt_sentences	topic:high-bandwidth-visual-cognition	High-Bandwidth Visual Cognition	topic	1	0.660073	0.3	vtt:sentence:0001	Hello I’m interested in the problem of how we as human beings, can get a good me	vtt_sentence	00:00:00.838	00:00:25.241	0.838	25.241	00:31:59.838	Hello I’m interested in the problem of how we as human beings, can get a good mental model of what is going on I want to understand things and make use of our high-bandwidth visual centres, which are very good at interpreting
topics_to_vtt_sentences	topic:high-bandwidth-visual-cognition	High-Bandwidth Visual Cognition	topic	2	0.457886	0.235294	vtt:sentence:0040	When I am talking to you and I can see that shape, that is another dimension we 	vtt_sentence	00:16:32.044	00:16:44.675	992.044	1004.675	00:48:31.044	When I am talking to you and I can see that shape, that is another dimension we can communicate across That is very much why I am trying to build my whole system What you are describing is that we need a visual medium for it
topics_to_vtt_sentences	topic:high-bandwidth-visual-cognition	High-Bandwidth Visual Cognition	topic	3	0.453254	0.172414	vtt:sentence:0041	This is really cool to see It shows how it works on the data side Thank you Very	vtt_sentence	00:16:44.705	00:17:01.386	1004.705	1021.386	00:48:43.705	This is really cool to see It shows how it works on the data side Thank you Very cool I also love to point to Bob Horn Robert Horn, who coined the term visual language
topics_to_vtt_sentences	topic:high-bandwidth-visual-cognition	High-Bandwidth Visual Cognition	topic	4	0.451641	0.111111	vtt:sentence:0002	information efficiently I’m interested in how things like embeddings, generated 	vtt_sentence	00:00:25.679	00:00:52.049	25.679	52.049	00:32:24.679	information efficiently I’m interested in how things like embeddings, generated categories, different kinds of relationships and graph structures can be used to make useful visualisations that do not look like a mess Speaking of which, this looks like a mess
topics_to_vtt_sentences	topic:high-bandwidth-visual-cognition	High-Bandwidth Visual Cognition	topic	5	0.442504	0.166667	vtt:sentence:0027	line That is how many mind maps are presented Are there any ways of quantifying 	vtt_sentence	00:11:49.575	00:12:09.269	709.575	729.269	00:43:48.575	line That is how many mind maps are presented Are there any ways of quantifying the size of those embeddings on screen, so they are not just points and can be assigned a region of space Yes, that definitely could be done
topics_to_vtt_sentences	topic:semantic-spaces-made-intelligible	Semantic Spaces Made Intelligible	topic	1	0.511501	0.166667	vtt:sentence:0002	information efficiently I’m interested in how things like embeddings, generated 	vtt_sentence	00:00:25.679	00:00:52.049	25.679	52.049	00:32:24.679	information efficiently I’m interested in how things like embeddings, generated categories, different kinds of relationships and graph structures can be used to make useful visualisations that do not look like a mess Speaking of which, this looks like a mess
topics_to_vtt_sentences	topic:semantic-spaces-made-intelligible	Semantic Spaces Made Intelligible	topic	2	0.499346	0.222222	vtt:sentence:0027	line That is how many mind maps are presented Are there any ways of quantifying 	vtt_sentence	00:11:49.575	00:12:09.269	709.575	729.269	00:43:48.575	line That is how many mind maps are presented Are there any ways of quantifying the size of those embeddings on screen, so they are not just points and can be assigned a region of space Yes, that definitely could be done
topics_to_vtt_sentences	topic:semantic-spaces-made-intelligible	Semantic Spaces Made Intelligible	topic	3	0.490605	0.111111	vtt:sentence:0018	higher-dimensional spaces I’m curious what you have thought about with respect t	vtt_sentence	00:07:59.337	00:08:16.171	479.337	496.171	00:39:58.337	higher-dimensional spaces I’m curious what you have thought about with respect to doing expressive work through this interface Yes We can actually project back There is a popular library called UMAP Learn that lets
topics_to_vtt_sentences	topic:semantic-spaces-made-intelligible	Semantic Spaces Made Intelligible	topic	4	0.482447	0.181818	vtt:sentence:0011	with a fittingly emptier area around it So the semantic integrity is good, but i	vtt_sentence	00:04:59.694	00:05:28.913	299.694	328.913	00:36:58.694	with a fittingly emptier area around it So the semantic integrity is good, but it is still not very intuitive These days we have image generators, so I semi-manually and semi-automatically generated icons for the topics
topics_to_vtt_sentences	topic:semantic-spaces-made-intelligible	Semantic Spaces Made Intelligible	topic	5	0.479727	0.176471	vtt:sentence:0030	and embedding spaces, they are finding out some really cool things recently Part	vtt_sentence	00:12:43.215	00:13:05.943	763.215	785.943	00:44:42.215	and embedding spaces, they are finding out some really cool things recently Particular geometric patterns are being shared among completely different models We are starting to peer into that geometric representation space that they have learned in high dimens
topics_to_vtt_sentences	topic:topic-map-as-medium	Topic Map as Medium	topic	1	0.456264	0.111111	vtt:sentence:0027	line That is how many mind maps are presented Are there any ways of quantifying 	vtt_sentence	00:11:49.575	00:12:09.269	709.575	729.269	00:43:48.575	line That is how many mind maps are presented Are there any ways of quantifying the size of those embeddings on screen, so they are not just points and can be assigned a region of space Yes, that definitely could be done
topics_to_vtt_sentences	topic:topic-map-as-medium	Topic Map as Medium	topic	2	0.437785	0.111111	vtt:sentence:0015	worth foregrounding from the broad overview perspective of his life When I am zo	vtt_sentence	00:06:53.174	00:07:20.445	413.174	440.445	00:38:52.174	worth foregrounding from the broad overview perspective of his life When I am zoomed out, the map shows things that are high-rank and high-salience, or some combination of those When I zoom in, it shows more nodes without fading them out
topics_to_vtt_sentences	topic:topic-map-as-medium	Topic Map as Medium	topic	3	0.42281	0.111111	vtt:sentence:0047	risk areas How do we get them to collaborate and share their findings in a usefu	vtt_sentence	00:19:06.267	00:19:29.365	1146.267	1169.365	00:51:05.267	risk areas How do we get them to collaborate and share their findings in a useful way We might make a mess map, or an information mural or something like that There is a defined language that has been mapped out
topics_to_vtt_sentences	topic:topic-map-as-medium	Topic Map as Medium	topic	4	0.403863	0.125	vtt:sentence:0003	This is what happens when a data set of topics is projected down from high-dimen	vtt_sentence	00:00:52.468	00:01:18.256	52.468	78.256	00:32:51.468	This is what happens when a data set of topics is projected down from high-dimensional space into 2D space We should expect it to be a mess We should expect overlap By default, there is not a clean reduction down to
topics_to_vtt_sentences	topic:topic-map-as-medium	Topic Map as Medium	topic	5	0.402339	0.147059	vtt:sentence:0013	There is a lot that could be done I do have large-language-model-generated salie	vtt_sentence	00:05:54.978	00:06:25.169	354.978	385.169	00:37:53.978	There is a lot that could be done I do have large-language-model-generated salience scores for some of the topics I use those to adjust the scale and opacity of some nodes For instance, there is a woman who was
topics_to_vtt_sentences	topic:semantic-embeddings	Semantic Embeddings	topic	1	0.503977	0.138889	vtt:sentence:0002	information efficiently I’m interested in how things like embeddings, generated 	vtt_sentence	00:00:25.679	00:00:52.049	25.679	52.049	00:32:24.679	information efficiently I’m interested in how things like embeddings, generated categories, different kinds of relationships and graph structures can be used to make useful visualisations that do not look like a mess Speaking of which, this looks like a mess
topics_to_vtt_sentences	topic:semantic-embeddings	Semantic Embeddings	topic	2	0.494688	0.075	vtt:sentence:0006	But then we have to tweak all kinds of fiddly variables to keep the semantic int	vtt_sentence	00:02:06.681	00:02:45.924	126.681	165.924	00:34:05.681	But then we have to tweak all kinds of fiddly variables to keep the semantic integrity authentic It is also a bit of a kludge to switch to a different kind of algorithm at presentation time without any consideration of the semantic embeddings themselves I hav
topics_to_vtt_sentences	topic:semantic-embeddings	Semantic Embeddings	topic	3	0.485851	0.166667	vtt:sentence:0027	line That is how many mind maps are presented Are there any ways of quantifying 	vtt_sentence	00:11:49.575	00:12:09.269	709.575	729.269	00:43:48.575	line That is how many mind maps are presented Are there any ways of quantifying the size of those embeddings on screen, so they are not just points and can be assigned a region of space Yes, that definitely could be done
topics_to_vtt_sentences	topic:semantic-embeddings	Semantic Embeddings	topic	4	0.467984	0.128205	vtt:sentence:0036	That worked pretty well I would have a data set of different kinds of life event	vtt_sentence	00:14:53.344	00:15:17.327	893.344	917.327	00:46:52.344	That worked pretty well I would have a data set of different kinds of life events at different scales Then we could zoom in on ways to slice the normal embeddings we get for a piece of text and use that to predict something like salience in a
topics_to_vtt_sentences	topic:semantic-embeddings	Semantic Embeddings	topic	5	0.466441	0.125	vtt:sentence:0035	but for another person Dining means that Have you been able to express that at a	vtt_sentence	00:14:23.433	00:14:51.756	863.433	891.756	00:46:22.433	but for another person Dining means that Have you been able to express that at all One thing I was looking into was whether I could use off-the-shelf MiniLM embeddings to do salience prediction by extracting a few dimensions and maybe multiplying some of them
topics_to_vtt_sentences	topic:dimensionality-reduction	Dimensionality Reduction	topic	1	0.603041	0.28125	vtt:sentence:0003	This is what happens when a data set of topics is projected down from high-dimen	vtt_sentence	00:00:52.468	00:01:18.256	52.468	78.256	00:32:51.468	This is what happens when a data set of topics is projected down from high-dimensional space into 2D space We should expect it to be a mess We should expect overlap By default, there is not a clean reduction down to
topics_to_vtt_sentences	topic:dimensionality-reduction	Dimensionality Reduction	topic	2	0.569284	0.235294	vtt:sentence:0019	us do that UMAP is a common solution for dimensionality reduction of high dimens	vtt_sentence	00:08:16.200	00:08:40.395	496.2	520.395	00:40:15.200	us do that UMAP is a common solution for dimensionality reduction of high dimensional data It does not have a global objective It is mostly local, which means it might mess up how things fit together in aggregate
topics_to_vtt_sentences	topic:dimensionality-reduction	Dimensionality Reduction	topic	3	0.515167	0.121951	vtt:sentence:0023	Another common problem is that the orientation can flip around whenever one of t	vtt_sentence	00:10:07.891	00:10:32.985	607.891	632.985	00:42:06.891	Another common problem is that the orientation can flip around whenever one of these maps is regenerated There are different ways of doing dimensionality reduction and they are often based on a random seed or on other stochastic things, that make it hard to k
topics_to_vtt_sentences	topic:dimensionality-reduction	Dimensionality Reduction	topic	4	0.489686	0.181818	vtt:sentence:0020	That is not ideal But one cool thing it can do is project back It can let us pre	vtt_sentence	00:08:40.500	00:09:08.985	520.5	548.985	00:40:39.500	That is not ideal But one cool thing it can do is project back It can let us predict what high-dimensional representation or high-dimensional embedding, would make sense if for example, I put something new here
topics_to_vtt_sentences	topic:dimensionality-reduction	Dimensionality Reduction	topic	5	0.482536	0.076923	vtt:sentence:0025	to ask, just unmute and go right ahead I have one question I really liked what y	vtt_sentence	00:11:08.621	00:11:30.362	668.621	690.362	00:43:07.621	to ask, just unmute and go right ahead I have one question I really liked what you mentioned about reverse-projecting into high-dimensional spaces Mathematicians like to simplify things into spherical cows When modelling things in 2D, we model everything as p
topics_to_vtt_sentences	topic:raw-projection-messiness	Raw Projection Messiness	topic	1	0.589004	0.3125	vtt:sentence:0003	This is what happens when a data set of topics is projected down from high-dimen	vtt_sentence	00:00:52.468	00:01:18.256	52.468	78.256	00:32:51.468	This is what happens when a data set of topics is projected down from high-dimensional space into 2D space We should expect it to be a mess We should expect overlap By default, there is not a clean reduction down to
topics_to_vtt_sentences	topic:raw-projection-messiness	Raw Projection Messiness	topic	2	0.522892	0.055556	vtt:sentence:0002	information efficiently I’m interested in how things like embeddings, generated 	vtt_sentence	00:00:25.679	00:00:52.049	25.679	52.049	00:32:24.679	information efficiently I’m interested in how things like embeddings, generated categories, different kinds of relationships and graph structures can be used to make useful visualisations that do not look like a mess Speaking of which, this looks like a mess
topics_to_vtt_sentences	topic:raw-projection-messiness	Raw Projection Messiness	topic	3	0.495014	0.195122	vtt:sentence:0023	Another common problem is that the orientation can flip around whenever one of t	vtt_sentence	00:10:07.891	00:10:32.985	607.891	632.985	00:42:06.891	Another common problem is that the orientation can flip around whenever one of these maps is regenerated There are different ways of doing dimensionality reduction and they are often based on a random seed or on other stochastic things, that make it hard to k
topics_to_vtt_sentences	topic:raw-projection-messiness	Raw Projection Messiness	topic	4	0.490029	0.117647	vtt:sentence:0029	a Voronoi map would be the easiest approach But there is this underlying structu	vtt_sentence	00:12:23.669	00:12:43.185	743.669	763.185	00:44:22.669	a Voronoi map would be the easiest approach But there is this underlying structure in the projection where different sections of the embedding space occupy different parts of the screen Yes In terms of what people are doing with pretrained models
topics_to_vtt_sentences	topic:raw-projection-messiness	Raw Projection Messiness	topic	5	0.466085	0.138889	vtt:sentence:0027	line That is how many mind maps are presented Are there any ways of quantifying 	vtt_sentence	00:11:49.575	00:12:09.269	709.575	729.269	00:43:48.575	line That is how many mind maps are presented Are there any ways of quantifying the size of those embeddings on screen, so they are not just points and can be assigned a region of space Yes, that definitely could be done
topics_to_vtt_sentences	topic:screen-space-dimension	Screen-Space Dimension	topic	1	0.593959	0.114286	vtt:sentence:0026	But in an actual 2D space, things also have dimensions They have shapes We also 	vtt_sentence	00:11:30.422	00:11:49.545	690.422	709.545	00:43:29.422	But in an actual 2D space, things also have dimensions They have shapes We also think in categories On the screen, in a user interface many of those things could be grouped together by putting them in a box, or surrounding them with a
topics_to_vtt_sentences	topic:screen-space-dimension	Screen-Space Dimension	topic	2	0.542716	0.194444	vtt:sentence:0027	line That is how many mind maps are presented Are there any ways of quantifying 	vtt_sentence	00:11:49.575	00:12:09.269	709.575	729.269	00:43:48.575	line That is how many mind maps are presented Are there any ways of quantifying the size of those embeddings on screen, so they are not just points and can be assigned a region of space Yes, that definitely could be done
topics_to_vtt_sentences	topic:screen-space-dimension	Screen-Space Dimension	topic	3	0.465281	0.193548	vtt:sentence:0004	two-dimensional space That should not be surprising, but it is really annoying T	vtt_sentence	00:01:18.504	00:01:42.276	78.504	102.276	00:33:17.504	two-dimensional space That should not be surprising, but it is really annoying The reason this happens is that each item is mathematically just a point It does not have any dimension in the two-dimensional representation unless that dimension is deliberately
topics_to_vtt_sentences	topic:screen-space-dimension	Screen-Space Dimension	topic	4	0.457092	0.205882	vtt:sentence:0040	When I am talking to you and I can see that shape, that is another dimension we 	vtt_sentence	00:16:32.044	00:16:44.675	992.044	1004.675	00:48:31.044	When I am talking to you and I can see that shape, that is another dimension we can communicate across That is very much why I am trying to build my whole system What you are describing is that we need a visual medium for it
topics_to_vtt_sentences	topic:screen-space-dimension	Screen-Space Dimension	topic	5	0.428957	0.147059	vtt:sentence:0029	a Voronoi map would be the easiest approach But there is this underlying structu	vtt_sentence	00:12:23.669	00:12:43.185	743.669	763.185	00:44:22.669	a Voronoi map would be the easiest approach But there is this underlying structure in the projection where different sections of the embedding space occupy different parts of the screen Yes In terms of what people are doing with pretrained models
topics_to_vtt_sentences	topic:overlap-problem	Overlap Problem	topic	1	0.55424	0.147059	vtt:sentence:0005	added When we add that dimension, we then have to decide what to do about overla	vtt_sentence	00:01:42.557	00:02:06.651	102.557	126.651	00:33:41.557	added When we add that dimension, we then have to decide what to do about overlap One common thing people do is use a force-directed effect: if one node is too close to another node the nodes push themselves apart
topics_to_vtt_sentences	topic:overlap-problem	Overlap Problem	topic	2	0.546304	0.21875	vtt:sentence:0003	This is what happens when a data set of topics is projected down from high-dimen	vtt_sentence	00:00:52.468	00:01:18.256	52.468	78.256	00:32:51.468	This is what happens when a data set of topics is projected down from high-dimensional space into 2D space We should expect it to be a mess We should expect overlap By default, there is not a clean reduction down to
topics_to_vtt_sentences	topic:overlap-problem	Overlap Problem	topic	3	0.473628	0.157895	vtt:sentence:0007	process happens in multiple stages, but those stages are aware of the semantic r	vtt_sentence	00:02:47.665	00:03:15.272	167.665	195.272	00:34:46.665	process happens in multiple stages, but those stages are aware of the semantic relationships between the nodes They use those relationships to find a good non-overlapping position for the nodes That gets us something a bit like this It has no overlap, which i
topics_to_vtt_sentences	topic:overlap-problem	Overlap Problem	topic	4	0.434791	0.194444	vtt:sentence:0027	line That is how many mind maps are presented Are there any ways of quantifying 	vtt_sentence	00:11:49.575	00:12:09.269	709.575	729.269	00:43:48.575	line That is how many mind maps are presented Are there any ways of quantifying the size of those embeddings on screen, so they are not just points and can be assigned a region of space Yes, that definitely could be done
topics_to_vtt_sentences	topic:overlap-problem	Overlap Problem	topic	5	0.427788	0.219512	vtt:sentence:0023	Another common problem is that the orientation can flip around whenever one of t	vtt_sentence	00:10:07.891	00:10:32.985	607.891	632.985	00:42:06.891	Another common problem is that the orientation can flip around whenever one of these maps is regenerated There are different ways of doing dimensionality reduction and they are often based on a random seed or on other stochastic things, that make it hard to k
topics_to_vtt_sentences	topic:semantic-integrity	Semantic Integrity	topic	1	0.516452	0.242424	vtt:sentence:0011	with a fittingly emptier area around it So the semantic integrity is good, but i	vtt_sentence	00:04:59.694	00:05:28.913	299.694	328.913	00:36:58.694	with a fittingly emptier area around it So the semantic integrity is good, but it is still not very intuitive These days we have image generators, so I semi-manually and semi-automatically generated icons for the topics
topics_to_vtt_sentences	topic:semantic-integrity	Semantic Integrity	topic	2	0.509651	0.210526	vtt:sentence:0006	But then we have to tweak all kinds of fiddly variables to keep the semantic int	vtt_sentence	00:02:06.681	00:02:45.924	126.681	165.924	00:34:05.681	But then we have to tweak all kinds of fiddly variables to keep the semantic integrity authentic It is also a bit of a kludge to switch to a different kind of algorithm at presentation time without any consideration of the semantic embeddings themselves I hav
topics_to_vtt_sentences	topic:semantic-integrity	Semantic Integrity	topic	3	0.444598	0.210526	vtt:sentence:0007	process happens in multiple stages, but those stages are aware of the semantic r	vtt_sentence	00:02:47.665	00:03:15.272	167.665	195.272	00:34:46.665	process happens in multiple stages, but those stages are aware of the semantic relationships between the nodes They use those relationships to find a good non-overlapping position for the nodes That gets us something a bit like this It has no overlap, which i
topics_to_vtt_sentences	topic:semantic-integrity	Semantic Integrity	topic	4	0.42578	0.138889	vtt:sentence:0002	information efficiently I’m interested in how things like embeddings, generated 	vtt_sentence	00:00:25.679	00:00:52.049	25.679	52.049	00:32:24.679	information efficiently I’m interested in how things like embeddings, generated categories, different kinds of relationships and graph structures can be used to make useful visualisations that do not look like a mess Speaking of which, this looks like a mess
topics_to_vtt_sentences	topic:semantic-integrity	Semantic Integrity	topic	5	0.395225	0.138889	vtt:sentence:0027	line That is how many mind maps are presented Are there any ways of quantifying 	vtt_sentence	00:11:49.575	00:12:09.269	709.575	729.269	00:43:48.575	line That is how many mind maps are presented Are there any ways of quantifying the size of those embeddings on screen, so they are not just points and can be assigned a region of space Yes, that definitely could be done
topics_to_vtt_sentences	topic:force-directed-layout-risk	Force-Directed Layout Risk	topic	1	0.57841	0.264706	vtt:sentence:0005	added When we add that dimension, we then have to decide what to do about overla	vtt_sentence	00:01:42.557	00:02:06.651	102.557	126.651	00:33:41.557	added When we add that dimension, we then have to decide what to do about overlap One common thing people do is use a force-directed effect: if one node is too close to another node the nodes push themselves apart
topics_to_vtt_sentences	topic:force-directed-layout-risk	Force-Directed Layout Risk	topic	2	0.506086	0.210526	vtt:sentence:0007	process happens in multiple stages, but those stages are aware of the semantic r	vtt_sentence	00:02:47.665	00:03:15.272	167.665	195.272	00:34:46.665	process happens in multiple stages, but those stages are aware of the semantic relationships between the nodes They use those relationships to find a good non-overlapping position for the nodes That gets us something a bit like this It has no overlap, which i
topics_to_vtt_sentences	topic:force-directed-layout-risk	Force-Directed Layout Risk	topic	3	0.450616	0.111111	vtt:sentence:0002	information efficiently I’m interested in how things like embeddings, generated 	vtt_sentence	00:00:25.679	00:00:52.049	25.679	52.049	00:32:24.679	information efficiently I’m interested in how things like embeddings, generated categories, different kinds of relationships and graph structures can be used to make useful visualisations that do not look like a mess Speaking of which, this looks like a mess
topics_to_vtt_sentences	topic:force-directed-layout-risk	Force-Directed Layout Risk	topic	4	0.444675	0.146341	vtt:sentence:0023	Another common problem is that the orientation can flip around whenever one of t	vtt_sentence	00:10:07.891	00:10:32.985	607.891	632.985	00:42:06.891	Another common problem is that the orientation can flip around whenever one of these maps is regenerated There are different ways of doing dimensionality reduction and they are often based on a random seed or on other stochastic things, that make it hard to k
topics_to_vtt_sentences	topic:force-directed-layout-risk	Force-Directed Layout Risk	topic	5	0.429902	0.166667	vtt:sentence:0027	line That is how many mind maps are presented Are there any ways of quantifying 	vtt_sentence	00:11:49.575	00:12:09.269	709.575	729.269	00:43:48.575	line That is how many mind maps are presented Are there any ways of quantifying the size of those embeddings on screen, so they are not just points and can be assigned a region of space Yes, that definitely could be done
topics_to_vtt_sentences	topic:semantic-aware-multi-stage-layout	Semantic-Aware Multi-Stage Layout	topic	1	0.628152	0.236842	vtt:sentence:0007	process happens in multiple stages, but those stages are aware of the semantic r	vtt_sentence	00:02:47.665	00:03:15.272	167.665	195.272	00:34:46.665	process happens in multiple stages, but those stages are aware of the semantic relationships between the nodes They use those relationships to find a good non-overlapping position for the nodes That gets us something a bit like this It has no overlap, which i
topics_to_vtt_sentences	topic:semantic-aware-multi-stage-layout	Semantic-Aware Multi-Stage Layout	topic	2	0.492586	0.166667	vtt:sentence:0027	line That is how many mind maps are presented Are there any ways of quantifying 	vtt_sentence	00:11:49.575	00:12:09.269	709.575	729.269	00:43:48.575	line That is how many mind maps are presented Are there any ways of quantifying the size of those embeddings on screen, so they are not just points and can be assigned a region of space Yes, that definitely could be done
topics_to_vtt_sentences	topic:semantic-aware-multi-stage-layout	Semantic-Aware Multi-Stage Layout	topic	3	0.482329	0.083333	vtt:sentence:0002	information efficiently I’m interested in how things like embeddings, generated 	vtt_sentence	00:00:25.679	00:00:52.049	25.679	52.049	00:32:24.679	information efficiently I’m interested in how things like embeddings, generated categories, different kinds of relationships and graph structures can be used to make useful visualisations that do not look like a mess Speaking of which, this looks like a mess
topics_to_vtt_sentences	topic:semantic-aware-multi-stage-layout	Semantic-Aware Multi-Stage Layout	topic	4	0.479655	0.125	vtt:sentence:0006	But then we have to tweak all kinds of fiddly variables to keep the semantic int	vtt_sentence	00:02:06.681	00:02:45.924	126.681	165.924	00:34:05.681	But then we have to tweak all kinds of fiddly variables to keep the semantic integrity authentic It is also a bit of a kludge to switch to a different kind of algorithm at presentation time without any consideration of the semantic embeddings themselves I hav
topics_to_vtt_sentences	topic:semantic-aware-multi-stage-layout	Semantic-Aware Multi-Stage Layout	topic	5	0.455595	0.147059	vtt:sentence:0029	a Voronoi map would be the easiest approach But there is this underlying structu	vtt_sentence	00:12:23.669	00:12:43.185	743.669	763.185	00:44:22.669	a Voronoi map would be the easiest approach But there is this underlying structure in the projection where different sections of the embedding space occupy different parts of the screen Yes In terms of what people are doing with pretrained models
topics_to_vtt_sentences	topic:orientation-stability	Orientation Stability	topic	1	0.618159	0.243902	vtt:sentence:0023	Another common problem is that the orientation can flip around whenever one of t	vtt_sentence	00:10:07.891	00:10:32.985	607.891	632.985	00:42:06.891	Another common problem is that the orientation can flip around whenever one of these maps is regenerated There are different ways of doing dimensionality reduction and they are often based on a random seed or on other stochastic things, that make it hard to k
topics_to_vtt_sentences	topic:orientation-stability	Orientation Stability	topic	2	0.49195	0.184211	vtt:sentence:0024	I perform a rotation that anchors two points When I regenerate the map, the enti	vtt_sentence	00:10:36.123	00:11:08.591	636.123	668.591	00:42:35.123	I perform a rotation that anchors two points When I regenerate the map, the entire map coheres which is really nice, especially for adding or removing points We have time for maybe two more questions If anybody in the audience has something they would like
topics_to_vtt_sentences	topic:orientation-stability	Orientation Stability	topic	3	0.394166	0.088235	vtt:sentence:0037	really efficient way Then the Manifold Steering paper came out It basically show	vtt_sentence	00:15:17.357	00:15:46.725	917.357	946.725	00:47:16.357	really efficient way Then the Manifold Steering paper came out It basically showed things like different dates mapping to a particular shape inside large language models They look at things like weekdays in different language models corresponding to certain s
topics_to_vtt_sentences	topic:orientation-stability	Orientation Stability	topic	4	0.3866	0.166667	vtt:sentence:0027	line That is how many mind maps are presented Are there any ways of quantifying 	vtt_sentence	00:11:49.575	00:12:09.269	709.575	729.269	00:43:48.575	line That is how many mind maps are presented Are there any ways of quantifying the size of those embeddings on screen, so they are not just points and can be assigned a region of space Yes, that definitely could be done
topics_to_vtt_sentences	topic:orientation-stability	Orientation Stability	topic	5	0.383971	0.194444	vtt:sentence:0015	worth foregrounding from the broad overview perspective of his life When I am zo	vtt_sentence	00:06:53.174	00:07:20.445	413.174	440.445	00:38:52.174	worth foregrounding from the broad overview perspective of his life When I am zoomed out, the map shows things that are high-rank and high-salience, or some combination of those When I zoom in, it shows more nodes without fading them out
topics_to_vtt_sentences	topic:two-point-rotation-anchor	Two-Point Rotation Anchor	topic	1	0.652426	0.184211	vtt:sentence:0024	I perform a rotation that anchors two points When I regenerate the map, the enti	vtt_sentence	00:10:36.123	00:11:08.591	636.123	668.591	00:42:35.123	I perform a rotation that anchors two points When I regenerate the map, the entire map coheres which is really nice, especially for adding or removing points We have time for maybe two more questions If anybody in the audience has something they would like
topics_to_vtt_sentences	topic:two-point-rotation-anchor	Two-Point Rotation Anchor	topic	2	0.515194	0.263158	vtt:sentence:0023	Another common problem is that the orientation can flip around whenever one of t	vtt_sentence	00:10:07.891	00:10:32.985	607.891	632.985	00:42:06.891	Another common problem is that the orientation can flip around whenever one of these maps is regenerated There are different ways of doing dimensionality reduction and they are often based on a random seed or on other stochastic things, that make it hard to k
topics_to_vtt_sentences	topic:two-point-rotation-anchor	Two-Point Rotation Anchor	topic	3	0.389688	0.111111	vtt:sentence:0027	line That is how many mind maps are presented Are there any ways of quantifying 	vtt_sentence	00:11:49.575	00:12:09.269	709.575	729.269	00:43:48.575	line That is how many mind maps are presented Are there any ways of quantifying the size of those embeddings on screen, so they are not just points and can be assigned a region of space Yes, that definitely could be done
topics_to_vtt_sentences	topic:two-point-rotation-anchor	Two-Point Rotation Anchor	topic	4	0.388908	0.157895	vtt:sentence:0007	process happens in multiple stages, but those stages are aware of the semantic r	vtt_sentence	00:02:47.665	00:03:15.272	167.665	195.272	00:34:46.665	process happens in multiple stages, but those stages are aware of the semantic relationships between the nodes They use those relationships to find a good non-overlapping position for the nodes That gets us something a bit like this It has no overlap, which i
topics_to_vtt_sentences	topic:two-point-rotation-anchor	Two-Point Rotation Anchor	topic	5	0.382281	0.193548	vtt:sentence:0004	two-dimensional space That should not be surprising, but it is really annoying T	vtt_sentence	00:01:18.504	00:01:42.276	78.504	102.276	00:33:17.504	two-dimensional space That should not be surprising, but it is really annoying The reason this happens is that each item is mathematically just a point It does not have any dimension in the two-dimensional representation unless that dimension is deliberately
topics_to_vtt_sentences	topic:regions-not-points	Regions Not Points	topic	1	0.496683	0.277778	vtt:sentence:0027	line That is how many mind maps are presented Are there any ways of quantifying 	vtt_sentence	00:11:49.575	00:12:09.269	709.575	729.269	00:43:48.575	line That is how many mind maps are presented Are there any ways of quantifying the size of those embeddings on screen, so they are not just points and can be assigned a region of space Yes, that definitely could be done
topics_to_vtt_sentences	topic:regions-not-points	Regions Not Points	topic	2	0.427023	0.210526	vtt:sentence:0007	process happens in multiple stages, but those stages are aware of the semantic r	vtt_sentence	00:02:47.665	00:03:15.272	167.665	195.272	00:34:46.665	process happens in multiple stages, but those stages are aware of the semantic relationships between the nodes They use those relationships to find a good non-overlapping position for the nodes That gets us something a bit like this It has no overlap, which i
topics_to_vtt_sentences	topic:regions-not-points	Regions Not Points	topic	3	0.423294	0.193548	vtt:sentence:0004	two-dimensional space That should not be surprising, but it is really annoying T	vtt_sentence	00:01:18.504	00:01:42.276	78.504	102.276	00:33:17.504	two-dimensional space That should not be surprising, but it is really annoying The reason this happens is that each item is mathematically just a point It does not have any dimension in the two-dimensional representation unless that dimension is deliberately
topics_to_vtt_sentences	topic:regions-not-points	Regions Not Points	topic	4	0.421737	0.242424	vtt:sentence:0011	with a fittingly emptier area around it So the semantic integrity is good, but i	vtt_sentence	00:04:59.694	00:05:28.913	299.694	328.913	00:36:58.694	with a fittingly emptier area around it So the semantic integrity is good, but it is still not very intuitive These days we have image generators, so I semi-manually and semi-automatically generated icons for the topics
topics_to_vtt_sentences	topic:regions-not-points	Regions Not Points	topic	5	0.412974	0.142857	vtt:sentence:0026	But in an actual 2D space, things also have dimensions They have shapes We also 	vtt_sentence	00:11:30.422	00:11:49.545	690.422	709.545	00:43:29.422	But in an actual 2D space, things also have dimensions They have shapes We also think in categories On the screen, in a user interface many of those things could be grouped together by putting them in a box, or surrounding them with a
topics_to_vtt_sentences	topic:category-boundaries	Category Boundaries	topic	1	0.486884	0.085714	vtt:sentence:0026	But in an actual 2D space, things also have dimensions They have shapes We also 	vtt_sentence	00:11:30.422	00:11:49.545	690.422	709.545	00:43:29.422	But in an actual 2D space, things also have dimensions They have shapes We also think in categories On the screen, in a user interface many of those things could be grouped together by putting them in a box, or surrounding them with a
topics_to_vtt_sentences	topic:category-boundaries	Category Boundaries	topic	2	0.449729	0.111111	vtt:sentence:0002	information efficiently I’m interested in how things like embeddings, generated 	vtt_sentence	00:00:25.679	00:00:52.049	25.679	52.049	00:32:24.679	information efficiently I’m interested in how things like embeddings, generated categories, different kinds of relationships and graph structures can be used to make useful visualisations that do not look like a mess Speaking of which, this looks like a mess
topics_to_vtt_sentences	topic:category-boundaries	Category Boundaries	topic	3	0.393629	0.111111	vtt:sentence:0027	line That is how many mind maps are presented Are there any ways of quantifying 	vtt_sentence	00:11:49.575	00:12:09.269	709.575	729.269	00:43:48.575	line That is how many mind maps are presented Are there any ways of quantifying the size of those embeddings on screen, so they are not just points and can be assigned a region of space Yes, that definitely could be done
topics_to_vtt_sentences	topic:category-boundaries	Category Boundaries	topic	4	0.379222	0.064516	vtt:sentence:0033	word groups, and semantics One thing that this project is showing is that this i	vtt_sentence	00:13:48.553	00:14:03.079	828.553	843.079	00:45:47.553	word groups, and semantics One thing that this project is showing is that this is a kind of language I’m looking at Dining, Great Fire, and Prize Goods and there is a certain visual theme and linguistic theme to it
topics_to_vtt_sentences	topic:category-boundaries	Category Boundaries	topic	5	0.366905	0.117647	vtt:sentence:0028	I have not done that yet I do not have it saying, for example that this belongs 	vtt_sentence	00:12:09.299	00:12:23.639	729.299	743.639	00:44:08.299	I have not done that yet I do not have it saying, for example that this belongs to a work cluster I do not have that kind of membership information at the moment, but it is doable Just looking at the 2D screen, I guess something like
topics_to_vtt_sentences	topic:voronoi-topic-regions	Voronoi Topic Regions	topic	1	0.55368	0.205882	vtt:sentence:0029	a Voronoi map would be the easiest approach But there is this underlying structu	vtt_sentence	00:12:23.669	00:12:43.185	743.669	763.185	00:44:22.669	a Voronoi map would be the easiest approach But there is this underlying structure in the projection where different sections of the embedding space occupy different parts of the screen Yes In terms of what people are doing with pretrained models
topics_to_vtt_sentences	topic:voronoi-topic-regions	Voronoi Topic Regions	topic	2	0.455912	0.194444	vtt:sentence:0027	line That is how many mind maps are presented Are there any ways of quantifying 	vtt_sentence	00:11:49.575	00:12:09.269	709.575	729.269	00:43:48.575	line That is how many mind maps are presented Are there any ways of quantifying the size of those embeddings on screen, so they are not just points and can be assigned a region of space Yes, that definitely could be done
topics_to_vtt_sentences	topic:voronoi-topic-regions	Voronoi Topic Regions	topic	3	0.426551	0.15625	vtt:sentence:0003	This is what happens when a data set of topics is projected down from high-dimen	vtt_sentence	00:00:52.468	00:01:18.256	52.468	78.256	00:32:51.468	This is what happens when a data set of topics is projected down from high-dimensional space into 2D space We should expect it to be a mess We should expect overlap By default, there is not a clean reduction down to
topics_to_vtt_sentences	topic:voronoi-topic-regions	Voronoi Topic Regions	topic	4	0.422867	0.083333	vtt:sentence:0015	worth foregrounding from the broad overview perspective of his life When I am zo	vtt_sentence	00:06:53.174	00:07:20.445	413.174	440.445	00:38:52.174	worth foregrounding from the broad overview perspective of his life When I am zoomed out, the map shows things that are high-rank and high-salience, or some combination of those When I zoom in, it shows more nodes without fading them out
topics_to_vtt_sentences	topic:voronoi-topic-regions	Voronoi Topic Regions	topic	5	0.414978	0.181818	vtt:sentence:0011	with a fittingly emptier area around it So the semantic integrity is good, but i	vtt_sentence	00:04:59.694	00:05:28.913	299.694	328.913	00:36:58.694	with a fittingly emptier area around it So the semantic integrity is good, but it is still not very intuitive These days we have image generators, so I semi-manually and semi-automatically generated icons for the topics
topics_to_vtt_sentences	topic:generated-topic-icons	Generated Topic Icons	topic	1	0.646022	0.151515	vtt:sentence:0011	with a fittingly emptier area around it So the semantic integrity is good, but i	vtt_sentence	00:04:59.694	00:05:28.913	299.694	328.913	00:36:58.694	with a fittingly emptier area around it So the semantic integrity is good, but it is still not very intuitive These days we have image generators, so I semi-manually and semi-automatically generated icons for the topics
topics_to_vtt_sentences	topic:generated-topic-icons	Generated Topic Icons	topic	2	0.492574	0.111111	vtt:sentence:0002	information efficiently I’m interested in how things like embeddings, generated 	vtt_sentence	00:00:25.679	00:00:52.049	25.679	52.049	00:32:24.679	information efficiently I’m interested in how things like embeddings, generated categories, different kinds of relationships and graph structures can be used to make useful visualisations that do not look like a mess Speaking of which, this looks like a mess
topics_to_vtt_sentences	topic:generated-topic-icons	Generated Topic Icons	topic	3	0.464582	0.147059	vtt:sentence:0013	There is a lot that could be done I do have large-language-model-generated salie	vtt_sentence	00:05:54.978	00:06:25.169	354.978	385.169	00:37:53.978	There is a lot that could be done I do have large-language-model-generated salience scores for some of the topics I use those to adjust the scale and opacity of some nodes For instance, there is a woman who was
topics_to_vtt_sentences	topic:generated-topic-icons	Generated Topic Icons	topic	4	0.461983	0.083333	vtt:sentence:0027	line That is how many mind maps are presented Are there any ways of quantifying 	vtt_sentence	00:11:49.575	00:12:09.269	709.575	729.269	00:43:48.575	line That is how many mind maps are presented Are there any ways of quantifying the size of those embeddings on screen, so they are not just points and can be assigned a region of space Yes, that definitely could be done
topics_to_vtt_sentences	topic:generated-topic-icons	Generated Topic Icons	topic	5	0.417704	0.138889	vtt:sentence:0015	worth foregrounding from the broad overview perspective of his life When I am zo	vtt_sentence	00:06:53.174	00:07:20.445	413.174	440.445	00:38:52.174	worth foregrounding from the broad overview perspective of his life When I am zoomed out, the map shows things that are high-rank and high-salience, or some combination of those When I zoom in, it shows more nodes without fading them out
topics_to_vtt_sentences	topic:topics-as-recognisable-entities	Topics as Recognisable Entities	topic	1	0.556823	0.181818	vtt:sentence:0011	with a fittingly emptier area around it So the semantic integrity is good, but i	vtt_sentence	00:04:59.694	00:05:28.913	299.694	328.913	00:36:58.694	with a fittingly emptier area around it So the semantic integrity is good, but it is still not very intuitive These days we have image generators, so I semi-manually and semi-automatically generated icons for the topics
topics_to_vtt_sentences	topic:topics-as-recognisable-entities	Topics as Recognisable Entities	topic	2	0.548039	0.111111	vtt:sentence:0002	information efficiently I’m interested in how things like embeddings, generated 	vtt_sentence	00:00:25.679	00:00:52.049	25.679	52.049	00:32:24.679	information efficiently I’m interested in how things like embeddings, generated categories, different kinds of relationships and graph structures can be used to make useful visualisations that do not look like a mess Speaking of which, this looks like a mess
topics_to_vtt_sentences	topic:topics-as-recognisable-entities	Topics as Recognisable Entities	topic	3	0.516638	0.176471	vtt:sentence:0013	There is a lot that could be done I do have large-language-model-generated salie	vtt_sentence	00:05:54.978	00:06:25.169	354.978	385.169	00:37:53.978	There is a lot that could be done I do have large-language-model-generated salience scores for some of the topics I use those to adjust the scale and opacity of some nodes For instance, there is a woman who was
topics_to_vtt_sentences	topic:topics-as-recognisable-entities	Topics as Recognisable Entities	topic	4	0.484222	0.083333	vtt:sentence:0027	line That is how many mind maps are presented Are there any ways of quantifying 	vtt_sentence	00:11:49.575	00:12:09.269	709.575	729.269	00:43:48.575	line That is how many mind maps are presented Are there any ways of quantifying the size of those embeddings on screen, so they are not just points and can be assigned a region of space Yes, that definitely could be done
topics_to_vtt_sentences	topic:topics-as-recognisable-entities	Topics as Recognisable Entities	topic	5	0.480973	0.16129	vtt:sentence:0033	word groups, and semantics One thing that this project is showing is that this i	vtt_sentence	00:13:48.553	00:14:03.079	828.553	843.079	00:45:47.553	word groups, and semantics One thing that this project is showing is that this is a kind of language I’m looking at Dining, Great Fire, and Prize Goods and there is a certain visual theme and linguistic theme to it
topics_to_vtt_sentences	topic:salience-rank-scale-opacity	Salience, Rank, Scale, and Opacity	topic	1	0.562286	0.277778	vtt:sentence:0015	worth foregrounding from the broad overview perspective of his life When I am zo	vtt_sentence	00:06:53.174	00:07:20.445	413.174	440.445	00:38:52.174	worth foregrounding from the broad overview perspective of his life When I am zoomed out, the map shows things that are high-rank and high-salience, or some combination of those When I zoom in, it shows more nodes without fading them out
topics_to_vtt_sentences	topic:salience-rank-scale-opacity	Salience, Rank, Scale, and Opacity	topic	2	0.559629	0.264706	vtt:sentence:0013	There is a lot that could be done I do have large-language-model-generated salie	vtt_sentence	00:05:54.978	00:06:25.169	354.978	385.169	00:37:53.978	There is a lot that could be done I do have large-language-model-generated salience scores for some of the topics I use those to adjust the scale and opacity of some nodes For instance, there is a woman who was
topics_to_vtt_sentences	topic:salience-rank-scale-opacity	Salience, Rank, Scale, and Opacity	topic	3	0.45363	0.153846	vtt:sentence:0036	That worked pretty well I would have a data set of different kinds of life event	vtt_sentence	00:14:53.344	00:15:17.327	893.344	917.327	00:46:52.344	That worked pretty well I would have a data set of different kinds of life events at different scales Then we could zoom in on ways to slice the normal embeddings we get for a piece of text and use that to predict something like salience in a
topics_to_vtt_sentences	topic:salience-rank-scale-opacity	Salience, Rank, Scale, and Opacity	topic	4	0.422314	0.146341	vtt:sentence:0035	but for another person Dining means that Have you been able to express that at a	vtt_sentence	00:14:23.433	00:14:51.756	863.433	891.756	00:46:22.433	but for another person Dining means that Have you been able to express that at all One thing I was looking into was whether I could use off-the-shelf MiniLM embeddings to do salience prediction by extracting a few dimensions and maybe multiplying some of them
topics_to_vtt_sentences	topic:salience-rank-scale-opacity	Salience, Rank, Scale, and Opacity	topic	5	0.396066	0.111111	vtt:sentence:0002	information efficiently I’m interested in how things like embeddings, generated 	vtt_sentence	00:00:25.679	00:00:52.049	25.679	52.049	00:32:24.679	information efficiently I’m interested in how things like embeddings, generated categories, different kinds of relationships and graph structures can be used to make useful visualisations that do not look like a mess Speaking of which, this looks like a mess
topics_to_vtt_sentences	topic:zoomable-user-interface	Zoomable User Interface	topic	1	0.684914	0.179487	vtt:sentence:0012	That probably helps a little bit What would be more useful is a zoomable user in	vtt_sentence	00:05:28.937	00:05:54.948	328.937	354.948	00:37:27.937	That probably helps a little bit What would be more useful is a zoomable user interface where we can look at different things at different levels and see different zoom states, very much like what Ivan Lugo was talking about earlier I have not done much with
topics_to_vtt_sentences	topic:zoomable-user-interface	Zoomable User Interface	topic	2	0.510929	0.083333	vtt:sentence:0015	worth foregrounding from the broad overview perspective of his life When I am zo	vtt_sentence	00:06:53.174	00:07:20.445	413.174	440.445	00:38:52.174	worth foregrounding from the broad overview perspective of his life When I am zoomed out, the map shows things that are high-rank and high-salience, or some combination of those When I zoom in, it shows more nodes without fading them out
topics_to_vtt_sentences	topic:zoomable-user-interface	Zoomable User Interface	topic	3	0.461551	0.189189	vtt:sentence:0017	information, or presents a visualisation of something is also potentially a good	vtt_sentence	00:07:44.079	00:07:59.307	464.079	479.307	00:39:43.079	information, or presents a visualisation of something is also potentially a good interface through which we can express something There are two sides to every interface So far, you have talked about what this interface is revealing, what it is showing, and ho
topics_to_vtt_sentences	topic:zoomable-user-interface	Zoomable User Interface	topic	4	0.433139	0.111111	vtt:sentence:0018	higher-dimensional spaces I’m curious what you have thought about with respect t	vtt_sentence	00:07:59.337	00:08:16.171	479.337	496.171	00:39:58.337	higher-dimensional spaces I’m curious what you have thought about with respect to doing expressive work through this interface Yes We can actually project back There is a popular library called UMAP Learn that lets
topics_to_vtt_sentences	topic:zoomable-user-interface	Zoomable User Interface	topic	5	0.407457	0.171429	vtt:sentence:0026	But in an actual 2D space, things also have dimensions They have shapes We also 	vtt_sentence	00:11:30.422	00:11:49.545	690.422	709.545	00:43:29.422	But in an actual 2D space, things also have dimensions They have shapes We also think in categories On the screen, in a user interface many of those things could be grouped together by putting them in a box, or surrounding them with a
topics_to_vtt_sentences	topic:progressive-zoom-disclosure	Progressive Zoom Disclosure	topic	1	0.576736	0.138889	vtt:sentence:0015	worth foregrounding from the broad overview perspective of his life When I am zo	vtt_sentence	00:06:53.174	00:07:20.445	413.174	440.445	00:38:52.174	worth foregrounding from the broad overview perspective of his life When I am zoomed out, the map shows things that are high-rank and high-salience, or some combination of those When I zoom in, it shows more nodes without fading them out
topics_to_vtt_sentences	topic:progressive-zoom-disclosure	Progressive Zoom Disclosure	topic	2	0.525018	0.1	vtt:sentence:0012	That probably helps a little bit What would be more useful is a zoomable user in	vtt_sentence	00:05:28.937	00:05:54.948	328.937	354.948	00:37:27.937	That probably helps a little bit What would be more useful is a zoomable user interface where we can look at different things at different levels and see different zoom states, very much like what Ivan Lugo was talking about earlier I have not done much with
topics_to_vtt_sentences	topic:progressive-zoom-disclosure	Progressive Zoom Disclosure	topic	3	0.425014	0.083333	vtt:sentence:0002	information efficiently I’m interested in how things like embeddings, generated 	vtt_sentence	00:00:25.679	00:00:52.049	25.679	52.049	00:32:24.679	information efficiently I’m interested in how things like embeddings, generated categories, different kinds of relationships and graph structures can be used to make useful visualisations that do not look like a mess Speaking of which, this looks like a mess
topics_to_vtt_sentences	topic:progressive-zoom-disclosure	Progressive Zoom Disclosure	topic	4	0.415665	0.147059	vtt:sentence:0013	There is a lot that could be done I do have large-language-model-generated salie	vtt_sentence	00:05:54.978	00:06:25.169	354.978	385.169	00:37:53.978	There is a lot that could be done I do have large-language-model-generated salience scores for some of the topics I use those to adjust the scale and opacity of some nodes For instance, there is a woman who was
topics_to_vtt_sentences	topic:progressive-zoom-disclosure	Progressive Zoom Disclosure	topic	5	0.415343	0.108108	vtt:sentence:0017	information, or presents a visualisation of something is also potentially a good	vtt_sentence	00:07:44.079	00:07:59.307	464.079	479.307	00:39:43.079	information, or presents a visualisation of something is also potentially a good interface through which we can express something There are two sides to every interface So far, you have talked about what this interface is revealing, what it is showing, and ho
topics_to_vtt_sentences	topic:visual-linguistic-themes	Visual-Linguistic Themes	topic	1	0.631393	0.193548	vtt:sentence:0033	word groups, and semantics One thing that this project is showing is that this i	vtt_sentence	00:13:48.553	00:14:03.079	828.553	843.079	00:45:47.553	word groups, and semantics One thing that this project is showing is that this is a kind of language I’m looking at Dining, Great Fire, and Prize Goods and there is a certain visual theme and linguistic theme to it
topics_to_vtt_sentences	topic:visual-linguistic-themes	Visual-Linguistic Themes	topic	2	0.510816	0.125	vtt:sentence:0034	I’m curious because you have clearly operated on this from different texts and d	vtt_sentence	00:14:05.193	00:14:23.403	845.193	863.403	00:46:04.193	I’m curious because you have clearly operated on this from different texts and different spaces Have you seen linguistic patterns in the way you have built this out Have you tried to visualise that For instance, in this case Dining means this
topics_to_vtt_sentences	topic:visual-linguistic-themes	Visual-Linguistic Themes	topic	3	0.463877	0.068966	vtt:sentence:0041	This is really cool to see It shows how it works on the data side Thank you Very	vtt_sentence	00:16:44.705	00:17:01.386	1004.705	1021.386	00:48:43.705	This is really cool to see It shows how it works on the data side Thank you Very cool I also love to point to Bob Horn Robert Horn, who coined the term visual language
topics_to_vtt_sentences	topic:visual-linguistic-themes	Visual-Linguistic Themes	topic	4	0.431296	0.090909	vtt:sentence:0011	with a fittingly emptier area around it So the semantic integrity is good, but i	vtt_sentence	00:04:59.694	00:05:28.913	299.694	328.913	00:36:58.694	with a fittingly emptier area around it So the semantic integrity is good, but it is still not very intuitive These days we have image generators, so I semi-manually and semi-automatically generated icons for the topics
topics_to_vtt_sentences	topic:visual-linguistic-themes	Visual-Linguistic Themes	topic	5	0.412174	0.083333	vtt:sentence:0002	information efficiently I’m interested in how things like embeddings, generated 	vtt_sentence	00:00:25.679	00:00:52.049	25.679	52.049	00:32:24.679	information efficiently I’m interested in how things like embeddings, generated categories, different kinds of relationships and graph structures can be used to make useful visualisations that do not look like a mess Speaking of which, this looks like a mess
topics_to_vtt_sentences	topic:abstraction-levels	Abstraction Levels	topic	1	0.39535	0.138889	vtt:sentence:0002	information efficiently I’m interested in how things like embeddings, generated 	vtt_sentence	00:00:25.679	00:00:52.049	25.679	52.049	00:32:24.679	information efficiently I’m interested in how things like embeddings, generated categories, different kinds of relationships and graph structures can be used to make useful visualisations that do not look like a mess Speaking of which, this looks like a mess
topics_to_vtt_sentences	topic:abstraction-levels	Abstraction Levels	topic	2	0.379578	0.142857	vtt:sentence:0012	That probably helps a little bit What would be more useful is a zoomable user in	vtt_sentence	00:05:28.937	00:05:54.948	328.937	354.948	00:37:27.937	That probably helps a little bit What would be more useful is a zoomable user interface where we can look at different things at different levels and see different zoom states, very much like what Ivan Lugo was talking about earlier I have not done much with
topics_to_vtt_sentences	topic:abstraction-levels	Abstraction Levels	topic	3	0.376419	0.186047	vtt:sentence:0045	how they fit together, and what level of abstraction works His book is probably 	vtt_sentence	00:18:14.048	00:18:37.968	1094.048	1117.968	00:50:13.048	how they fit together, and what level of abstraction works His book is probably from the 1980s or 1990s I do not know how well-known it is but it is out there on archive.org and he posted it as himself I encourage people who are wondering about the grammar of
topics_to_vtt_sentences	topic:abstraction-levels	Abstraction Levels	topic	4	0.375593	0.162162	vtt:sentence:0017	information, or presents a visualisation of something is also potentially a good	vtt_sentence	00:07:44.079	00:07:59.307	464.079	479.307	00:39:43.079	information, or presents a visualisation of something is also potentially a good interface through which we can express something There are two sides to every interface So far, you have talked about what this interface is revealing, what it is showing, and ho
topics_to_vtt_sentences	topic:abstraction-levels	Abstraction Levels	topic	5	0.375589	0.138889	vtt:sentence:0015	worth foregrounding from the broad overview perspective of his life When I am zo	vtt_sentence	00:06:53.174	00:07:20.445	413.174	440.445	00:38:52.174	worth foregrounding from the broad overview perspective of his life When I am zoomed out, the map shows things that are high-rank and high-salience, or some combination of those When I zoom in, it shows more nodes without fading them out
topics_to_vtt_sentences	topic:map-as-expressive-interface	Map as Expressive Interface	topic	1	0.578121	0.205882	vtt:sentence:0017	information, or presents a visualisation of something is also potentially a good	vtt_sentence	00:07:44.079	00:07:59.307	464.079	479.307	00:39:43.079	information, or presents a visualisation of something is also potentially a good interface through which we can express something There are two sides to every interface So far, you have talked about what this interface is revealing, what it is showing, and ho
topics_to_vtt_sentences	topic:map-as-expressive-interface	Map as Expressive Interface	topic	2	0.511825	0.147059	vtt:sentence:0018	higher-dimensional spaces I’m curious what you have thought about with respect t	vtt_sentence	00:07:59.337	00:08:16.171	479.337	496.171	00:39:58.337	higher-dimensional spaces I’m curious what you have thought about with respect to doing expressive work through this interface Yes We can actually project back There is a popular library called UMAP Learn that lets
topics_to_vtt_sentences	topic:map-as-expressive-interface	Map as Expressive Interface	topic	3	0.448882	0.205882	vtt:sentence:0002	information efficiently I’m interested in how things like embeddings, generated 	vtt_sentence	00:00:25.679	00:00:52.049	25.679	52.049	00:32:24.679	information efficiently I’m interested in how things like embeddings, generated categories, different kinds of relationships and graph structures can be used to make useful visualisations that do not look like a mess Speaking of which, this looks like a mess
topics_to_vtt_sentences	topic:map-as-expressive-interface	Map as Expressive Interface	topic	4	0.444157	0.176471	vtt:sentence:0027	line That is how many mind maps are presented Are there any ways of quantifying 	vtt_sentence	00:11:49.575	00:12:09.269	709.575	729.269	00:43:48.575	line That is how many mind maps are presented Are there any ways of quantifying the size of those embeddings on screen, so they are not just points and can be assigned a region of space Yes, that definitely could be done
topics_to_vtt_sentences	topic:map-as-expressive-interface	Map as Expressive Interface	topic	5	0.426682	0.176471	vtt:sentence:0040	When I am talking to you and I can see that shape, that is another dimension we 	vtt_sentence	00:16:32.044	00:16:44.675	992.044	1004.675	00:48:31.044	When I am talking to you and I can see that shape, that is another dimension we can communicate across That is very much why I am trying to build my whole system What you are describing is that we need a visual medium for it
topics_to_vtt_sentences	topic:drag-and-drop-arrangement	Drag-and-Drop Arrangement	topic	1	0.631363	0.25641	vtt:sentence:0022	It is also sometimes useful to do drag and-drop image-collage work People often 	vtt_sentence	00:09:28.875	00:09:59.448	568.875	599.448	00:41:27.875	It is also sometimes useful to do drag and-drop image-collage work People often prefer paper for this kind of reason It is a real pain, when working digitally to lose the ability to arrange things freely So yes, I think that would be powerful
topics_to_vtt_sentences	topic:drag-and-drop-arrangement	Drag-and-Drop Arrangement	topic	2	0.40959	0.171429	vtt:sentence:0026	But in an actual 2D space, things also have dimensions They have shapes We also 	vtt_sentence	00:11:30.422	00:11:49.545	690.422	709.545	00:43:29.422	But in an actual 2D space, things also have dimensions They have shapes We also think in categories On the screen, in a user interface many of those things could be grouped together by putting them in a box, or surrounding them with a
topics_to_vtt_sentences	topic:drag-and-drop-arrangement	Drag-and-Drop Arrangement	topic	3	0.394323	0.083333	vtt:sentence:0002	information efficiently I’m interested in how things like embeddings, generated 	vtt_sentence	00:00:25.679	00:00:52.049	25.679	52.049	00:32:24.679	information efficiently I’m interested in how things like embeddings, generated categories, different kinds of relationships and graph structures can be used to make useful visualisations that do not look like a mess Speaking of which, this looks like a mess
topics_to_vtt_sentences	topic:drag-and-drop-arrangement	Drag-and-Drop Arrangement	topic	4	0.392641	0.111111	vtt:sentence:0018	higher-dimensional spaces I’m curious what you have thought about with respect t	vtt_sentence	00:07:59.337	00:08:16.171	479.337	496.171	00:39:58.337	higher-dimensional spaces I’m curious what you have thought about with respect to doing expressive work through this interface Yes We can actually project back There is a popular library called UMAP Learn that lets
topics_to_vtt_sentences	topic:drag-and-drop-arrangement	Drag-and-Drop Arrangement	topic	5	0.381934	0.131579	vtt:sentence:0007	process happens in multiple stages, but those stages are aware of the semantic r	vtt_sentence	00:02:47.665	00:03:15.272	167.665	195.272	00:34:46.665	process happens in multiple stages, but those stages are aware of the semantic relationships between the nodes They use those relationships to find a good non-overlapping position for the nodes That gets us something a bit like this It has no overlap, which i
topics_to_vtt_sentences	topic:reverse-projection	Reverse Projection	topic	1	0.570048	0.212121	vtt:sentence:0020	That is not ideal But one cool thing it can do is project back It can let us pre	vtt_sentence	00:08:40.500	00:09:08.985	520.5	548.985	00:40:39.500	That is not ideal But one cool thing it can do is project back It can let us predict what high-dimensional representation or high-dimensional embedding, would make sense if for example, I put something new here
topics_to_vtt_sentences	topic:reverse-projection	Reverse Projection	topic	2	0.535485	0.184211	vtt:sentence:0025	to ask, just unmute and go right ahead I have one question I really liked what y	vtt_sentence	00:11:08.621	00:11:30.362	668.621	690.362	00:43:07.621	to ask, just unmute and go right ahead I have one question I really liked what you mentioned about reverse-projecting into high-dimensional spaces Mathematicians like to simplify things into spherical cows When modelling things in 2D, we model everything as p
topics_to_vtt_sentences	topic:reverse-projection	Reverse Projection	topic	3	0.516206	0.176471	vtt:sentence:0029	a Voronoi map would be the easiest approach But there is this underlying structu	vtt_sentence	00:12:23.669	00:12:43.185	743.669	763.185	00:44:22.669	a Voronoi map would be the easiest approach But there is this underlying structure in the projection where different sections of the embedding space occupy different parts of the screen Yes In terms of what people are doing with pretrained models
topics_to_vtt_sentences	topic:reverse-projection	Reverse Projection	topic	4	0.505464	0.194444	vtt:sentence:0018	higher-dimensional spaces I’m curious what you have thought about with respect t	vtt_sentence	00:07:59.337	00:08:16.171	479.337	496.171	00:39:58.337	higher-dimensional spaces I’m curious what you have thought about with respect to doing expressive work through this interface Yes We can actually project back There is a popular library called UMAP Learn that lets
topics_to_vtt_sentences	topic:reverse-projection	Reverse Projection	topic	5	0.437008	0.105263	vtt:sentence:0023	Another common problem is that the orientation can flip around whenever one of t	vtt_sentence	00:10:07.891	00:10:32.985	607.891	632.985	00:42:06.891	Another common problem is that the orientation can flip around whenever one of these maps is regenerated There are different ways of doing dimensionality reduction and they are often based on a random seed or on other stochastic things, that make it hard to k
topics_to_vtt_sentences	topic:moving-things-as-thinking	Moving Things as Thinking	topic	1	0.464311	0.222222	vtt:sentence:0021	What might it mean, based on everything else the system knows about the space Ho	vtt_sentence	00:09:09.322	00:09:28.845	549.322	568.845	00:41:08.322	What might it mean, based on everything else the system knows about the space How might it relate to these personal things these social things, and these work things That can absolutely be done
topics_to_vtt_sentences	topic:moving-things-as-thinking	Moving Things as Thinking	topic	2	0.459573	0.142857	vtt:sentence:0026	But in an actual 2D space, things also have dimensions They have shapes We also 	vtt_sentence	00:11:30.422	00:11:49.545	690.422	709.545	00:43:29.422	But in an actual 2D space, things also have dimensions They have shapes We also think in categories On the screen, in a user interface many of those things could be grouped together by putting them in a box, or surrounding them with a
topics_to_vtt_sentences	topic:moving-things-as-thinking	Moving Things as Thinking	topic	3	0.437882	0.236842	vtt:sentence:0001	Hello I’m interested in the problem of how we as human beings, can get a good me	vtt_sentence	00:00:00.838	00:00:25.241	0.838	25.241	00:31:59.838	Hello I’m interested in the problem of how we as human beings, can get a good mental model of what is going on I want to understand things and make use of our high-bandwidth visual centres, which are very good at interpreting
topics_to_vtt_sentences	topic:moving-things-as-thinking	Moving Things as Thinking	topic	4	0.417967	0.138889	vtt:sentence:0027	line That is how many mind maps are presented Are there any ways of quantifying 	vtt_sentence	00:11:49.575	00:12:09.269	709.575	729.269	00:43:48.575	line That is how many mind maps are presented Are there any ways of quantifying the size of those embeddings on screen, so they are not just points and can be assigned a region of space Yes, that definitely could be done
topics_to_vtt_sentences	topic:moving-things-as-thinking	Moving Things as Thinking	topic	5	0.417851	0.09375	vtt:sentence:0034	I’m curious because you have clearly operated on this from different texts and d	vtt_sentence	00:14:05.193	00:14:23.403	845.193	863.403	00:46:04.193	I’m curious because you have clearly operated on this from different texts and different spaces Have you seen linguistic patterns in the way you have built this out Have you tried to visualise that For instance, in this case Dining means this
topics_to_vtt_sentences	topic:paper-like-digital-canvas	Paper-Like Digital Canvas	topic	1	0.615058	0.142857	vtt:sentence:0022	It is also sometimes useful to do drag and-drop image-collage work People often 	vtt_sentence	00:09:28.875	00:09:59.448	568.875	599.448	00:41:27.875	It is also sometimes useful to do drag and-drop image-collage work People often prefer paper for this kind of reason It is a real pain, when working digitally to lose the ability to arrange things freely So yes, I think that would be powerful
topics_to_vtt_sentences	topic:paper-like-digital-canvas	Paper-Like Digital Canvas	topic	2	0.458182	0.083333	vtt:sentence:0018	higher-dimensional spaces I’m curious what you have thought about with respect t	vtt_sentence	00:07:59.337	00:08:16.171	479.337	496.171	00:39:58.337	higher-dimensional spaces I’m curious what you have thought about with respect to doing expressive work through this interface Yes We can actually project back There is a popular library called UMAP Learn that lets
topics_to_vtt_sentences	topic:paper-like-digital-canvas	Paper-Like Digital Canvas	topic	3	0.438026	0.171429	vtt:sentence:0026	But in an actual 2D space, things also have dimensions They have shapes We also 	vtt_sentence	00:11:30.422	00:11:49.545	690.422	709.545	00:43:29.422	But in an actual 2D space, things also have dimensions They have shapes We also think in categories On the screen, in a user interface many of those things could be grouped together by putting them in a box, or surrounding them with a
topics_to_vtt_sentences	topic:paper-like-digital-canvas	Paper-Like Digital Canvas	topic	4	0.427495	0.138889	vtt:sentence:0027	line That is how many mind maps are presented Are there any ways of quantifying 	vtt_sentence	00:11:49.575	00:12:09.269	709.575	729.269	00:43:48.575	line That is how many mind maps are presented Are there any ways of quantifying the size of those embeddings on screen, so they are not just points and can be assigned a region of space Yes, that definitely could be done
topics_to_vtt_sentences	topic:paper-like-digital-canvas	Paper-Like Digital Canvas	topic	5	0.408442	0.138889	vtt:sentence:0002	information efficiently I’m interested in how things like embeddings, generated 	vtt_sentence	00:00:25.679	00:00:52.049	25.679	52.049	00:32:24.679	information efficiently I’m interested in how things like embeddings, generated categories, different kinds of relationships and graph structures can be used to make useful visualisations that do not look like a mess Speaking of which, this looks like a mess
topics_to_vtt_sentences	topic:local-global-layout-tension	Local-Global Layout Tension	topic	1	0.485399	0.176471	vtt:sentence:0019	us do that UMAP is a common solution for dimensionality reduction of high dimens	vtt_sentence	00:08:16.200	00:08:40.395	496.2	520.395	00:40:15.200	us do that UMAP is a common solution for dimensionality reduction of high dimensional data It does not have a global objective It is mostly local, which means it might mess up how things fit together in aggregate
topics_to_vtt_sentences	topic:local-global-layout-tension	Local-Global Layout Tension	topic	2	0.467454	0.15625	vtt:sentence:0003	This is what happens when a data set of topics is projected down from high-dimen	vtt_sentence	00:00:52.468	00:01:18.256	52.468	78.256	00:32:51.468	This is what happens when a data set of topics is projected down from high-dimensional space into 2D space We should expect it to be a mess We should expect overlap By default, there is not a clean reduction down to
topics_to_vtt_sentences	topic:local-global-layout-tension	Local-Global Layout Tension	topic	3	0.457089	0.264706	vtt:sentence:0029	a Voronoi map would be the easiest approach But there is this underlying structu	vtt_sentence	00:12:23.669	00:12:43.185	743.669	763.185	00:44:22.669	a Voronoi map would be the easiest approach But there is this underlying structure in the projection where different sections of the embedding space occupy different parts of the screen Yes In terms of what people are doing with pretrained models
topics_to_vtt_sentences	topic:local-global-layout-tension	Local-Global Layout Tension	topic	4	0.450437	0.166667	vtt:sentence:0002	information efficiently I’m interested in how things like embeddings, generated 	vtt_sentence	00:00:25.679	00:00:52.049	25.679	52.049	00:32:24.679	information efficiently I’m interested in how things like embeddings, generated categories, different kinds of relationships and graph structures can be used to make useful visualisations that do not look like a mess Speaking of which, this looks like a mess
topics_to_vtt_sentences	topic:local-global-layout-tension	Local-Global Layout Tension	topic	5	0.441455	0.166667	vtt:sentence:0015	worth foregrounding from the broad overview perspective of his life When I am zo	vtt_sentence	00:06:53.174	00:07:20.445	413.174	440.445	00:38:52.174	worth foregrounding from the broad overview perspective of his life When I am zoomed out, the map shows things that are high-rank and high-salience, or some combination of those When I zoom in, it shows more nodes without fading them out
topics_to_vtt_sentences	topic:shared-representational-geometry	Shared Representational Geometry	topic	1	0.632879	0.147059	vtt:sentence:0030	and embedding spaces, they are finding out some really cool things recently Part	vtt_sentence	00:12:43.215	00:13:05.943	763.215	785.943	00:44:42.215	and embedding spaces, they are finding out some really cool things recently Particular geometric patterns are being shared among completely different models We are starting to peer into that geometric representation space that they have learned in high dimens
topics_to_vtt_sentences	topic:shared-representational-geometry	Shared Representational Geometry	topic	2	0.486543	0.117647	vtt:sentence:0037	really efficient way Then the Manifold Steering paper came out It basically show	vtt_sentence	00:15:17.357	00:15:46.725	917.357	946.725	00:47:16.357	really efficient way Then the Manifold Steering paper came out It basically showed things like different dates mapping to a particular shape inside large language models They look at things like weekdays in different language models corresponding to certain s
topics_to_vtt_sentences	topic:shared-representational-geometry	Shared Representational Geometry	topic	3	0.476688	0.114286	vtt:sentence:0002	information efficiently I’m interested in how things like embeddings, generated 	vtt_sentence	00:00:25.679	00:00:52.049	25.679	52.049	00:32:24.679	information efficiently I’m interested in how things like embeddings, generated categories, different kinds of relationships and graph structures can be used to make useful visualisations that do not look like a mess Speaking of which, this looks like a mess
topics_to_vtt_sentences	topic:shared-representational-geometry	Shared Representational Geometry	topic	4	0.467086	0.171429	vtt:sentence:0027	line That is how many mind maps are presented Are there any ways of quantifying 	vtt_sentence	00:11:49.575	00:12:09.269	709.575	729.269	00:43:48.575	line That is how many mind maps are presented Are there any ways of quantifying the size of those embeddings on screen, so they are not just points and can be assigned a region of space Yes, that definitely could be done
topics_to_vtt_sentences	topic:shared-representational-geometry	Shared Representational Geometry	topic	5	0.46258	0.058824	vtt:sentence:0029	a Voronoi map would be the easiest approach But there is this underlying structu	vtt_sentence	00:12:23.669	00:12:43.185	743.669	763.185	00:44:22.669	a Voronoi map would be the easiest approach But there is this underlying structure in the projection where different sections of the embedding space occupy different parts of the screen Yes In terms of what people are doing with pretrained models
topics_to_vtt_sentences	topic:cross-model-geometric-patterns	Cross-Model Geometric Patterns	topic	1	0.652781	0.264706	vtt:sentence:0030	and embedding spaces, they are finding out some really cool things recently Part	vtt_sentence	00:12:43.215	00:13:05.943	763.215	785.943	00:44:42.215	and embedding spaces, they are finding out some really cool things recently Particular geometric patterns are being shared among completely different models We are starting to peer into that geometric representation space that they have learned in high dimens
topics_to_vtt_sentences	topic:cross-model-geometric-patterns	Cross-Model Geometric Patterns	topic	2	0.466469	0.088235	vtt:sentence:0037	really efficient way Then the Manifold Steering paper came out It basically show	vtt_sentence	00:15:17.357	00:15:46.725	917.357	946.725	00:47:16.357	really efficient way Then the Manifold Steering paper came out It basically showed things like different dates mapping to a particular shape inside large language models They look at things like weekdays in different language models corresponding to certain s
topics_to_vtt_sentences	topic:cross-model-geometric-patterns	Cross-Model Geometric Patterns	topic	3	0.441076	0.15625	vtt:sentence:0034	I’m curious because you have clearly operated on this from different texts and d	vtt_sentence	00:14:05.193	00:14:23.403	845.193	863.403	00:46:04.193	I’m curious because you have clearly operated on this from different texts and different spaces Have you seen linguistic patterns in the way you have built this out Have you tried to visualise that For instance, in this case Dining means this
topics_to_vtt_sentences	topic:cross-model-geometric-patterns	Cross-Model Geometric Patterns	topic	4	0.433068	0.147059	vtt:sentence:0032	of an article I saw on Hacker News or somewhere around there It was an arXiv pap	vtt_sentence	00:13:31.348	00:13:48.333	811.348	828.333	00:45:30.348	of an article I saw on Hacker News or somewhere around there It was an arXiv paper, and it talked about that very thing Researchers had found that across a number of languages there was a very definite pattern to certain words
topics_to_vtt_sentences	topic:cross-model-geometric-patterns	Cross-Model Geometric Patterns	topic	5	0.416481	0.083333	vtt:sentence:0002	information efficiently I’m interested in how things like embeddings, generated 	vtt_sentence	00:00:25.679	00:00:52.049	25.679	52.049	00:32:24.679	information efficiently I’m interested in how things like embeddings, generated categories, different kinds of relationships and graph structures can be used to make useful visualisations that do not look like a mess Speaking of which, this looks like a mess
topics_to_vtt_sentences	topic:cross-lingual-semantic-shapes	Cross-Lingual Semantic Shapes	topic	1	0.515879	0.030303	vtt:sentence:0039	That paper is perfect We are finding that things have a definitive shape Whether	vtt_sentence	00:16:16.066	00:16:32.003	976.066	992.003	00:48:15.066	That paper is perfect We are finding that things have a definitive shape Whether I am speaking Italian, German, French English, or some weird mixture, if I say a word like good, bad, evil, or positive, it is going to have some kind of shape
topics_to_vtt_sentences	topic:cross-lingual-semantic-shapes	Cross-Lingual Semantic Shapes	topic	2	0.49321	0.032258	vtt:sentence:0033	word groups, and semantics One thing that this project is showing is that this i	vtt_sentence	00:13:48.553	00:14:03.079	828.553	843.079	00:45:47.553	word groups, and semantics One thing that this project is showing is that this is a kind of language I’m looking at Dining, Great Fire, and Prize Goods and there is a certain visual theme and linguistic theme to it
topics_to_vtt_sentences	topic:cross-lingual-semantic-shapes	Cross-Lingual Semantic Shapes	topic	3	0.483246	0.125	vtt:sentence:0034	I’m curious because you have clearly operated on this from different texts and d	vtt_sentence	00:14:05.193	00:14:23.403	845.193	863.403	00:46:04.193	I’m curious because you have clearly operated on this from different texts and different spaces Have you seen linguistic patterns in the way you have built this out Have you tried to visualise that For instance, in this case Dining means this
topics_to_vtt_sentences	topic:cross-lingual-semantic-shapes	Cross-Lingual Semantic Shapes	topic	4	0.464461	0.121212	vtt:sentence:0037	really efficient way Then the Manifold Steering paper came out It basically show	vtt_sentence	00:15:17.357	00:15:46.725	917.357	946.725	00:47:16.357	really efficient way Then the Manifold Steering paper came out It basically showed things like different dates mapping to a particular shape inside large language models They look at things like weekdays in different language models corresponding to certain s
topics_to_vtt_sentences	topic:cross-lingual-semantic-shapes	Cross-Lingual Semantic Shapes	topic	5	0.427273	0.090909	vtt:sentence:0032	of an article I saw on Hacker News or somewhere around there It was an arXiv pap	vtt_sentence	00:13:31.348	00:13:48.333	811.348	828.333	00:45:30.348	of an article I saw on Hacker News or somewhere around there It was an arXiv paper, and it talked about that very thing Researchers had found that across a number of languages there was a very definite pattern to certain words
topics_to_vtt_sentences	topic:person-specific-meaning	Person-Specific Meaning	topic	1	0.466083	0.148148	vtt:sentence:0021	What might it mean, based on everything else the system knows about the space Ho	vtt_sentence	00:09:09.322	00:09:28.845	549.322	568.845	00:41:08.322	What might it mean, based on everything else the system knows about the space How might it relate to these personal things these social things, and these work things That can absolutely be done
topics_to_vtt_sentences	topic:person-specific-meaning	Person-Specific Meaning	topic	2	0.362726	0.205128	vtt:sentence:0036	That worked pretty well I would have a data set of different kinds of life event	vtt_sentence	00:14:53.344	00:15:17.327	893.344	917.327	00:46:52.344	That worked pretty well I would have a data set of different kinds of life events at different scales Then we could zoom in on ways to slice the normal embeddings we get for a piece of text and use that to predict something like salience in a
topics_to_vtt_sentences	topic:person-specific-meaning	Person-Specific Meaning	topic	3	0.361627	0.175	vtt:sentence:0035	but for another person Dining means that Have you been able to express that at a	vtt_sentence	00:14:23.433	00:14:51.756	863.433	891.756	00:46:22.433	but for another person Dining means that Have you been able to express that at all One thing I was looking into was whether I could use off-the-shelf MiniLM embeddings to do salience prediction by extracting a few dimensions and maybe multiplying some of them
topics_to_vtt_sentences	topic:person-specific-meaning	Person-Specific Meaning	topic	4	0.348776	0.166667	vtt:sentence:0015	worth foregrounding from the broad overview perspective of his life When I am zo	vtt_sentence	00:06:53.174	00:07:20.445	413.174	440.445	00:38:52.174	worth foregrounding from the broad overview perspective of his life When I am zoomed out, the map shows things that are high-rank and high-salience, or some combination of those When I zoom in, it shows more nodes without fading them out
topics_to_vtt_sentences	topic:person-specific-meaning	Person-Specific Meaning	topic	5	0.340864	0.102564	vtt:sentence:0046	visual language to check that out, because he has thought about this stuff a lot	vtt_sentence	00:18:37.998	00:19:06.191	1117.998	1146.191	00:50:36.998	visual language to check that out, because he has thought about this stuff a lot People have been using this kind of thing actively for things like studying pandemics How do we communicate with hundreds of different people who have different specialisms in di
topics_to_vtt_sentences	topic:manifold-steering	Manifold Steering	topic	1	0.641876	0.147059	vtt:sentence:0037	really efficient way Then the Manifold Steering paper came out It basically show	vtt_sentence	00:15:17.357	00:15:46.725	917.357	946.725	00:47:16.357	really efficient way Then the Manifold Steering paper came out It basically showed things like different dates mapping to a particular shape inside large language models They look at things like weekdays in different language models corresponding to certain s
topics_to_vtt_sentences	topic:manifold-steering	Manifold Steering	topic	2	0.48775	0.147059	vtt:sentence:0030	and embedding spaces, they are finding out some really cool things recently Part	vtt_sentence	00:12:43.215	00:13:05.943	763.215	785.943	00:44:42.215	and embedding spaces, they are finding out some really cool things recently Particular geometric patterns are being shared among completely different models We are starting to peer into that geometric representation space that they have learned in high dimens
topics_to_vtt_sentences	topic:manifold-steering	Manifold Steering	topic	3	0.417944	0.0	vtt:sentence:0029	a Voronoi map would be the easiest approach But there is this underlying structu	vtt_sentence	00:12:23.669	00:12:43.185	743.669	763.185	00:44:22.669	a Voronoi map would be the easiest approach But there is this underlying structure in the projection where different sections of the embedding space occupy different parts of the screen Yes In terms of what people are doing with pretrained models
topics_to_vtt_sentences	topic:manifold-steering	Manifold Steering	topic	4	0.408573	0.055556	vtt:sentence:0018	higher-dimensional spaces I’m curious what you have thought about with respect t	vtt_sentence	00:07:59.337	00:08:16.171	479.337	496.171	00:39:58.337	higher-dimensional spaces I’m curious what you have thought about with respect to doing expressive work through this interface Yes We can actually project back There is a popular library called UMAP Learn that lets
topics_to_vtt_sentences	topic:manifold-steering	Manifold Steering	topic	5	0.402505	0.083333	vtt:sentence:0002	information efficiently I’m interested in how things like embeddings, generated 	vtt_sentence	00:00:25.679	00:00:52.049	25.679	52.049	00:32:24.679	information efficiently I’m interested in how things like embeddings, generated categories, different kinds of relationships and graph structures can be used to make useful visualisations that do not look like a mess Speaking of which, this looks like a mess
topics_to_vtt_sentences	topic:calendar-concept-shapes	Calendar Concept Shapes	topic	1	0.524054	0.176471	vtt:sentence:0037	really efficient way Then the Manifold Steering paper came out It basically show	vtt_sentence	00:15:17.357	00:15:46.725	917.357	946.725	00:47:16.357	really efficient way Then the Manifold Steering paper came out It basically showed things like different dates mapping to a particular shape inside large language models They look at things like weekdays in different language models corresponding to certain s
topics_to_vtt_sentences	topic:calendar-concept-shapes	Calendar Concept Shapes	topic	2	0.451469	0.171429	vtt:sentence:0026	But in an actual 2D space, things also have dimensions They have shapes We also 	vtt_sentence	00:11:30.422	00:11:49.545	690.422	709.545	00:43:29.422	But in an actual 2D space, things also have dimensions They have shapes We also think in categories On the screen, in a user interface many of those things could be grouped together by putting them in a box, or surrounding them with a
topics_to_vtt_sentences	topic:calendar-concept-shapes	Calendar Concept Shapes	topic	3	0.416879	0.235294	vtt:sentence:0030	and embedding spaces, they are finding out some really cool things recently Part	vtt_sentence	00:12:43.215	00:13:05.943	763.215	785.943	00:44:42.215	and embedding spaces, they are finding out some really cool things recently Particular geometric patterns are being shared among completely different models We are starting to peer into that geometric representation space that they have learned in high dimens
topics_to_vtt_sentences	topic:calendar-concept-shapes	Calendar Concept Shapes	topic	4	0.407252	0.108108	vtt:sentence:0039	That paper is perfect We are finding that things have a definitive shape Whether	vtt_sentence	00:16:16.066	00:16:32.003	976.066	992.003	00:48:15.066	That paper is perfect We are finding that things have a definitive shape Whether I am speaking Italian, German, French English, or some weird mixture, if I say a word like good, bad, evil, or positive, it is going to have some kind of shape
topics_to_vtt_sentences	topic:calendar-concept-shapes	Calendar Concept Shapes	topic	5	0.386113	0.111111	vtt:sentence:0002	information efficiently I’m interested in how things like embeddings, generated 	vtt_sentence	00:00:25.679	00:00:52.049	25.679	52.049	00:32:24.679	information efficiently I’m interested in how things like embeddings, generated categories, different kinds of relationships and graph structures can be used to make useful visualisations that do not look like a mess Speaking of which, this looks like a mess
topics_to_vtt_sentences	topic:interpretability-and-ai-safety	Interpretability and AI Safety	topic	1	0.614578	0.088235	vtt:sentence:0031	People are interested in that from a machine-learning interpretability and safet	vtt_sentence	00:13:07.881	00:13:31.318	787.881	811.318	00:45:06.881	People are interested in that from a machine-learning interpretability and safety perspective as well Thanks We have time for one more question I have a quick one too That last point about high dimensionality and language reminds me
topics_to_vtt_sentences	topic:interpretability-and-ai-safety	Interpretability and AI Safety	topic	2	0.415333	0.157895	vtt:sentence:0001	Hello I’m interested in the problem of how we as human beings, can get a good me	vtt_sentence	00:00:00.838	00:00:25.241	0.838	25.241	00:31:59.838	Hello I’m interested in the problem of how we as human beings, can get a good mental model of what is going on I want to understand things and make use of our high-bandwidth visual centres, which are very good at interpreting
topics_to_vtt_sentences	topic:interpretability-and-ai-safety	Interpretability and AI Safety	topic	3	0.414383	0.083333	vtt:sentence:0002	information efficiently I’m interested in how things like embeddings, generated 	vtt_sentence	00:00:25.679	00:00:52.049	25.679	52.049	00:32:24.679	information efficiently I’m interested in how things like embeddings, generated categories, different kinds of relationships and graph structures can be used to make useful visualisations that do not look like a mess Speaking of which, this looks like a mess
topics_to_vtt_sentences	topic:interpretability-and-ai-safety	Interpretability and AI Safety	topic	4	0.396826	0.131579	vtt:sentence:0006	But then we have to tweak all kinds of fiddly variables to keep the semantic int	vtt_sentence	00:02:06.681	00:02:45.924	126.681	165.924	00:34:05.681	But then we have to tweak all kinds of fiddly variables to keep the semantic integrity authentic It is also a bit of a kludge to switch to a different kind of algorithm at presentation time without any consideration of the semantic embeddings themselves I hav
topics_to_vtt_sentences	topic:interpretability-and-ai-safety	Interpretability and AI Safety	topic	5	0.384415	0.138889	vtt:sentence:0047	risk areas How do we get them to collaborate and share their findings in a usefu	vtt_sentence	00:19:06.267	00:19:29.365	1146.267	1169.365	00:51:05.267	risk areas How do we get them to collaborate and share their findings in a useful way We might make a mess map, or an information mural or something like that There is a defined language that has been mapped out
topics_to_vtt_sentences	topic:visual-language-grammar	Visual Language Grammar	topic	1	0.533687	0.206897	vtt:sentence:0041	This is really cool to see It shows how it works on the data side Thank you Very	vtt_sentence	00:16:44.705	00:17:01.386	1004.705	1021.386	00:48:43.705	This is really cool to see It shows how it works on the data side Thank you Very cool I also love to point to Bob Horn Robert Horn, who coined the term visual language
topics_to_vtt_sentences	topic:visual-language-grammar	Visual Language Grammar	topic	2	0.512704	0.225806	vtt:sentence:0033	word groups, and semantics One thing that this project is showing is that this i	vtt_sentence	00:13:48.553	00:14:03.079	828.553	843.079	00:45:47.553	word groups, and semantics One thing that this project is showing is that this is a kind of language I’m looking at Dining, Great Fire, and Prize Goods and there is a certain visual theme and linguistic theme to it
topics_to_vtt_sentences	topic:visual-language-grammar	Visual Language Grammar	topic	3	0.487507	0.125	vtt:sentence:0034	I’m curious because you have clearly operated on this from different texts and d	vtt_sentence	00:14:05.193	00:14:23.403	845.193	863.403	00:46:04.193	I’m curious because you have clearly operated on this from different texts and different spaces Have you seen linguistic patterns in the way you have built this out Have you tried to visualise that For instance, in this case Dining means this
topics_to_vtt_sentences	topic:visual-language-grammar	Visual Language Grammar	topic	4	0.48177	0.225806	vtt:sentence:0044	about by looking at it, without actually knowing about Pepys and his life There 	vtt_sentence	00:17:48.237	00:18:14.009	1068.237	1094.009	00:49:47.237	about by looking at it, without actually knowing about Pepys and his life There are a whole load of language components that he talks about and explains why it is important to have text why it is important to have visuals
topics_to_vtt_sentences	topic:visual-language-grammar	Visual Language Grammar	topic	5	0.460309	0.083333	vtt:sentence:0002	information efficiently I’m interested in how things like embeddings, generated 	vtt_sentence	00:00:25.679	00:00:52.049	25.679	52.049	00:32:24.679	information efficiently I’m interested in how things like embeddings, generated categories, different kinds of relationships and graph structures can be used to make useful visualisations that do not look like a mess Speaking of which, this looks like a mess
topics_to_vtt_sentences	topic:robert-horn-visual-language	Robert Horn Visual Language	topic	1	0.710866	0.241379	vtt:sentence:0041	This is really cool to see It shows how it works on the data side Thank you Very	vtt_sentence	00:16:44.705	00:17:01.386	1004.705	1021.386	00:48:43.705	This is really cool to see It shows how it works on the data side Thank you Very cool I also love to point to Bob Horn Robert Horn, who coined the term visual language
topics_to_vtt_sentences	topic:robert-horn-visual-language	Robert Horn Visual Language	topic	2	0.469682	0.135135	vtt:sentence:0043	Maybe a decade ago, he published some really cool PDFs to archive.org, after the	vtt_sentence	00:17:18.847	00:17:48.207	1038.847	1068.207	00:49:17.847	Maybe a decade ago, he published some really cool PDFs to archive.org, after they had already scanned his visual language book He has a very clear walkthrough of how this can make sense between us How can somebody have an inkling of what this is
topics_to_vtt_sentences	topic:robert-horn-visual-language	Robert Horn Visual Language	topic	3	0.458179	0.225806	vtt:sentence:0044	about by looking at it, without actually knowing about Pepys and his life There 	vtt_sentence	00:17:48.237	00:18:14.009	1068.237	1094.009	00:49:47.237	about by looking at it, without actually knowing about Pepys and his life There are a whole load of language components that he talks about and explains why it is important to have text why it is important to have visuals
topics_to_vtt_sentences	topic:robert-horn-visual-language	Robert Horn Visual Language	topic	4	0.446814	0.162162	vtt:sentence:0046	visual language to check that out, because he has thought about this stuff a lot	vtt_sentence	00:18:37.998	00:19:06.191	1117.998	1146.191	00:50:36.998	visual language to check that out, because he has thought about this stuff a lot People have been using this kind of thing actively for things like studying pandemics How do we communicate with hundreds of different people who have different specialisms in di
topics_to_vtt_sentences	topic:robert-horn-visual-language	Robert Horn Visual Language	topic	5	0.430407	0.225806	vtt:sentence:0033	word groups, and semantics One thing that this project is showing is that this i	vtt_sentence	00:13:48.553	00:14:03.079	828.553	843.079	00:45:47.553	word groups, and semantics One thing that this project is showing is that this is a kind of language I’m looking at Dining, Great Fire, and Prize Goods and there is a certain visual theme and linguistic theme to it
topics_to_vtt_sentences	topic:information-murals-and-mess-maps	Information Murals and Mess Maps	topic	1	0.587649	0.114286	vtt:sentence:0047	risk areas How do we get them to collaborate and share their findings in a usefu	vtt_sentence	00:19:06.267	00:19:29.365	1146.267	1169.365	00:51:05.267	risk areas How do we get them to collaborate and share their findings in a useful way We might make a mess map, or an information mural or something like that There is a defined language that has been mapped out
topics_to_vtt_sentences	topic:information-murals-and-mess-maps	Information Murals and Mess Maps	topic	2	0.553562	0.171429	vtt:sentence:0002	information efficiently I’m interested in how things like embeddings, generated 	vtt_sentence	00:00:25.679	00:00:52.049	25.679	52.049	00:32:24.679	information efficiently I’m interested in how things like embeddings, generated categories, different kinds of relationships and graph structures can be used to make useful visualisations that do not look like a mess Speaking of which, this looks like a mess
topics_to_vtt_sentences	topic:information-murals-and-mess-maps	Information Murals and Mess Maps	topic	3	0.459172	0.142857	vtt:sentence:0027	line That is how many mind maps are presented Are there any ways of quantifying 	vtt_sentence	00:11:49.575	00:12:09.269	709.575	729.269	00:43:48.575	line That is how many mind maps are presented Are there any ways of quantifying the size of those embeddings on screen, so they are not just points and can be assigned a region of space Yes, that definitely could be done
topics_to_vtt_sentences	topic:information-murals-and-mess-maps	Information Murals and Mess Maps	topic	4	0.444913	0.085714	vtt:sentence:0017	information, or presents a visualisation of something is also potentially a good	vtt_sentence	00:07:44.079	00:07:59.307	464.079	479.307	00:39:43.079	information, or presents a visualisation of something is also potentially a good interface through which we can express something There are two sides to every interface So far, you have talked about what this interface is revealing, what it is showing, and ho
topics_to_vtt_sentences	topic:information-murals-and-mess-maps	Information Murals and Mess Maps	topic	5	0.418824	0.085714	vtt:sentence:0001	Hello I’m interested in the problem of how we as human beings, can get a good me	vtt_sentence	00:00:00.838	00:00:25.241	0.838	25.241	00:31:59.838	Hello I’m interested in the problem of how we as human beings, can get a good mental model of what is going on I want to understand things and make use of our high-bandwidth visual centres, which are very good at interpreting
topics_to_vtt_sentences	topic:cross-specialist-collaboration	Cross-Specialist Collaboration	topic	1	0.551808	0.083333	vtt:sentence:0047	risk areas How do we get them to collaborate and share their findings in a usefu	vtt_sentence	00:19:06.267	00:19:29.365	1146.267	1169.365	00:51:05.267	risk areas How do we get them to collaborate and share their findings in a useful way We might make a mess map, or an information mural or something like that There is a defined language that has been mapped out
topics_to_vtt_sentences	topic:cross-specialist-collaboration	Cross-Specialist Collaboration	topic	2	0.455001	0.128205	vtt:sentence:0046	visual language to check that out, because he has thought about this stuff a lot	vtt_sentence	00:18:37.998	00:19:06.191	1117.998	1146.191	00:50:36.998	visual language to check that out, because he has thought about this stuff a lot People have been using this kind of thing actively for things like studying pandemics How do we communicate with hundreds of different people who have different specialisms in di
topics_to_vtt_sentences	topic:cross-specialist-collaboration	Cross-Specialist Collaboration	topic	3	0.403397	0.083333	vtt:sentence:0002	information efficiently I’m interested in how things like embeddings, generated 	vtt_sentence	00:00:25.679	00:00:52.049	25.679	52.049	00:32:24.679	information efficiently I’m interested in how things like embeddings, generated categories, different kinds of relationships and graph structures can be used to make useful visualisations that do not look like a mess Speaking of which, this looks like a mess
topics_to_vtt_sentences	topic:cross-specialist-collaboration	Cross-Specialist Collaboration	topic	4	0.361654	0.128205	vtt:sentence:0001	Hello I’m interested in the problem of how we as human beings, can get a good me	vtt_sentence	00:00:00.838	00:00:25.241	0.838	25.241	00:31:59.838	Hello I’m interested in the problem of how we as human beings, can get a good mental model of what is going on I want to understand things and make use of our high-bandwidth visual centres, which are very good at interpreting
topics_to_vtt_sentences	topic:cross-specialist-collaboration	Cross-Specialist Collaboration	topic	5	0.355332	0.078947	vtt:sentence:0007	process happens in multiple stages, but those stages are aware of the semantic r	vtt_sentence	00:02:47.665	00:03:15.272	167.665	195.272	00:34:46.665	process happens in multiple stages, but those stages are aware of the semantic relationships between the nodes They use those relationships to find a good non-overlapping position for the nodes That gets us something a bit like this It has no overlap, which i
topics_to_vtt_sentences	topic:pandemic-and-biorisk-collaboration	Pandemic and Biorisk Collaboration	topic	1	0.560244	0.083333	vtt:sentence:0047	risk areas How do we get them to collaborate and share their findings in a usefu	vtt_sentence	00:19:06.267	00:19:29.365	1146.267	1169.365	00:51:05.267	risk areas How do we get them to collaborate and share their findings in a useful way We might make a mess map, or an information mural or something like that There is a defined language that has been mapped out
topics_to_vtt_sentences	topic:pandemic-and-biorisk-collaboration	Pandemic and Biorisk Collaboration	topic	2	0.539709	0.055556	vtt:sentence:0046	visual language to check that out, because he has thought about this stuff a lot	vtt_sentence	00:18:37.998	00:19:06.191	1117.998	1146.191	00:50:36.998	visual language to check that out, because he has thought about this stuff a lot People have been using this kind of thing actively for things like studying pandemics How do we communicate with hundreds of different people who have different specialisms in di
topics_to_vtt_sentences	topic:pandemic-and-biorisk-collaboration	Pandemic and Biorisk Collaboration	topic	3	0.32405	0.083333	vtt:sentence:0002	information efficiently I’m interested in how things like embeddings, generated 	vtt_sentence	00:00:25.679	00:00:52.049	25.679	52.049	00:32:24.679	information efficiently I’m interested in how things like embeddings, generated categories, different kinds of relationships and graph structures can be used to make useful visualisations that do not look like a mess Speaking of which, this looks like a mess
topics_to_vtt_sentences	topic:pandemic-and-biorisk-collaboration	Pandemic and Biorisk Collaboration	topic	4	0.318111	0.027778	vtt:sentence:0015	worth foregrounding from the broad overview perspective of his life When I am zo	vtt_sentence	00:06:53.174	00:07:20.445	413.174	440.445	00:38:52.174	worth foregrounding from the broad overview perspective of his life When I am zoomed out, the map shows things that are high-rank and high-salience, or some combination of those When I zoom in, it shows more nodes without fading them out
topics_to_vtt_sentences	topic:pandemic-and-biorisk-collaboration	Pandemic and Biorisk Collaboration	topic	5	0.309287	0.111111	vtt:sentence:0001	Hello I’m interested in the problem of how we as human beings, can get a good me	vtt_sentence	00:00:00.838	00:00:25.241	0.838	25.241	00:31:59.838	Hello I’m interested in the problem of how we as human beings, can get a good mental model of what is going on I want to understand things and make use of our high-bandwidth visual centres, which are very good at interpreting
topics_to_vtt_sentences	topic:collective-sensemaking-tools	Collective Sensemaking Tools	topic	1	0.481983	0.029412	vtt:sentence:0047	risk areas How do we get them to collaborate and share their findings in a usefu	vtt_sentence	00:19:06.267	00:19:29.365	1146.267	1169.365	00:51:05.267	risk areas How do we get them to collaborate and share their findings in a useful way We might make a mess map, or an information mural or something like that There is a defined language that has been mapped out
topics_to_vtt_sentences	topic:collective-sensemaking-tools	Collective Sensemaking Tools	topic	2	0.422929	0.117647	vtt:sentence:0001	Hello I’m interested in the problem of how we as human beings, can get a good me	vtt_sentence	00:00:00.838	00:00:25.241	0.838	25.241	00:31:59.838	Hello I’m interested in the problem of how we as human beings, can get a good mental model of what is going on I want to understand things and make use of our high-bandwidth visual centres, which are very good at interpreting
topics_to_vtt_sentences	topic:collective-sensemaking-tools	Collective Sensemaking Tools	topic	3	0.375386	0.058824	vtt:sentence:0002	information efficiently I’m interested in how things like embeddings, generated 	vtt_sentence	00:00:25.679	00:00:52.049	25.679	52.049	00:32:24.679	information efficiently I’m interested in how things like embeddings, generated categories, different kinds of relationships and graph structures can be used to make useful visualisations that do not look like a mess Speaking of which, this looks like a mess
topics_to_vtt_sentences	topic:collective-sensemaking-tools	Collective Sensemaking Tools	topic	4	0.373368	0.074074	vtt:sentence:0021	What might it mean, based on everything else the system knows about the space Ho	vtt_sentence	00:09:09.322	00:09:28.845	549.322	568.845	00:41:08.322	What might it mean, based on everything else the system knows about the space How might it relate to these personal things these social things, and these work things That can absolutely be done
topics_to_vtt_sentences	topic:collective-sensemaking-tools	Collective Sensemaking Tools	topic	5	0.369105	0.088235	vtt:sentence:0046	visual language to check that out, because he has thought about this stuff a lot	vtt_sentence	00:18:37.998	00:19:06.191	1117.998	1146.191	00:50:36.998	visual language to check that out, because he has thought about this stuff a lot People have been using this kind of thing actively for things like studying pandemics How do we communicate with hundreds of different people who have different specialisms in di
topics_to_vtt_sentences	topic:new-media-grammar	New Media Grammar	topic	1	0.531301	0.181818	vtt:sentence:0048	to some degree That does not mean there are no new forms of language, or new way	vtt_sentence	00:19:29.395	00:19:52.373	1169.395	1192.373	00:51:28.395	to some degree That does not mean there are no new forms of language, or new ways of doing things that we are discovering as we make new media But it is a really useful body of work to check out
topics_to_vtt_sentences	topic:new-media-grammar	New Media Grammar	topic	2	0.404077	0.137931	vtt:sentence:0041	This is really cool to see It shows how it works on the data side Thank you Very	vtt_sentence	00:16:44.705	00:17:01.386	1004.705	1021.386	00:48:43.705	This is really cool to see It shows how it works on the data side Thank you Very cool I also love to point to Bob Horn Robert Horn, who coined the term visual language
topics_to_vtt_sentences	topic:new-media-grammar	New Media Grammar	topic	3	0.392727	0.16129	vtt:sentence:0033	word groups, and semantics One thing that this project is showing is that this i	vtt_sentence	00:13:48.553	00:14:03.079	828.553	843.079	00:45:47.553	word groups, and semantics One thing that this project is showing is that this is a kind of language I’m looking at Dining, Great Fire, and Prize Goods and there is a certain visual theme and linguistic theme to it
topics_to_vtt_sentences	topic:new-media-grammar	New Media Grammar	topic	4	0.392238	0.09375	vtt:sentence:0034	I’m curious because you have clearly operated on this from different texts and d	vtt_sentence	00:14:05.193	00:14:23.403	845.193	863.403	00:46:04.193	I’m curious because you have clearly operated on this from different texts and different spaces Have you seen linguistic patterns in the way you have built this out Have you tried to visualise that For instance, in this case Dining means this
topics_to_vtt_sentences	topic:new-media-grammar	New Media Grammar	topic	5	0.389819	0.111111	vtt:sentence:0002	information efficiently I’m interested in how things like embeddings, generated 	vtt_sentence	00:00:25.679	00:00:52.049	25.679	52.049	00:32:24.679	information efficiently I’m interested in how things like embeddings, generated categories, different kinds of relationships and graph structures can be used to make useful visualisations that do not look like a mess Speaking of which, this looks like a mess
topics_to_vtt_sentences	topic:samuel-pepys-life-map	Samuel Pepys Life Map	topic	1	0.611494	0.30303	vtt:sentence:0008	These topics are from Samuel Pepys’s life and the things in it I took them from 	vtt_sentence	00:03:17.546	00:03:49.380	197.546	229.38	00:35:16.546	These topics are from Samuel Pepys’s life and the things in it I took them from a manually made list This is a lot better The semantic integrity is actually quite good For example, there is the bladder
topics_to_vtt_sentences	topic:samuel-pepys-life-map	Samuel Pepys Life Map	topic	2	0.470859	0.225806	vtt:sentence:0044	about by looking at it, without actually knowing about Pepys and his life There 	vtt_sentence	00:17:48.237	00:18:14.009	1068.237	1094.009	00:49:47.237	about by looking at it, without actually knowing about Pepys and his life There are a whole load of language components that he talks about and explains why it is important to have text why it is important to have visuals
topics_to_vtt_sentences	topic:samuel-pepys-life-map	Samuel Pepys Life Map	topic	3	0.42083	0.166667	vtt:sentence:0014	loosely related to some people in this area through gossip She is not as central	vtt_sentence	00:06:25.199	00:06:53.046	385.199	413.046	00:38:24.199	loosely related to some people in this area through gossip She is not as central to Pepys’s life Her centrality is low, but she is still an interesting figure She is not at full opacity, because she is not
topics_to_vtt_sentences	topic:samuel-pepys-life-map	Samuel Pepys Life Map	topic	4	0.390882	0.166667	vtt:sentence:0015	worth foregrounding from the broad overview perspective of his life When I am zo	vtt_sentence	00:06:53.174	00:07:20.445	413.174	440.445	00:38:52.174	worth foregrounding from the broad overview perspective of his life When I am zoomed out, the map shows things that are high-rank and high-salience, or some combination of those When I zoom in, it shows more nodes without fading them out
topics_to_vtt_sentences	topic:samuel-pepys-life-map	Samuel Pepys Life Map	topic	5	0.319273	0.166667	vtt:sentence:0036	That worked pretty well I would have a data set of different kinds of life event	vtt_sentence	00:14:53.344	00:15:17.327	893.344	917.327	00:46:52.344	That worked pretty well I would have a data set of different kinds of life events at different scales Then we could zoom in on ways to slice the normal embeddings we get for a piece of text and use that to predict something like salience in a
topics_to_vtt_sentences	topic:biographical-salience	Biographical Salience	topic	1	0.484064	0.25	vtt:sentence:0015	worth foregrounding from the broad overview perspective of his life When I am zo	vtt_sentence	00:06:53.174	00:07:20.445	413.174	440.445	00:38:52.174	worth foregrounding from the broad overview perspective of his life When I am zoomed out, the map shows things that are high-rank and high-salience, or some combination of those When I zoom in, it shows more nodes without fading them out
topics_to_vtt_sentences	topic:biographical-salience	Biographical Salience	topic	2	0.459603	0.236842	vtt:sentence:0036	That worked pretty well I would have a data set of different kinds of life event	vtt_sentence	00:14:53.344	00:15:17.327	893.344	917.327	00:46:52.344	That worked pretty well I would have a data set of different kinds of life events at different scales Then we could zoom in on ways to slice the normal embeddings we get for a piece of text and use that to predict something like salience in a
topics_to_vtt_sentences	topic:biographical-salience	Biographical Salience	topic	3	0.389059	0.205882	vtt:sentence:0013	There is a lot that could be done I do have large-language-model-generated salie	vtt_sentence	00:05:54.978	00:06:25.169	354.978	385.169	00:37:53.978	There is a lot that could be done I do have large-language-model-generated salience scores for some of the topics I use those to adjust the scale and opacity of some nodes For instance, there is a woman who was
topics_to_vtt_sentences	topic:biographical-salience	Biographical Salience	topic	4	0.363734	0.212121	vtt:sentence:0008	These topics are from Samuel Pepys’s life and the things in it I took them from 	vtt_sentence	00:03:17.546	00:03:49.380	197.546	229.38	00:35:16.546	These topics are from Samuel Pepys’s life and the things in it I took them from a manually made list This is a lot better The semantic integrity is actually quite good For example, there is the bladder
topics_to_vtt_sentences	topic:biographical-salience	Biographical Salience	topic	5	0.353159	0.222222	vtt:sentence:0021	What might it mean, based on everything else the system knows about the space Ho	vtt_sentence	00:09:09.322	00:09:28.845	549.322	568.845	00:41:08.322	What might it mean, based on everything else the system knows about the space How might it relate to these personal things these social things, and these work things That can absolutely be done
topics_to_vtt_sentences	topic:pepys-medical-anxiety	Pepys Medical Anxiety	topic	1	0.499066	0.30303	vtt:sentence:0008	These topics are from Samuel Pepys’s life and the things in it I took them from 	vtt_sentence	00:03:17.546	00:03:49.380	197.546	229.38	00:35:16.546	These topics are from Samuel Pepys’s life and the things in it I took them from a manually made list This is a lot better The semantic integrity is actually quite good For example, there is the bladder
topics_to_vtt_sentences	topic:pepys-medical-anxiety	Pepys Medical Anxiety	topic	2	0.473922	0.346154	vtt:sentence:0009	stone surgery he had The stone was a personal concern of his He had frequent pai	vtt_sentence	00:03:52.039	00:04:20.369	232.039	260.369	00:35:51.039	stone surgery he had The stone was a personal concern of his He had frequent pains, especially when he got cold, and it became one of his anxious preoccupations Another one is gold
topics_to_vtt_sentences	topic:pepys-medical-anxiety	Pepys Medical Anxiety	topic	3	0.389384	0.258065	vtt:sentence:0044	about by looking at it, without actually knowing about Pepys and his life There 	vtt_sentence	00:17:48.237	00:18:14.009	1068.237	1094.009	00:49:47.237	about by looking at it, without actually knowing about Pepys and his life There are a whole load of language components that he talks about and explains why it is important to have text why it is important to have visuals
topics_to_vtt_sentences	topic:pepys-medical-anxiety	Pepys Medical Anxiety	topic	4	0.374958	0.233333	vtt:sentence:0014	loosely related to some people in this area through gossip She is not as central	vtt_sentence	00:06:25.199	00:06:53.046	385.199	413.046	00:38:24.199	loosely related to some people in this area through gossip She is not as central to Pepys’s life Her centrality is low, but she is still an interesting figure She is not at full opacity, because she is not
topics_to_vtt_sentences	topic:pepys-medical-anxiety	Pepys Medical Anxiety	topic	5	0.291631	0.185185	vtt:sentence:0010	Gold fits into a psychological kind of cluster for him Likewise, his main occupa	vtt_sentence	00:04:26.415	00:04:58.331	266.415	298.331	00:36:25.415	Gold fits into a psychological kind of cluster for him Likewise, his main occupational duties are in a place, and there is a Navy cluster There is also the Great Fire of London
topics_to_vtt_sentences	topic:pepys-work-and-institutions	Pepys Work and Institutions	topic	1	0.493972	0.212121	vtt:sentence:0008	These topics are from Samuel Pepys’s life and the things in it I took them from 	vtt_sentence	00:03:17.546	00:03:49.380	197.546	229.38	00:35:16.546	These topics are from Samuel Pepys’s life and the things in it I took them from a manually made list This is a lot better The semantic integrity is actually quite good For example, there is the bladder
topics_to_vtt_sentences	topic:pepys-work-and-institutions	Pepys Work and Institutions	topic	2	0.419411	0.185185	vtt:sentence:0010	Gold fits into a psychological kind of cluster for him Likewise, his main occupa	vtt_sentence	00:04:26.415	00:04:58.331	266.415	298.331	00:36:25.415	Gold fits into a psychological kind of cluster for him Likewise, his main occupational duties are in a place, and there is a Navy cluster There is also the Great Fire of London
topics_to_vtt_sentences	topic:pepys-work-and-institutions	Pepys Work and Institutions	topic	3	0.400523	0.16129	vtt:sentence:0044	about by looking at it, without actually knowing about Pepys and his life There 	vtt_sentence	00:17:48.237	00:18:14.009	1068.237	1094.009	00:49:47.237	about by looking at it, without actually knowing about Pepys and his life There are a whole load of language components that he talks about and explains why it is important to have text why it is important to have visuals
topics_to_vtt_sentences	topic:pepys-work-and-institutions	Pepys Work and Institutions	topic	4	0.388695	0.133333	vtt:sentence:0014	loosely related to some people in this area through gossip She is not as central	vtt_sentence	00:06:25.199	00:06:53.046	385.199	413.046	00:38:24.199	loosely related to some people in this area through gossip She is not as central to Pepys’s life Her centrality is low, but she is still an interesting figure She is not at full opacity, because she is not
topics_to_vtt_sentences	topic:pepys-work-and-institutions	Pepys Work and Institutions	topic	5	0.343705	0.148148	vtt:sentence:0021	What might it mean, based on everything else the system knows about the space Ho	vtt_sentence	00:09:09.322	00:09:28.845	549.322	568.845	00:41:08.322	What might it mean, based on everything else the system knows about the space How might it relate to these personal things these social things, and these work things That can absolutely be done
topics_to_vtt_sentences	topic:historical-catastrophe-landmark	Historical Catastrophe Landmark	topic	1	0.31868	0.25	vtt:sentence:0047	risk areas How do we get them to collaborate and share their findings in a usefu	vtt_sentence	00:19:06.267	00:19:29.365	1146.267	1169.365	00:51:05.267	risk areas How do we get them to collaborate and share their findings in a useful way We might make a mess map, or an information mural or something like that There is a defined language that has been mapped out
topics_to_vtt_sentences	topic:historical-catastrophe-landmark	Historical Catastrophe Landmark	topic	2	0.304055	0.194444	vtt:sentence:0015	worth foregrounding from the broad overview perspective of his life When I am zo	vtt_sentence	00:06:53.174	00:07:20.445	413.174	440.445	00:38:52.174	worth foregrounding from the broad overview perspective of his life When I am zoomed out, the map shows things that are high-rank and high-salience, or some combination of those When I zoom in, it shows more nodes without fading them out
topics_to_vtt_sentences	topic:historical-catastrophe-landmark	Historical Catastrophe Landmark	topic	3	0.281648	0.222222	vtt:sentence:0010	Gold fits into a psychological kind of cluster for him Likewise, his main occupa	vtt_sentence	00:04:26.415	00:04:58.331	266.415	298.331	00:36:25.415	Gold fits into a psychological kind of cluster for him Likewise, his main occupational duties are in a place, and there is a Navy cluster There is also the Great Fire of London
topics_to_vtt_sentences	topic:historical-catastrophe-landmark	Historical Catastrophe Landmark	topic	4	0.267163	0.166667	vtt:sentence:0027	line That is how many mind maps are presented Are there any ways of quantifying 	vtt_sentence	00:11:49.575	00:12:09.269	709.575	729.269	00:43:48.575	line That is how many mind maps are presented Are there any ways of quantifying the size of those embeddings on screen, so they are not just points and can be assigned a region of space Yes, that definitely could be done
topics_to_vtt_sentences	topic:historical-catastrophe-landmark	Historical Catastrophe Landmark	topic	5	0.266558	0.111111	vtt:sentence:0002	information efficiently I’m interested in how things like embeddings, generated 	vtt_sentence	00:00:25.679	00:00:52.049	25.679	52.049	00:32:24.679	information efficiently I’m interested in how things like embeddings, generated categories, different kinds of relationships and graph structures can be used to make useful visualisations that do not look like a mess Speaking of which, this looks like a mess
topics_to_vtt_sentences	topic:prototype-first-steps	Prototype First Steps	topic	1	0.411139	0.175	vtt:sentence:0049	That is probably a good note to end on Luke, thank you very much for sharing wha	vtt_sentence	00:19:52.403	00:20:11.681	1192.403	1211.681	00:51:51.403	That is probably a good note to end on Luke, thank you very much for sharing what seems to be promising first steps on a project I will be excited to see this unfold in the coming months Thanks to Jasmine Otto, Ivan Lugo, and Luke for demoing
topics_to_vtt_sentences	topic:prototype-first-steps	Prototype First Steps	topic	2	0.326509	0.176471	vtt:sentence:0040	When I am talking to you and I can see that shape, that is another dimension we 	vtt_sentence	00:16:32.044	00:16:44.675	992.044	1004.675	00:48:31.044	When I am talking to you and I can see that shape, that is another dimension we can communicate across That is very much why I am trying to build my whole system What you are describing is that we need a visual medium for it
topics_to_vtt_sentences	topic:prototype-first-steps	Prototype First Steps	topic	3	0.314457	0.133333	vtt:sentence:0016	That is basically as far as I have got with that I’m going to do the thing and j	vtt_sentence	00:07:24.427	00:07:43.618	444.427	463.618	00:39:23.427	That is basically as far as I have got with that I’m going to do the thing and jump in with a question in the middle That’s the format I have this weird personal belief: any interface that presents
topics_to_vtt_sentences	topic:prototype-first-steps	Prototype First Steps	topic	4	0.31061	0.185185	vtt:sentence:0021	What might it mean, based on everything else the system knows about the space Ho	vtt_sentence	00:09:09.322	00:09:28.845	549.322	568.845	00:41:08.322	What might it mean, based on everything else the system knows about the space How might it relate to these personal things these social things, and these work things That can absolutely be done
topics_to_vtt_sentences	topic:prototype-first-steps	Prototype First Steps	topic	5	0.307122	0.121212	vtt:sentence:0020	That is not ideal But one cool thing it can do is project back It can let us pre	vtt_sentence	00:08:40.500	00:09:08.985	520.5	548.985	00:40:39.500	That is not ideal But one cool thing it can do is project back It can let us predict what high-dimensional representation or high-dimensional embedding, would make sense if for example, I put something new here
topics_to_chapters	topic:mental-model-building	Mental Model Building	topic	1	0.570482	0.230769	chapter:01	Intro: good mental models, high-bandwidth visual cognition	chapter	00:00:00.838	00:00:52.468	0.838	52.468	00:31:59.838	Intro: good mental models, high-bandwidth visual cognition. Hello I’m interested in the problem of how we as human beings, can get a good mental model of what is going on I want to understand things and make use of our high-bandwidth visual centres, which are
topics_to_chapters	topic:mental-model-building	Mental Model Building	topic	2	0.365335	0.230769	chapter:13	MiniLM salience, then the Manifold Steering paper	chapter	00:15:26.504	00:16:57.935	926.504	1017.935	00:47:25.504	MiniLM salience, then the Manifold Steering paper. It basically showed things like different dates mapping to a particular shape inside large language models They look at things like weekdays in different language models corresponding to certain shapes So I p
topics_to_chapters	topic:mental-model-building	Mental Model Building	topic	3	0.347139	0.230769	chapter:11	Shared geometry across models; interpretability and safety	chapter	00:12:55.193	00:14:05.193	775.193	845.193	00:44:54.193	Shared geometry across models; interpretability and safety. different models We are starting to peer into that geometric representation space that they have learned in high dimensions People are interested in that from a machine-learning interpretability and
topics_to_chapters	topic:high-bandwidth-visual-cognition	High-Bandwidth Visual Cognition	topic	1	0.713059	0.326087	chapter:01	Intro: good mental models, high-bandwidth visual cognition	chapter	00:00:00.838	00:00:52.468	0.838	52.468	00:31:59.838	Intro: good mental models, high-bandwidth visual cognition. Hello I’m interested in the problem of how we as human beings, can get a good mental model of what is going on I want to understand things and make use of our high-bandwidth visual centres, which are
topics_to_chapters	topic:high-bandwidth-visual-cognition	High-Bandwidth Visual Cognition	topic	2	0.448716	0.282609	chapter:14	Robert Horn and visual language; pandemic mess-maps	chapter	00:16:57.935	00:19:55.657	1017.935	1195.657	00:48:56.935	Robert Horn and visual language; pandemic mess-maps. Robert Horn, who coined the term visual language or at least popularised it He wrote a book about it He is a wise elder gentleman who lives somewhere in San Francisco, as far as I know I do not know how act
topics_to_chapters	topic:high-bandwidth-visual-cognition	High-Bandwidth Visual Cognition	topic	3	0.418023	0.304348	chapter:10	Q (maf): nodes as regions not points, Voronoi	chapter	00:11:35.105	00:12:55.193	695.105	775.193	00:43:34.105	Q (maf): nodes as regions not points, Voronoi. They have shapes We also think in categories On the screen, in a user interface many of those things could be grouped together by putting them in a box, or surrounding them with a line That is how many mind maps
topics_to_chapters	topic:semantic-spaces-made-intelligible	Semantic Spaces Made Intelligible	topic	1	0.557904	0.146341	chapter:11	Shared geometry across models; interpretability and safety	chapter	00:12:55.193	00:14:05.193	775.193	845.193	00:44:54.193	Shared geometry across models; interpretability and safety. different models We are starting to peer into that geometric representation space that they have learned in high dimensions People are interested in that from a machine-learning interpretability and
topics_to_chapters	topic:semantic-spaces-made-intelligible	Semantic Spaces Made Intelligible	topic	2	0.546267	0.292683	chapter:01	Intro: good mental models, high-bandwidth visual cognition	chapter	00:00:00.838	00:00:52.468	0.838	52.468	00:31:59.838	Intro: good mental models, high-bandwidth visual cognition. Hello I’m interested in the problem of how we as human beings, can get a good mental model of what is going on I want to understand things and make use of our high-bandwidth visual centres, which are
topics_to_chapters	topic:semantic-spaces-made-intelligible	Semantic Spaces Made Intelligible	topic	3	0.512259	0.170732	chapter:13	MiniLM salience, then the Manifold Steering paper	chapter	00:15:26.504	00:16:57.935	926.504	1017.935	00:47:25.504	MiniLM salience, then the Manifold Steering paper. It basically showed things like different dates mapping to a particular shape inside large language models They look at things like weekdays in different language models corresponding to certain shapes So I p
topics_to_chapters	topic:topic-map-as-medium	Topic Map as Medium	topic	1	0.466537	0.135135	chapter:02	Why the first map looks messy (high-D to 2D, overlap, force-directed kludge)	chapter	00:00:52.468	00:01:35.655	52.468	95.655	00:32:51.468	Why the first map looks messy (high-D to 2D, overlap, force-directed kludge). This is what happens when a data set of topics is projected down from high-dimensional space into 2D space We should expect it to be a mess We should expect overlap By default, ther
topics_to_chapters	topic:topic-map-as-medium	Topic Map as Medium	topic	2	0.456975	0.324324	chapter:10	Q (maf): nodes as regions not points, Voronoi	chapter	00:11:35.105	00:12:55.193	695.105	775.193	00:43:34.105	Q (maf): nodes as regions not points, Voronoi. They have shapes We also think in categories On the screen, in a user interface many of those things could be grouped together by putting them in a box, or surrounding them with a line That is how many mind maps
topics_to_chapters	topic:topic-map-as-medium	Topic Map as Medium	topic	3	0.437769	0.216216	chapter:06	Salience-driven scale and opacity; zoom states	chapter	00:06:14.406	00:07:54.548	374.406	474.548	00:38:13.406	Salience-driven scale and opacity; zoom states. of some nodes For instance, there is a woman who was loosely related to some people in this area through gossip She is not as central to Pepys’s life Her centrality is low, but she is still an interesting figure
topics_to_chapters	topic:semantic-embeddings	Semantic Embeddings	topic	1	0.512755	0.275	chapter:03	No-overlap layout that keeps semantic integrity	chapter	00:01:35.655	00:03:57.121	95.655	237.121	00:33:34.655	No-overlap layout that keeps semantic integrity. two-dimensional representation unless that dimension is deliberately added When we add that dimension, we then have to decide what to do about overlap One common thing people do is use a force-directed effect:
topics_to_chapters	topic:semantic-embeddings	Semantic Embeddings	topic	2	0.482681	0.15	chapter:12	Q (Ivan Lugo): shared shapes across languages	chapter	00:14:05.193	00:15:26.504	845.193	926.504	00:46:04.193	Q (Ivan Lugo): shared shapes across languages. I’m curious because you have clearly operated on this from different texts and different spaces Have you seen linguistic patterns in the way you have built this out Have you tried to visualise that For instance,
topics_to_chapters	topic:semantic-embeddings	Semantic Embeddings	topic	3	0.481538	0.3	chapter:10	Q (maf): nodes as regions not points, Voronoi	chapter	00:11:35.105	00:12:55.193	695.105	775.193	00:43:34.105	Q (maf): nodes as regions not points, Voronoi. They have shapes We also think in categories On the screen, in a user interface many of those things could be grouped together by putting them in a box, or surrounding them with a line That is how many mind maps
topics_to_chapters	topic:dimensionality-reduction	Dimensionality Reduction	topic	1	0.590521	0.292683	chapter:02	Why the first map looks messy (high-D to 2D, overlap, force-directed kludge)	chapter	00:00:52.468	00:01:35.655	52.468	95.655	00:32:51.468	Why the first map looks messy (high-D to 2D, overlap, force-directed kludge). This is what happens when a data set of topics is projected down from high-dimensional space into 2D space We should expect it to be a mess We should expect overlap By default, ther
topics_to_chapters	topic:dimensionality-reduction	Dimensionality Reduction	topic	2	0.528747	0.317073	chapter:08	Projecting back with UMAP: where would a new thing land?	chapter	00:08:12.087	00:10:12.774	492.087	612.774	00:40:11.087	Projecting back with UMAP: where would a new thing land?. There is a popular library called UMAP Learn that lets us do that UMAP is a common solution for dimensionality reduction of high dimensional data It does not have a global objective It is mostly local,
topics_to_chapters	topic:dimensionality-reduction	Dimensionality Reduction	topic	3	0.526475	0.365854	chapter:09	Rotation anchor: stable orientation on regeneration	chapter	00:10:12.774	00:11:35.105	612.774	695.105	00:42:11.774	Rotation anchor: stable orientation on regeneration. whenever one of these maps is regenerated There are different ways of doing dimensionality reduction and they are often based on a random seed or on other stochastic things, that make it hard to keep the sa
topics_to_chapters	topic:raw-projection-messiness	Raw Projection Messiness	topic	1	0.683004	0.357143	chapter:02	Why the first map looks messy (high-D to 2D, overlap, force-directed kludge)	chapter	00:00:52.468	00:01:35.655	52.468	95.655	00:32:51.468	Why the first map looks messy (high-D to 2D, overlap, force-directed kludge). This is what happens when a data set of topics is projected down from high-dimensional space into 2D space We should expect it to be a mess We should expect overlap By default, ther
topics_to_chapters	topic:raw-projection-messiness	Raw Projection Messiness	topic	2	0.49853	0.261905	chapter:08	Projecting back with UMAP: where would a new thing land?	chapter	00:08:12.087	00:10:12.774	492.087	612.774	00:40:11.087	Projecting back with UMAP: where would a new thing land?. There is a popular library called UMAP Learn that lets us do that UMAP is a common solution for dimensionality reduction of high dimensional data It does not have a global objective It is mostly local,
topics_to_chapters	topic:raw-projection-messiness	Raw Projection Messiness	topic	3	0.483078	0.261905	chapter:03	No-overlap layout that keeps semantic integrity	chapter	00:01:35.655	00:03:57.121	95.655	237.121	00:33:34.655	No-overlap layout that keeps semantic integrity. two-dimensional representation unless that dimension is deliberately added When we add that dimension, we then have to decide what to do about overlap One common thing people do is use a force-directed effect:
topics_to_chapters	topic:screen-space-dimension	Screen-Space Dimension	topic	1	0.554378	0.317073	chapter:10	Q (maf): nodes as regions not points, Voronoi	chapter	00:11:35.105	00:12:55.193	695.105	775.193	00:43:34.105	Q (maf): nodes as regions not points, Voronoi. They have shapes We also think in categories On the screen, in a user interface many of those things could be grouped together by putting them in a box, or surrounding them with a line That is how many mind maps
topics_to_chapters	topic:screen-space-dimension	Screen-Space Dimension	topic	2	0.44694	0.121951	chapter:07	Q (Ivy): can the interface express, not just reveal?	chapter	00:07:54.548	00:08:12.087	474.548	492.087	00:39:53.548	Q (Ivy): can the interface express, not just reveal?. So far, you have talked about what this interface is revealing, what it is showing, and how it relates to higher-dimensional spaces I’m curious what you have thought about with respect to doing expressive
topics_to_chapters	topic:screen-space-dimension	Screen-Space Dimension	topic	3	0.446796	0.219512	chapter:02	Why the first map looks messy (high-D to 2D, overlap, force-directed kludge)	chapter	00:00:52.468	00:01:35.655	52.468	95.655	00:32:51.468	Why the first map looks messy (high-D to 2D, overlap, force-directed kludge). This is what happens when a data set of topics is projected down from high-dimensional space into 2D space We should expect it to be a mess We should expect overlap By default, ther
topics_to_chapters	topic:overlap-problem	Overlap Problem	topic	1	0.576535	0.232558	chapter:02	Why the first map looks messy (high-D to 2D, overlap, force-directed kludge)	chapter	00:00:52.468	00:01:35.655	52.468	95.655	00:32:51.468	Why the first map looks messy (high-D to 2D, overlap, force-directed kludge). This is what happens when a data set of topics is projected down from high-dimensional space into 2D space We should expect it to be a mess We should expect overlap By default, ther
topics_to_chapters	topic:overlap-problem	Overlap Problem	topic	2	0.55851	0.27907	chapter:03	No-overlap layout that keeps semantic integrity	chapter	00:01:35.655	00:03:57.121	95.655	237.121	00:33:34.655	No-overlap layout that keeps semantic integrity. two-dimensional representation unless that dimension is deliberately added When we add that dimension, we then have to decide what to do about overlap One common thing people do is use a force-directed effect:
topics_to_chapters	topic:overlap-problem	Overlap Problem	topic	3	0.425287	0.348837	chapter:10	Q (maf): nodes as regions not points, Voronoi	chapter	00:11:35.105	00:12:55.193	695.105	775.193	00:43:34.105	Q (maf): nodes as regions not points, Voronoi. They have shapes We also think in categories On the screen, in a user interface many of those things could be grouped together by putting them in a box, or surrounding them with a line That is how many mind maps
topics_to_chapters	topic:semantic-integrity	Semantic Integrity	topic	1	0.584721	0.368421	chapter:03	No-overlap layout that keeps semantic integrity	chapter	00:01:35.655	00:03:57.121	95.655	237.121	00:33:34.655	No-overlap layout that keeps semantic integrity. two-dimensional representation unless that dimension is deliberately added When we add that dimension, we then have to decide what to do about overlap One common thing people do is use a force-directed effect:
topics_to_chapters	topic:semantic-integrity	Semantic Integrity	topic	2	0.414951	0.315789	chapter:06	Salience-driven scale and opacity; zoom states	chapter	00:06:14.406	00:07:54.548	374.406	474.548	00:38:13.406	Salience-driven scale and opacity; zoom states. of some nodes For instance, there is a woman who was loosely related to some people in this area through gossip She is not as central to Pepys’s life Her centrality is low, but she is still an interesting figure
topics_to_chapters	topic:semantic-integrity	Semantic Integrity	topic	3	0.411934	0.236842	chapter:11	Shared geometry across models; interpretability and safety	chapter	00:12:55.193	00:14:05.193	775.193	845.193	00:44:54.193	Shared geometry across models; interpretability and safety. different models We are starting to peer into that geometric representation space that they have learned in high dimensions People are interested in that from a machine-learning interpretability and
topics_to_chapters	topic:force-directed-layout-risk	Force-Directed Layout Risk	topic	1	0.617762	0.325581	chapter:03	No-overlap layout that keeps semantic integrity	chapter	00:01:35.655	00:03:57.121	95.655	237.121	00:33:34.655	No-overlap layout that keeps semantic integrity. two-dimensional representation unless that dimension is deliberately added When we add that dimension, we then have to decide what to do about overlap One common thing people do is use a force-directed effect:
topics_to_chapters	topic:force-directed-layout-risk	Force-Directed Layout Risk	topic	2	0.522357	0.255814	chapter:02	Why the first map looks messy (high-D to 2D, overlap, force-directed kludge)	chapter	00:00:52.468	00:01:35.655	52.468	95.655	00:32:51.468	Why the first map looks messy (high-D to 2D, overlap, force-directed kludge). This is what happens when a data set of topics is projected down from high-dimensional space into 2D space We should expect it to be a mess We should expect overlap By default, ther
topics_to_chapters	topic:force-directed-layout-risk	Force-Directed Layout Risk	topic	3	0.431784	0.255814	chapter:10	Q (maf): nodes as regions not points, Voronoi	chapter	00:11:35.105	00:12:55.193	695.105	775.193	00:43:34.105	Q (maf): nodes as regions not points, Voronoi. They have shapes We also think in categories On the screen, in a user interface many of those things could be grouped together by putting them in a box, or surrounding them with a line That is how many mind maps
topics_to_chapters	topic:semantic-aware-multi-stage-layout	Semantic-Aware Multi-Stage Layout	topic	1	0.664155	0.268293	chapter:03	No-overlap layout that keeps semantic integrity	chapter	00:01:35.655	00:03:57.121	95.655	237.121	00:33:34.655	No-overlap layout that keeps semantic integrity. two-dimensional representation unless that dimension is deliberately added When we add that dimension, we then have to decide what to do about overlap One common thing people do is use a force-directed effect:
topics_to_chapters	topic:semantic-aware-multi-stage-layout	Semantic-Aware Multi-Stage Layout	topic	2	0.479698	0.292683	chapter:10	Q (maf): nodes as regions not points, Voronoi	chapter	00:11:35.105	00:12:55.193	695.105	775.193	00:43:34.105	Q (maf): nodes as regions not points, Voronoi. They have shapes We also think in categories On the screen, in a user interface many of those things could be grouped together by putting them in a box, or surrounding them with a line That is how many mind maps
topics_to_chapters	topic:semantic-aware-multi-stage-layout	Semantic-Aware Multi-Stage Layout	topic	3	0.469801	0.170732	chapter:02	Why the first map looks messy (high-D to 2D, overlap, force-directed kludge)	chapter	00:00:52.468	00:01:35.655	52.468	95.655	00:32:51.468	Why the first map looks messy (high-D to 2D, overlap, force-directed kludge). This is what happens when a data set of topics is projected down from high-dimensional space into 2D space We should expect it to be a mess We should expect overlap By default, ther
topics_to_chapters	topic:orientation-stability	Orientation Stability	topic	1	0.595602	0.292683	chapter:09	Rotation anchor: stable orientation on regeneration	chapter	00:10:12.774	00:11:35.105	612.774	695.105	00:42:11.774	Rotation anchor: stable orientation on regeneration. whenever one of these maps is regenerated There are different ways of doing dimensionality reduction and they are often based on a random seed or on other stochastic things, that make it hard to keep the sa
topics_to_chapters	topic:orientation-stability	Orientation Stability	topic	2	0.413178	0.317073	chapter:03	No-overlap layout that keeps semantic integrity	chapter	00:01:35.655	00:03:57.121	95.655	237.121	00:33:34.655	No-overlap layout that keeps semantic integrity. two-dimensional representation unless that dimension is deliberately added When we add that dimension, we then have to decide what to do about overlap One common thing people do is use a force-directed effect:
topics_to_chapters	topic:orientation-stability	Orientation Stability	topic	3	0.400036	0.195122	chapter:08	Projecting back with UMAP: where would a new thing land?	chapter	00:08:12.087	00:10:12.774	492.087	612.774	00:40:11.087	Projecting back with UMAP: where would a new thing land?. There is a popular library called UMAP Learn that lets us do that UMAP is a common solution for dimensionality reduction of high dimensional data It does not have a global objective It is mostly local,
topics_to_chapters	topic:two-point-rotation-anchor	Two-Point Rotation Anchor	topic	1	0.66988	0.421053	chapter:09	Rotation anchor: stable orientation on regeneration	chapter	00:10:12.774	00:11:35.105	612.774	695.105	00:42:11.774	Rotation anchor: stable orientation on regeneration. whenever one of these maps is regenerated There are different ways of doing dimensionality reduction and they are often based on a random seed or on other stochastic things, that make it hard to keep the sa
topics_to_chapters	topic:two-point-rotation-anchor	Two-Point Rotation Anchor	topic	2	0.437933	0.263158	chapter:03	No-overlap layout that keeps semantic integrity	chapter	00:01:35.655	00:03:57.121	95.655	237.121	00:33:34.655	No-overlap layout that keeps semantic integrity. two-dimensional representation unless that dimension is deliberately added When we add that dimension, we then have to decide what to do about overlap One common thing people do is use a force-directed effect:
topics_to_chapters	topic:two-point-rotation-anchor	Two-Point Rotation Anchor	topic	3	0.401382	0.236842	chapter:02	Why the first map looks messy (high-D to 2D, overlap, force-directed kludge)	chapter	00:00:52.468	00:01:35.655	52.468	95.655	00:32:51.468	Why the first map looks messy (high-D to 2D, overlap, force-directed kludge). This is what happens when a data set of topics is projected down from high-dimensional space into 2D space We should expect it to be a mess We should expect overlap By default, ther
topics_to_chapters	topic:regions-not-points	Regions Not Points	topic	1	0.584743	0.47619	chapter:10	Q (maf): nodes as regions not points, Voronoi	chapter	00:11:35.105	00:12:55.193	695.105	775.193	00:43:34.105	Q (maf): nodes as regions not points, Voronoi. They have shapes We also think in categories On the screen, in a user interface many of those things could be grouped together by putting them in a box, or surrounding them with a line That is how many mind maps
topics_to_chapters	topic:regions-not-points	Regions Not Points	topic	2	0.449776	0.261905	chapter:03	No-overlap layout that keeps semantic integrity	chapter	00:01:35.655	00:03:57.121	95.655	237.121	00:33:34.655	No-overlap layout that keeps semantic integrity. two-dimensional representation unless that dimension is deliberately added When we add that dimension, we then have to decide what to do about overlap One common thing people do is use a force-directed effect:
topics_to_chapters	topic:regions-not-points	Regions Not Points	topic	3	0.444136	0.238095	chapter:02	Why the first map looks messy (high-D to 2D, overlap, force-directed kludge)	chapter	00:00:52.468	00:01:35.655	52.468	95.655	00:32:51.468	Why the first map looks messy (high-D to 2D, overlap, force-directed kludge). This is what happens when a data set of topics is projected down from high-dimensional space into 2D space We should expect it to be a mess We should expect overlap By default, ther
topics_to_chapters	topic:category-boundaries	Category Boundaries	topic	1	0.471749	0.292683	chapter:10	Q (maf): nodes as regions not points, Voronoi	chapter	00:11:35.105	00:12:55.193	695.105	775.193	00:43:34.105	Q (maf): nodes as regions not points, Voronoi. They have shapes We also think in categories On the screen, in a user interface many of those things could be grouped together by putting them in a box, or surrounding them with a line That is how many mind maps
topics_to_chapters	topic:category-boundaries	Category Boundaries	topic	2	0.404422	0.146341	chapter:01	Intro: good mental models, high-bandwidth visual cognition	chapter	00:00:00.838	00:00:52.468	0.838	52.468	00:31:59.838	Intro: good mental models, high-bandwidth visual cognition. Hello I’m interested in the problem of how we as human beings, can get a good mental model of what is going on I want to understand things and make use of our high-bandwidth visual centres, which are
topics_to_chapters	topic:category-boundaries	Category Boundaries	topic	3	0.367431	0.195122	chapter:03	No-overlap layout that keeps semantic integrity	chapter	00:01:35.655	00:03:57.121	95.655	237.121	00:33:34.655	No-overlap layout that keeps semantic integrity. two-dimensional representation unless that dimension is deliberately added When we add that dimension, we then have to decide what to do about overlap One common thing people do is use a force-directed effect:
topics_to_chapters	topic:voronoi-topic-regions	Voronoi Topic Regions	topic	1	0.63709	0.378378	chapter:10	Q (maf): nodes as regions not points, Voronoi	chapter	00:11:35.105	00:12:55.193	695.105	775.193	00:43:34.105	Q (maf): nodes as regions not points, Voronoi. They have shapes We also think in categories On the screen, in a user interface many of those things could be grouped together by putting them in a box, or surrounding them with a line That is how many mind maps
topics_to_chapters	topic:voronoi-topic-regions	Voronoi Topic Regions	topic	2	0.467121	0.216216	chapter:02	Why the first map looks messy (high-D to 2D, overlap, force-directed kludge)	chapter	00:00:52.468	00:01:35.655	52.468	95.655	00:32:51.468	Why the first map looks messy (high-D to 2D, overlap, force-directed kludge). This is what happens when a data set of topics is projected down from high-dimensional space into 2D space We should expect it to be a mess We should expect overlap By default, ther
topics_to_chapters	topic:voronoi-topic-regions	Voronoi Topic Regions	topic	3	0.439264	0.189189	chapter:05	Adding visual language: generated icons	chapter	00:05:24.413	00:06:14.406	324.413	374.406	00:37:23.413	Adding visual language: generated icons. semi-manually and semi-automatically generated icons for the topics That probably helps a little bit What would be more useful is a zoomable user interface where we can look at different things at different levels and
topics_to_chapters	topic:generated-topic-icons	Generated Topic Icons	topic	1	0.658834	0.219512	chapter:05	Adding visual language: generated icons	chapter	00:05:24.413	00:06:14.406	324.413	374.406	00:37:23.413	Adding visual language: generated icons. semi-manually and semi-automatically generated icons for the topics That probably helps a little bit What would be more useful is a zoomable user interface where we can look at different things at different levels and
topics_to_chapters	topic:generated-topic-icons	Generated Topic Icons	topic	2	0.441692	0.146341	chapter:01	Intro: good mental models, high-bandwidth visual cognition	chapter	00:00:00.838	00:00:52.468	0.838	52.468	00:31:59.838	Intro: good mental models, high-bandwidth visual cognition. Hello I’m interested in the problem of how we as human beings, can get a good mental model of what is going on I want to understand things and make use of our high-bandwidth visual centres, which are
topics_to_chapters	topic:generated-topic-icons	Generated Topic Icons	topic	3	0.441691	0.219512	chapter:10	Q (maf): nodes as regions not points, Voronoi	chapter	00:11:35.105	00:12:55.193	695.105	775.193	00:43:34.105	Q (maf): nodes as regions not points, Voronoi. They have shapes We also think in categories On the screen, in a user interface many of those things could be grouped together by putting them in a box, or surrounding them with a line That is how many mind maps
topics_to_chapters	topic:topics-as-recognisable-entities	Topics as Recognisable Entities	topic	1	0.588907	0.230769	chapter:05	Adding visual language: generated icons	chapter	00:05:24.413	00:06:14.406	324.413	374.406	00:37:23.413	Adding visual language: generated icons. semi-manually and semi-automatically generated icons for the topics That probably helps a little bit What would be more useful is a zoomable user interface where we can look at different things at different levels and
topics_to_chapters	topic:topics-as-recognisable-entities	Topics as Recognisable Entities	topic	2	0.517072	0.179487	chapter:01	Intro: good mental models, high-bandwidth visual cognition	chapter	00:00:00.838	00:00:52.468	0.838	52.468	00:31:59.838	Intro: good mental models, high-bandwidth visual cognition. Hello I’m interested in the problem of how we as human beings, can get a good mental model of what is going on I want to understand things and make use of our high-bandwidth visual centres, which are
topics_to_chapters	topic:topics-as-recognisable-entities	Topics as Recognisable Entities	topic	3	0.507869	0.25641	chapter:10	Q (maf): nodes as regions not points, Voronoi	chapter	00:11:35.105	00:12:55.193	695.105	775.193	00:43:34.105	Q (maf): nodes as regions not points, Voronoi. They have shapes We also think in categories On the screen, in a user interface many of those things could be grouped together by putting them in a box, or surrounding them with a line That is how many mind maps
topics_to_chapters	topic:salience-rank-scale-opacity	Salience, Rank, Scale, and Opacity	topic	1	0.644998	0.365854	chapter:06	Salience-driven scale and opacity; zoom states	chapter	00:06:14.406	00:07:54.548	374.406	474.548	00:38:13.406	Salience-driven scale and opacity; zoom states. of some nodes For instance, there is a woman who was loosely related to some people in this area through gossip She is not as central to Pepys’s life Her centrality is low, but she is still an interesting figure
topics_to_chapters	topic:salience-rank-scale-opacity	Salience, Rank, Scale, and Opacity	topic	2	0.536437	0.268293	chapter:05	Adding visual language: generated icons	chapter	00:05:24.413	00:06:14.406	324.413	374.406	00:37:23.413	Adding visual language: generated icons. semi-manually and semi-automatically generated icons for the topics That probably helps a little bit What would be more useful is a zoomable user interface where we can look at different things at different levels and
topics_to_chapters	topic:salience-rank-scale-opacity	Salience, Rank, Scale, and Opacity	topic	3	0.432957	0.268293	chapter:13	MiniLM salience, then the Manifold Steering paper	chapter	00:15:26.504	00:16:57.935	926.504	1017.935	00:47:25.504	MiniLM salience, then the Manifold Steering paper. It basically showed things like different dates mapping to a particular shape inside large language models They look at things like weekdays in different language models corresponding to certain shapes So I p
topics_to_chapters	topic:zoomable-user-interface	Zoomable User Interface	topic	1	0.603066	0.282051	chapter:05	Adding visual language: generated icons	chapter	00:05:24.413	00:06:14.406	324.413	374.406	00:37:23.413	Adding visual language: generated icons. semi-manually and semi-automatically generated icons for the topics That probably helps a little bit What would be more useful is a zoomable user interface where we can look at different things at different levels and
topics_to_chapters	topic:zoomable-user-interface	Zoomable User Interface	topic	2	0.575725	0.25641	chapter:06	Salience-driven scale and opacity; zoom states	chapter	00:06:14.406	00:07:54.548	374.406	474.548	00:38:13.406	Salience-driven scale and opacity; zoom states. of some nodes For instance, there is a woman who was loosely related to some people in this area through gossip She is not as central to Pepys’s life Her centrality is low, but she is still an interesting figure
topics_to_chapters	topic:zoomable-user-interface	Zoomable User Interface	topic	3	0.435352	0.128205	chapter:07	Q (Ivy): can the interface express, not just reveal?	chapter	00:07:54.548	00:08:12.087	474.548	492.087	00:39:53.548	Q (Ivy): can the interface express, not just reveal?. So far, you have talked about what this interface is revealing, what it is showing, and how it relates to higher-dimensional spaces I’m curious what you have thought about with respect to doing expressive
topics_to_chapters	topic:progressive-zoom-disclosure	Progressive Zoom Disclosure	topic	1	0.585616	0.225	chapter:06	Salience-driven scale and opacity; zoom states	chapter	00:06:14.406	00:07:54.548	374.406	474.548	00:38:13.406	Salience-driven scale and opacity; zoom states. of some nodes For instance, there is a woman who was loosely related to some people in this area through gossip She is not as central to Pepys’s life Her centrality is low, but she is still an interesting figure
topics_to_chapters	topic:progressive-zoom-disclosure	Progressive Zoom Disclosure	topic	2	0.551941	0.225	chapter:05	Adding visual language: generated icons	chapter	00:05:24.413	00:06:14.406	324.413	374.406	00:37:23.413	Adding visual language: generated icons. semi-manually and semi-automatically generated icons for the topics That probably helps a little bit What would be more useful is a zoomable user interface where we can look at different things at different levels and
topics_to_chapters	topic:progressive-zoom-disclosure	Progressive Zoom Disclosure	topic	3	0.40922	0.075	chapter:07	Q (Ivy): can the interface express, not just reveal?	chapter	00:07:54.548	00:08:12.087	474.548	492.087	00:39:53.548	Q (Ivy): can the interface express, not just reveal?. So far, you have talked about what this interface is revealing, what it is showing, and how it relates to higher-dimensional spaces I’m curious what you have thought about with respect to doing expressive
topics_to_chapters	topic:visual-linguistic-themes	Visual-Linguistic Themes	topic	1	0.473561	0.275	chapter:14	Robert Horn and visual language; pandemic mess-maps	chapter	00:16:57.935	00:19:55.657	1017.935	1195.657	00:48:56.935	Robert Horn and visual language; pandemic mess-maps. Robert Horn, who coined the term visual language or at least popularised it He wrote a book about it He is a wise elder gentleman who lives somewhere in San Francisco, as far as I know I do not know how act
topics_to_chapters	topic:visual-linguistic-themes	Visual-Linguistic Themes	topic	2	0.463713	0.175	chapter:12	Q (Ivan Lugo): shared shapes across languages	chapter	00:14:05.193	00:15:26.504	845.193	926.504	00:46:04.193	Q (Ivan Lugo): shared shapes across languages. I’m curious because you have clearly operated on this from different texts and different spaces Have you seen linguistic patterns in the way you have built this out Have you tried to visualise that For instance,
topics_to_chapters	topic:visual-linguistic-themes	Visual-Linguistic Themes	topic	3	0.462824	0.325	chapter:11	Shared geometry across models; interpretability and safety	chapter	00:12:55.193	00:14:05.193	775.193	845.193	00:44:54.193	Shared geometry across models; interpretability and safety. different models We are starting to peer into that geometric representation space that they have learned in high dimensions People are interested in that from a machine-learning interpretability and
topics_to_chapters	topic:abstraction-levels	Abstraction Levels	topic	1	0.447867	0.232558	chapter:05	Adding visual language: generated icons	chapter	00:05:24.413	00:06:14.406	324.413	374.406	00:37:23.413	Adding visual language: generated icons. semi-manually and semi-automatically generated icons for the topics That probably helps a little bit What would be more useful is a zoomable user interface where we can look at different things at different levels and
topics_to_chapters	topic:abstraction-levels	Abstraction Levels	topic	2	0.430589	0.186047	chapter:01	Intro: good mental models, high-bandwidth visual cognition	chapter	00:00:00.838	00:00:52.468	0.838	52.468	00:31:59.838	Intro: good mental models, high-bandwidth visual cognition. Hello I’m interested in the problem of how we as human beings, can get a good mental model of what is going on I want to understand things and make use of our high-bandwidth visual centres, which are
topics_to_chapters	topic:abstraction-levels	Abstraction Levels	topic	3	0.41516	0.186047	chapter:06	Salience-driven scale and opacity; zoom states	chapter	00:06:14.406	00:07:54.548	374.406	474.548	00:38:13.406	Salience-driven scale and opacity; zoom states. of some nodes For instance, there is a woman who was loosely related to some people in this area through gossip She is not as central to Pepys’s life Her centrality is low, but she is still an interesting figure
topics_to_chapters	topic:map-as-expressive-interface	Map as Expressive Interface	topic	1	0.589046	0.205882	chapter:07	Q (Ivy): can the interface express, not just reveal?	chapter	00:07:54.548	00:08:12.087	474.548	492.087	00:39:53.548	Q (Ivy): can the interface express, not just reveal?. So far, you have talked about what this interface is revealing, what it is showing, and how it relates to higher-dimensional spaces I’m curious what you have thought about with respect to doing expressive
topics_to_chapters	topic:map-as-expressive-interface	Map as Expressive Interface	topic	2	0.498065	0.352941	chapter:06	Salience-driven scale and opacity; zoom states	chapter	00:06:14.406	00:07:54.548	374.406	474.548	00:38:13.406	Salience-driven scale and opacity; zoom states. of some nodes For instance, there is a woman who was loosely related to some people in this area through gossip She is not as central to Pepys’s life Her centrality is low, but she is still an interesting figure
topics_to_chapters	topic:map-as-expressive-interface	Map as Expressive Interface	topic	3	0.459945	0.382353	chapter:14	Robert Horn and visual language; pandemic mess-maps	chapter	00:16:57.935	00:19:55.657	1017.935	1195.657	00:48:56.935	Robert Horn and visual language; pandemic mess-maps. Robert Horn, who coined the term visual language or at least popularised it He wrote a book about it He is a wise elder gentleman who lives somewhere in San Francisco, as far as I know I do not know how act
topics_to_chapters	topic:drag-and-drop-arrangement	Drag-and-Drop Arrangement	topic	1	0.434992	0.307692	chapter:08	Projecting back with UMAP: where would a new thing land?	chapter	00:08:12.087	00:10:12.774	492.087	612.774	00:40:11.087	Projecting back with UMAP: where would a new thing land?. There is a popular library called UMAP Learn that lets us do that UMAP is a common solution for dimensionality reduction of high dimensional data It does not have a global objective It is mostly local,
topics_to_chapters	topic:drag-and-drop-arrangement	Drag-and-Drop Arrangement	topic	2	0.403716	0.205128	chapter:03	No-overlap layout that keeps semantic integrity	chapter	00:01:35.655	00:03:57.121	95.655	237.121	00:33:34.655	No-overlap layout that keeps semantic integrity. two-dimensional representation unless that dimension is deliberately added When we add that dimension, we then have to decide what to do about overlap One common thing people do is use a force-directed effect:
topics_to_chapters	topic:drag-and-drop-arrangement	Drag-and-Drop Arrangement	topic	3	0.366081	0.282051	chapter:10	Q (maf): nodes as regions not points, Voronoi	chapter	00:11:35.105	00:12:55.193	695.105	775.193	00:43:34.105	Q (maf): nodes as regions not points, Voronoi. They have shapes We also think in categories On the screen, in a user interface many of those things could be grouped together by putting them in a box, or surrounding them with a line That is how many mind maps
topics_to_chapters	topic:reverse-projection	Reverse Projection	topic	1	0.577556	0.315789	chapter:08	Projecting back with UMAP: where would a new thing land?	chapter	00:08:12.087	00:10:12.774	492.087	612.774	00:40:11.087	Projecting back with UMAP: where would a new thing land?. There is a popular library called UMAP Learn that lets us do that UMAP is a common solution for dimensionality reduction of high dimensional data It does not have a global objective It is mostly local,
topics_to_chapters	topic:reverse-projection	Reverse Projection	topic	2	0.50273	0.315789	chapter:09	Rotation anchor: stable orientation on regeneration	chapter	00:10:12.774	00:11:35.105	612.774	695.105	00:42:11.774	Rotation anchor: stable orientation on regeneration. whenever one of these maps is regenerated There are different ways of doing dimensionality reduction and they are often based on a random seed or on other stochastic things, that make it hard to keep the sa
topics_to_chapters	topic:reverse-projection	Reverse Projection	topic	3	0.45827	0.210526	chapter:02	Why the first map looks messy (high-D to 2D, overlap, force-directed kludge)	chapter	00:00:52.468	00:01:35.655	52.468	95.655	00:32:51.468	Why the first map looks messy (high-D to 2D, overlap, force-directed kludge). This is what happens when a data set of topics is projected down from high-dimensional space into 2D space We should expect it to be a mess We should expect overlap By default, ther
topics_to_chapters	topic:moving-things-as-thinking	Moving Things as Thinking	topic	1	0.476373	0.263158	chapter:01	Intro: good mental models, high-bandwidth visual cognition	chapter	00:00:00.838	00:00:52.468	0.838	52.468	00:31:59.838	Intro: good mental models, high-bandwidth visual cognition. Hello I’m interested in the problem of how we as human beings, can get a good mental model of what is going on I want to understand things and make use of our high-bandwidth visual centres, which are
topics_to_chapters	topic:moving-things-as-thinking	Moving Things as Thinking	topic	2	0.428165	0.342105	chapter:10	Q (maf): nodes as regions not points, Voronoi	chapter	00:11:35.105	00:12:55.193	695.105	775.193	00:43:34.105	Q (maf): nodes as regions not points, Voronoi. They have shapes We also think in categories On the screen, in a user interface many of those things could be grouped together by putting them in a box, or surrounding them with a line That is how many mind maps
topics_to_chapters	topic:moving-things-as-thinking	Moving Things as Thinking	topic	3	0.417167	0.236842	chapter:07	Q (Ivy): can the interface express, not just reveal?	chapter	00:07:54.548	00:08:12.087	474.548	492.087	00:39:53.548	Q (Ivy): can the interface express, not just reveal?. So far, you have talked about what this interface is revealing, what it is showing, and how it relates to higher-dimensional spaces I’m curious what you have thought about with respect to doing expressive
topics_to_chapters	topic:paper-like-digital-canvas	Paper-Like Digital Canvas	topic	1	0.433287	0.190476	chapter:08	Projecting back with UMAP: where would a new thing land?	chapter	00:08:12.087	00:10:12.774	492.087	612.774	00:40:11.087	Projecting back with UMAP: where would a new thing land?. There is a popular library called UMAP Learn that lets us do that UMAP is a common solution for dimensionality reduction of high dimensional data It does not have a global objective It is mostly local,
topics_to_chapters	topic:paper-like-digital-canvas	Paper-Like Digital Canvas	topic	2	0.428498	0.238095	chapter:10	Q (maf): nodes as regions not points, Voronoi	chapter	00:11:35.105	00:12:55.193	695.105	775.193	00:43:34.105	Q (maf): nodes as regions not points, Voronoi. They have shapes We also think in categories On the screen, in a user interface many of those things could be grouped together by putting them in a box, or surrounding them with a line That is how many mind maps
topics_to_chapters	topic:paper-like-digital-canvas	Paper-Like Digital Canvas	topic	3	0.420908	0.190476	chapter:05	Adding visual language: generated icons	chapter	00:05:24.413	00:06:14.406	324.413	374.406	00:37:23.413	Adding visual language: generated icons. semi-manually and semi-automatically generated icons for the topics That probably helps a little bit What would be more useful is a zoomable user interface where we can look at different things at different levels and
topics_to_chapters	topic:local-global-layout-tension	Local-Global Layout Tension	topic	1	0.532319	0.177778	chapter:02	Why the first map looks messy (high-D to 2D, overlap, force-directed kludge)	chapter	00:00:52.468	00:01:35.655	52.468	95.655	00:32:51.468	Why the first map looks messy (high-D to 2D, overlap, force-directed kludge). This is what happens when a data set of topics is projected down from high-dimensional space into 2D space We should expect it to be a mess We should expect overlap By default, ther
topics_to_chapters	topic:local-global-layout-tension	Local-Global Layout Tension	topic	2	0.5159	0.288889	chapter:03	No-overlap layout that keeps semantic integrity	chapter	00:01:35.655	00:03:57.121	95.655	237.121	00:33:34.655	No-overlap layout that keeps semantic integrity. two-dimensional representation unless that dimension is deliberately added When we add that dimension, we then have to decide what to do about overlap One common thing people do is use a force-directed effect:
topics_to_chapters	topic:local-global-layout-tension	Local-Global Layout Tension	topic	3	0.489086	0.311111	chapter:10	Q (maf): nodes as regions not points, Voronoi	chapter	00:11:35.105	00:12:55.193	695.105	775.193	00:43:34.105	Q (maf): nodes as regions not points, Voronoi. They have shapes We also think in categories On the screen, in a user interface many of those things could be grouped together by putting them in a box, or surrounding them with a line That is how many mind maps
topics_to_chapters	topic:shared-representational-geometry	Shared Representational Geometry	topic	1	0.66152	0.257143	chapter:11	Shared geometry across models; interpretability and safety	chapter	00:12:55.193	00:14:05.193	775.193	845.193	00:44:54.193	Shared geometry across models; interpretability and safety. different models We are starting to peer into that geometric representation space that they have learned in high dimensions People are interested in that from a machine-learning interpretability and
topics_to_chapters	topic:shared-representational-geometry	Shared Representational Geometry	topic	2	0.548575	0.257143	chapter:13	MiniLM salience, then the Manifold Steering paper	chapter	00:15:26.504	00:16:57.935	926.504	1017.935	00:47:25.504	MiniLM salience, then the Manifold Steering paper. It basically showed things like different dates mapping to a particular shape inside large language models They look at things like weekdays in different language models corresponding to certain shapes So I p
topics_to_chapters	topic:shared-representational-geometry	Shared Representational Geometry	topic	3	0.534264	0.371429	chapter:10	Q (maf): nodes as regions not points, Voronoi	chapter	00:11:35.105	00:12:55.193	695.105	775.193	00:43:34.105	Q (maf): nodes as regions not points, Voronoi. They have shapes We also think in categories On the screen, in a user interface many of those things could be grouped together by putting them in a box, or surrounding them with a line That is how many mind maps
topics_to_chapters	topic:cross-model-geometric-patterns	Cross-Model Geometric Patterns	topic	1	0.608597	0.388889	chapter:11	Shared geometry across models; interpretability and safety	chapter	00:12:55.193	00:14:05.193	775.193	845.193	00:44:54.193	Shared geometry across models; interpretability and safety. different models We are starting to peer into that geometric representation space that they have learned in high dimensions People are interested in that from a machine-learning interpretability and
topics_to_chapters	topic:cross-model-geometric-patterns	Cross-Model Geometric Patterns	topic	2	0.494271	0.277778	chapter:13	MiniLM salience, then the Manifold Steering paper	chapter	00:15:26.504	00:16:57.935	926.504	1017.935	00:47:25.504	MiniLM salience, then the Manifold Steering paper. It basically showed things like different dates mapping to a particular shape inside large language models They look at things like weekdays in different language models corresponding to certain shapes So I p
topics_to_chapters	topic:cross-model-geometric-patterns	Cross-Model Geometric Patterns	topic	3	0.472393	0.194444	chapter:12	Q (Ivan Lugo): shared shapes across languages	chapter	00:14:05.193	00:15:26.504	845.193	926.504	00:46:04.193	Q (Ivan Lugo): shared shapes across languages. I’m curious because you have clearly operated on this from different texts and different spaces Have you seen linguistic patterns in the way you have built this out Have you tried to visualise that For instance,
topics_to_chapters	topic:cross-lingual-semantic-shapes	Cross-Lingual Semantic Shapes	topic	1	0.567301	0.242424	chapter:12	Q (Ivan Lugo): shared shapes across languages	chapter	00:14:05.193	00:15:26.504	845.193	926.504	00:46:04.193	Q (Ivan Lugo): shared shapes across languages. I’m curious because you have clearly operated on this from different texts and different spaces Have you seen linguistic patterns in the way you have built this out Have you tried to visualise that For instance,
topics_to_chapters	topic:cross-lingual-semantic-shapes	Cross-Lingual Semantic Shapes	topic	2	0.548284	0.30303	chapter:11	Shared geometry across models; interpretability and safety	chapter	00:12:55.193	00:14:05.193	775.193	845.193	00:44:54.193	Shared geometry across models; interpretability and safety. different models We are starting to peer into that geometric representation space that they have learned in high dimensions People are interested in that from a machine-learning interpretability and
topics_to_chapters	topic:cross-lingual-semantic-shapes	Cross-Lingual Semantic Shapes	topic	3	0.545608	0.272727	chapter:13	MiniLM salience, then the Manifold Steering paper	chapter	00:15:26.504	00:16:57.935	926.504	1017.935	00:47:25.504	MiniLM salience, then the Manifold Steering paper. It basically showed things like different dates mapping to a particular shape inside large language models They look at things like weekdays in different language models corresponding to certain shapes So I p
topics_to_chapters	topic:person-specific-meaning	Person-Specific Meaning	topic	1	0.386642	0.275	chapter:12	Q (Ivan Lugo): shared shapes across languages	chapter	00:14:05.193	00:15:26.504	845.193	926.504	00:46:04.193	Q (Ivan Lugo): shared shapes across languages. I’m curious because you have clearly operated on this from different texts and different spaces Have you seen linguistic patterns in the way you have built this out Have you tried to visualise that For instance,
topics_to_chapters	topic:person-specific-meaning	Person-Specific Meaning	topic	2	0.358757	0.25	chapter:06	Salience-driven scale and opacity; zoom states	chapter	00:06:14.406	00:07:54.548	374.406	474.548	00:38:13.406	Salience-driven scale and opacity; zoom states. of some nodes For instance, there is a woman who was loosely related to some people in this area through gossip She is not as central to Pepys’s life Her centrality is low, but she is still an interesting figure
topics_to_chapters	topic:person-specific-meaning	Person-Specific Meaning	topic	3	0.352428	0.25	chapter:04	Pepys as corpus: bladder-stone, gold, Navy, Great Fire clusters	chapter	00:03:57.121	00:05:24.413	237.121	324.413	00:35:56.121	Pepys as corpus: bladder-stone, gold, Navy, Great Fire clusters. The stone was a personal concern of his He had frequent pains, especially when he got cold, and it became one of his anxious preoccupations Another one is gold Gold fits into a psychological kin
topics_to_chapters	topic:manifold-steering	Manifold Steering	topic	1	0.594276	0.222222	chapter:13	MiniLM salience, then the Manifold Steering paper	chapter	00:15:26.504	00:16:57.935	926.504	1017.935	00:47:25.504	MiniLM salience, then the Manifold Steering paper. It basically showed things like different dates mapping to a particular shape inside large language models They look at things like weekdays in different language models corresponding to certain shapes So I p
topics_to_chapters	topic:manifold-steering	Manifold Steering	topic	2	0.504398	0.222222	chapter:11	Shared geometry across models; interpretability and safety	chapter	00:12:55.193	00:14:05.193	775.193	845.193	00:44:54.193	Shared geometry across models; interpretability and safety. different models We are starting to peer into that geometric representation space that they have learned in high dimensions People are interested in that from a machine-learning interpretability and
topics_to_chapters	topic:manifold-steering	Manifold Steering	topic	3	0.48197	0.166667	chapter:12	Q (Ivan Lugo): shared shapes across languages	chapter	00:14:05.193	00:15:26.504	845.193	926.504	00:46:04.193	Q (Ivan Lugo): shared shapes across languages. I’m curious because you have clearly operated on this from different texts and different spaces Have you seen linguistic patterns in the way you have built this out Have you tried to visualise that For instance,
topics_to_chapters	topic:calendar-concept-shapes	Calendar Concept Shapes	topic	1	0.492603	0.282051	chapter:13	MiniLM salience, then the Manifold Steering paper	chapter	00:15:26.504	00:16:57.935	926.504	1017.935	00:47:25.504	MiniLM salience, then the Manifold Steering paper. It basically showed things like different dates mapping to a particular shape inside large language models They look at things like weekdays in different language models corresponding to certain shapes So I p
topics_to_chapters	topic:calendar-concept-shapes	Calendar Concept Shapes	topic	2	0.4185	0.358974	chapter:10	Q (maf): nodes as regions not points, Voronoi	chapter	00:11:35.105	00:12:55.193	695.105	775.193	00:43:34.105	Q (maf): nodes as regions not points, Voronoi. They have shapes We also think in categories On the screen, in a user interface many of those things could be grouped together by putting them in a box, or surrounding them with a line That is how many mind maps
topics_to_chapters	topic:calendar-concept-shapes	Calendar Concept Shapes	topic	3	0.413729	0.307692	chapter:11	Shared geometry across models; interpretability and safety	chapter	00:12:55.193	00:14:05.193	775.193	845.193	00:44:54.193	Shared geometry across models; interpretability and safety. different models We are starting to peer into that geometric representation space that they have learned in high dimensions People are interested in that from a machine-learning interpretability and
topics_to_chapters	topic:interpretability-and-ai-safety	Interpretability and AI Safety	topic	1	0.611276	0.184211	chapter:11	Shared geometry across models; interpretability and safety	chapter	00:12:55.193	00:14:05.193	775.193	845.193	00:44:54.193	Shared geometry across models; interpretability and safety. different models We are starting to peer into that geometric representation space that they have learned in high dimensions People are interested in that from a machine-learning interpretability and
topics_to_chapters	topic:interpretability-and-ai-safety	Interpretability and AI Safety	topic	2	0.441632	0.157895	chapter:01	Intro: good mental models, high-bandwidth visual cognition	chapter	00:00:00.838	00:00:52.468	0.838	52.468	00:31:59.838	Intro: good mental models, high-bandwidth visual cognition. Hello I’m interested in the problem of how we as human beings, can get a good mental model of what is going on I want to understand things and make use of our high-bandwidth visual centres, which are
topics_to_chapters	topic:interpretability-and-ai-safety	Interpretability and AI Safety	topic	3	0.416804	0.184211	chapter:13	MiniLM salience, then the Manifold Steering paper	chapter	00:15:26.504	00:16:57.935	926.504	1017.935	00:47:25.504	MiniLM salience, then the Manifold Steering paper. It basically showed things like different dates mapping to a particular shape inside large language models They look at things like weekdays in different language models corresponding to certain shapes So I p
topics_to_chapters	topic:visual-language-grammar	Visual Language Grammar	topic	1	0.566359	0.342105	chapter:14	Robert Horn and visual language; pandemic mess-maps	chapter	00:16:57.935	00:19:55.657	1017.935	1195.657	00:48:56.935	Robert Horn and visual language; pandemic mess-maps. Robert Horn, who coined the term visual language or at least popularised it He wrote a book about it He is a wise elder gentleman who lives somewhere in San Francisco, as far as I know I do not know how act
topics_to_chapters	topic:visual-language-grammar	Visual Language Grammar	topic	2	0.474956	0.184211	chapter:01	Intro: good mental models, high-bandwidth visual cognition	chapter	00:00:00.838	00:00:52.468	0.838	52.468	00:31:59.838	Intro: good mental models, high-bandwidth visual cognition. Hello I’m interested in the problem of how we as human beings, can get a good mental model of what is going on I want to understand things and make use of our high-bandwidth visual centres, which are
topics_to_chapters	topic:visual-language-grammar	Visual Language Grammar	topic	3	0.453823	0.263158	chapter:05	Adding visual language: generated icons	chapter	00:05:24.413	00:06:14.406	324.413	374.406	00:37:23.413	Adding visual language: generated icons. semi-manually and semi-automatically generated icons for the topics That probably helps a little bit What would be more useful is a zoomable user interface where we can look at different things at different levels and
topics_to_chapters	topic:robert-horn-visual-language	Robert Horn Visual Language	topic	1	0.787982	0.459459	chapter:14	Robert Horn and visual language; pandemic mess-maps	chapter	00:16:57.935	00:19:55.657	1017.935	1195.657	00:48:56.935	Robert Horn and visual language; pandemic mess-maps. Robert Horn, who coined the term visual language or at least popularised it He wrote a book about it He is a wise elder gentleman who lives somewhere in San Francisco, as far as I know I do not know how act
topics_to_chapters	topic:robert-horn-visual-language	Robert Horn Visual Language	topic	2	0.429776	0.189189	chapter:01	Intro: good mental models, high-bandwidth visual cognition	chapter	00:00:00.838	00:00:52.468	0.838	52.468	00:31:59.838	Intro: good mental models, high-bandwidth visual cognition. Hello I’m interested in the problem of how we as human beings, can get a good mental model of what is going on I want to understand things and make use of our high-bandwidth visual centres, which are
topics_to_chapters	topic:robert-horn-visual-language	Robert Horn Visual Language	topic	3	0.421109	0.27027	chapter:13	MiniLM salience, then the Manifold Steering paper	chapter	00:15:26.504	00:16:57.935	926.504	1017.935	00:47:25.504	MiniLM salience, then the Manifold Steering paper. It basically showed things like different dates mapping to a particular shape inside large language models They look at things like weekdays in different language models corresponding to certain shapes So I p
topics_to_chapters	topic:information-murals-and-mess-maps	Information Murals and Mess Maps	topic	1	0.512182	0.285714	chapter:14	Robert Horn and visual language; pandemic mess-maps	chapter	00:16:57.935	00:19:55.657	1017.935	1195.657	00:48:56.935	Robert Horn and visual language; pandemic mess-maps. Robert Horn, who coined the term visual language or at least popularised it He wrote a book about it He is a wise elder gentleman who lives somewhere in San Francisco, as far as I know I do not know how act
topics_to_chapters	topic:information-murals-and-mess-maps	Information Murals and Mess Maps	topic	2	0.498624	0.228571	chapter:01	Intro: good mental models, high-bandwidth visual cognition	chapter	00:00:00.838	00:00:52.468	0.838	52.468	00:31:59.838	Intro: good mental models, high-bandwidth visual cognition. Hello I’m interested in the problem of how we as human beings, can get a good mental model of what is going on I want to understand things and make use of our high-bandwidth visual centres, which are
topics_to_chapters	topic:information-murals-and-mess-maps	Information Murals and Mess Maps	topic	3	0.456998	0.057143	chapter:02	Why the first map looks messy (high-D to 2D, overlap, force-directed kludge)	chapter	00:00:52.468	00:01:35.655	52.468	95.655	00:32:51.468	Why the first map looks messy (high-D to 2D, overlap, force-directed kludge). This is what happens when a data set of topics is projected down from high-dimensional space into 2D space We should expect it to be a mess We should expect overlap By default, ther
topics_to_chapters	topic:cross-specialist-collaboration	Cross-Specialist Collaboration	topic	1	0.418688	0.307692	chapter:14	Robert Horn and visual language; pandemic mess-maps	chapter	00:16:57.935	00:19:55.657	1017.935	1195.657	00:48:56.935	Robert Horn and visual language; pandemic mess-maps. Robert Horn, who coined the term visual language or at least popularised it He wrote a book about it He is a wise elder gentleman who lives somewhere in San Francisco, as far as I know I do not know how act
topics_to_chapters	topic:cross-specialist-collaboration	Cross-Specialist Collaboration	topic	2	0.395788	0.153846	chapter:01	Intro: good mental models, high-bandwidth visual cognition	chapter	00:00:00.838	00:00:52.468	0.838	52.468	00:31:59.838	Intro: good mental models, high-bandwidth visual cognition. Hello I’m interested in the problem of how we as human beings, can get a good mental model of what is going on I want to understand things and make use of our high-bandwidth visual centres, which are
topics_to_chapters	topic:cross-specialist-collaboration	Cross-Specialist Collaboration	topic	3	0.378472	0.076923	chapter:02	Why the first map looks messy (high-D to 2D, overlap, force-directed kludge)	chapter	00:00:52.468	00:01:35.655	52.468	95.655	00:32:51.468	Why the first map looks messy (high-D to 2D, overlap, force-directed kludge). This is what happens when a data set of topics is projected down from high-dimensional space into 2D space We should expect it to be a mess We should expect overlap By default, ther
topics_to_chapters	topic:pandemic-and-biorisk-collaboration	Pandemic and Biorisk Collaboration	topic	1	0.461068	0.194444	chapter:14	Robert Horn and visual language; pandemic mess-maps	chapter	00:16:57.935	00:19:55.657	1017.935	1195.657	00:48:56.935	Robert Horn and visual language; pandemic mess-maps. Robert Horn, who coined the term visual language or at least popularised it He wrote a book about it He is a wise elder gentleman who lives somewhere in San Francisco, as far as I know I do not know how act
topics_to_chapters	topic:pandemic-and-biorisk-collaboration	Pandemic and Biorisk Collaboration	topic	2	0.335186	0.111111	chapter:01	Intro: good mental models, high-bandwidth visual cognition	chapter	00:00:00.838	00:00:52.468	0.838	52.468	00:31:59.838	Intro: good mental models, high-bandwidth visual cognition. Hello I’m interested in the problem of how we as human beings, can get a good mental model of what is going on I want to understand things and make use of our high-bandwidth visual centres, which are
topics_to_chapters	topic:pandemic-and-biorisk-collaboration	Pandemic and Biorisk Collaboration	topic	3	0.318622	0.138889	chapter:11	Shared geometry across models; interpretability and safety	chapter	00:12:55.193	00:14:05.193	775.193	845.193	00:44:54.193	Shared geometry across models; interpretability and safety. different models We are starting to peer into that geometric representation space that they have learned in high dimensions People are interested in that from a machine-learning interpretability and
topics_to_chapters	topic:collective-sensemaking-tools	Collective Sensemaking Tools	topic	1	0.420585	0.147059	chapter:01	Intro: good mental models, high-bandwidth visual cognition	chapter	00:00:00.838	00:00:52.468	0.838	52.468	00:31:59.838	Intro: good mental models, high-bandwidth visual cognition. Hello I’m interested in the problem of how we as human beings, can get a good mental model of what is going on I want to understand things and make use of our high-bandwidth visual centres, which are
topics_to_chapters	topic:collective-sensemaking-tools	Collective Sensemaking Tools	topic	2	0.360335	0.235294	chapter:11	Shared geometry across models; interpretability and safety	chapter	00:12:55.193	00:14:05.193	775.193	845.193	00:44:54.193	Shared geometry across models; interpretability and safety. different models We are starting to peer into that geometric representation space that they have learned in high dimensions People are interested in that from a machine-learning interpretability and
topics_to_chapters	topic:collective-sensemaking-tools	Collective Sensemaking Tools	topic	3	0.356442	0.205882	chapter:14	Robert Horn and visual language; pandemic mess-maps	chapter	00:16:57.935	00:19:55.657	1017.935	1195.657	00:48:56.935	Robert Horn and visual language; pandemic mess-maps. Robert Horn, who coined the term visual language or at least popularised it He wrote a book about it He is a wise elder gentleman who lives somewhere in San Francisco, as far as I know I do not know how act
topics_to_chapters	topic:new-media-grammar	New Media Grammar	topic	1	0.434068	0.297297	chapter:14	Robert Horn and visual language; pandemic mess-maps	chapter	00:16:57.935	00:19:55.657	1017.935	1195.657	00:48:56.935	Robert Horn and visual language; pandemic mess-maps. Robert Horn, who coined the term visual language or at least popularised it He wrote a book about it He is a wise elder gentleman who lives somewhere in San Francisco, as far as I know I do not know how act
topics_to_chapters	topic:new-media-grammar	New Media Grammar	topic	2	0.41449	0.216216	chapter:05	Adding visual language: generated icons	chapter	00:05:24.413	00:06:14.406	324.413	374.406	00:37:23.413	Adding visual language: generated icons. semi-manually and semi-automatically generated icons for the topics That probably helps a little bit What would be more useful is a zoomable user interface where we can look at different things at different levels and
topics_to_chapters	topic:new-media-grammar	New Media Grammar	topic	3	0.390851	0.189189	chapter:13	MiniLM salience, then the Manifold Steering paper	chapter	00:15:26.504	00:16:57.935	926.504	1017.935	00:47:25.504	MiniLM salience, then the Manifold Steering paper. It basically showed things like different dates mapping to a particular shape inside large language models They look at things like weekdays in different language models corresponding to certain shapes So I p
topics_to_chapters	topic:samuel-pepys-life-map	Samuel Pepys Life Map	topic	1	0.53747	0.305556	chapter:04	Pepys as corpus: bladder-stone, gold, Navy, Great Fire clusters	chapter	00:03:57.121	00:05:24.413	237.121	324.413	00:35:56.121	Pepys as corpus: bladder-stone, gold, Navy, Great Fire clusters. The stone was a personal concern of his He had frequent pains, especially when he got cold, and it became one of his anxious preoccupations Another one is gold Gold fits into a psychological kin
topics_to_chapters	topic:samuel-pepys-life-map	Samuel Pepys Life Map	topic	2	0.378134	0.361111	chapter:06	Salience-driven scale and opacity; zoom states	chapter	00:06:14.406	00:07:54.548	374.406	474.548	00:38:13.406	Salience-driven scale and opacity; zoom states. of some nodes For instance, there is a woman who was loosely related to some people in this area through gossip She is not as central to Pepys’s life Her centrality is low, but she is still an interesting figure
topics_to_chapters	topic:samuel-pepys-life-map	Samuel Pepys Life Map	topic	3	0.361508	0.333333	chapter:03	No-overlap layout that keeps semantic integrity	chapter	00:01:35.655	00:03:57.121	95.655	237.121	00:33:34.655	No-overlap layout that keeps semantic integrity. two-dimensional representation unless that dimension is deliberately added When we add that dimension, we then have to decide what to do about overlap One common thing people do is use a force-directed effect:
topics_to_chapters	topic:biographical-salience	Biographical Salience	topic	1	0.467746	0.342105	chapter:06	Salience-driven scale and opacity; zoom states	chapter	00:06:14.406	00:07:54.548	374.406	474.548	00:38:13.406	Salience-driven scale and opacity; zoom states. of some nodes For instance, there is a woman who was loosely related to some people in this area through gossip She is not as central to Pepys’s life Her centrality is low, but she is still an interesting figure
topics_to_chapters	topic:biographical-salience	Biographical Salience	topic	2	0.36848	0.263158	chapter:12	Q (Ivan Lugo): shared shapes across languages	chapter	00:14:05.193	00:15:26.504	845.193	926.504	00:46:04.193	Q (Ivan Lugo): shared shapes across languages. I’m curious because you have clearly operated on this from different texts and different spaces Have you seen linguistic patterns in the way you have built this out Have you tried to visualise that For instance,
topics_to_chapters	topic:biographical-salience	Biographical Salience	topic	3	0.352407	0.263158	chapter:04	Pepys as corpus: bladder-stone, gold, Navy, Great Fire clusters	chapter	00:03:57.121	00:05:24.413	237.121	324.413	00:35:56.121	Pepys as corpus: bladder-stone, gold, Navy, Great Fire clusters. The stone was a personal concern of his He had frequent pains, especially when he got cold, and it became one of his anxious preoccupations Another one is gold Gold fits into a psychological kin
topics_to_chapters	topic:pepys-medical-anxiety	Pepys Medical Anxiety	topic	1	0.610398	0.3	chapter:04	Pepys as corpus: bladder-stone, gold, Navy, Great Fire clusters	chapter	00:03:57.121	00:05:24.413	237.121	324.413	00:35:56.121	Pepys as corpus: bladder-stone, gold, Navy, Great Fire clusters. The stone was a personal concern of his He had frequent pains, especially when he got cold, and it became one of his anxious preoccupations Another one is gold Gold fits into a psychological kin
topics_to_chapters	topic:pepys-medical-anxiety	Pepys Medical Anxiety	topic	2	0.2721	0.3	chapter:06	Salience-driven scale and opacity; zoom states	chapter	00:06:14.406	00:07:54.548	374.406	474.548	00:38:13.406	Salience-driven scale and opacity; zoom states. of some nodes For instance, there is a woman who was loosely related to some people in this area through gossip She is not as central to Pepys’s life Her centrality is low, but she is still an interesting figure
topics_to_chapters	topic:pepys-medical-anxiety	Pepys Medical Anxiety	topic	3	0.25051	0.275	chapter:14	Robert Horn and visual language; pandemic mess-maps	chapter	00:16:57.935	00:19:55.657	1017.935	1195.657	00:48:56.935	Robert Horn and visual language; pandemic mess-maps. Robert Horn, who coined the term visual language or at least popularised it He wrote a book about it He is a wise elder gentleman who lives somewhere in San Francisco, as far as I know I do not know how act
topics_to_chapters	topic:pepys-work-and-institutions	Pepys Work and Institutions	topic	1	0.564785	0.25	chapter:04	Pepys as corpus: bladder-stone, gold, Navy, Great Fire clusters	chapter	00:03:57.121	00:05:24.413	237.121	324.413	00:35:56.121	Pepys as corpus: bladder-stone, gold, Navy, Great Fire clusters. The stone was a personal concern of his He had frequent pains, especially when he got cold, and it became one of his anxious preoccupations Another one is gold Gold fits into a psychological kin
topics_to_chapters	topic:pepys-work-and-institutions	Pepys Work and Institutions	topic	2	0.281726	0.25	chapter:06	Salience-driven scale and opacity; zoom states	chapter	00:06:14.406	00:07:54.548	374.406	474.548	00:38:13.406	Salience-driven scale and opacity; zoom states. of some nodes For instance, there is a woman who was loosely related to some people in this area through gossip She is not as central to Pepys’s life Her centrality is low, but she is still an interesting figure
topics_to_chapters	topic:pepys-work-and-institutions	Pepys Work and Institutions	topic	3	0.267989	0.222222	chapter:03	No-overlap layout that keeps semantic integrity	chapter	00:01:35.655	00:03:57.121	95.655	237.121	00:33:34.655	No-overlap layout that keeps semantic integrity. two-dimensional representation unless that dimension is deliberately added When we add that dimension, we then have to decide what to do about overlap One common thing people do is use a force-directed effect:
topics_to_chapters	topic:historical-catastrophe-landmark	Historical Catastrophe Landmark	topic	1	0.314724	0.210526	chapter:04	Pepys as corpus: bladder-stone, gold, Navy, Great Fire clusters	chapter	00:03:57.121	00:05:24.413	237.121	324.413	00:35:56.121	Pepys as corpus: bladder-stone, gold, Navy, Great Fire clusters. The stone was a personal concern of his He had frequent pains, especially when he got cold, and it became one of his anxious preoccupations Another one is gold Gold fits into a psychological kin
topics_to_chapters	topic:historical-catastrophe-landmark	Historical Catastrophe Landmark	topic	2	0.305236	0.315789	chapter:14	Robert Horn and visual language; pandemic mess-maps	chapter	00:16:57.935	00:19:55.657	1017.935	1195.657	00:48:56.935	Robert Horn and visual language; pandemic mess-maps. Robert Horn, who coined the term visual language or at least popularised it He wrote a book about it He is a wise elder gentleman who lives somewhere in San Francisco, as far as I know I do not know how act
topics_to_chapters	topic:historical-catastrophe-landmark	Historical Catastrophe Landmark	topic	3	0.266243	0.184211	chapter:02	Why the first map looks messy (high-D to 2D, overlap, force-directed kludge)	chapter	00:00:52.468	00:01:35.655	52.468	95.655	00:32:51.468	Why the first map looks messy (high-D to 2D, overlap, force-directed kludge). This is what happens when a data set of topics is projected down from high-dimensional space into 2D space We should expect it to be a mess We should expect overlap By default, ther
topics_to_chapters	topic:prototype-first-steps	Prototype First Steps	topic	1	0.40669	0.146341	chapter:15	Closing	chapter	00:19:55.657	00:20:17.599	1195.657	1217.599	00:51:54.657	Closing. Luke, thank you very much for sharing what seems to be promising first steps on a project I will be excited to see this unfold in the coming months Thanks to Jasmine Otto, Ivan Lugo, and Luke for demoing today Thanks everybody for coming out, and we
topics_to_chapters	topic:prototype-first-steps	Prototype First Steps	topic	2	0.312439	0.097561	chapter:07	Q (Ivy): can the interface express, not just reveal?	chapter	00:07:54.548	00:08:12.087	474.548	492.087	00:39:53.548	Q (Ivy): can the interface express, not just reveal?. So far, you have talked about what this interface is revealing, what it is showing, and how it relates to higher-dimensional spaces I’m curious what you have thought about with respect to doing expressive
topics_to_chapters	topic:prototype-first-steps	Prototype First Steps	topic	3	0.290766	0.219512	chapter:08	Projecting back with UMAP: where would a new thing land?	chapter	00:08:12.087	00:10:12.774	492.087	612.774	00:40:11.087	Projecting back with UMAP: where would a new thing land?. There is a popular library called UMAP Learn that lets us do that UMAP is a common solution for dimensionality reduction of high dimensional data It does not have a global objective It is mostly local,
key_points_to_vtt_windows	key_point:001	🧭 Emoji quad outline topic tree	key_point	1	0.620535	0.4	vtt:ngram:3:0001	Hello I’m interested in the problem of how we as human beings, can get a good me	vtt_ngram_3	00:00:00.838	00:01:18.256	0.838	78.256	00:31:59.838	Hello I’m interested in the problem of how we as human beings, can get a good mental model of what is going on I want to understand things and make use of our high-bandwidth visual centres, which are very good at interpreting information efficiently I’m inter
key_points_to_vtt_windows	key_point:001	🧭 Emoji quad outline topic tree	key_point	2	0.530087	0.2	vtt:ngram:3:0027	line That is how many mind maps are presented Are there any ways of quantifying 	vtt_ngram_3	00:11:49.575	00:12:43.185	709.575	763.185	00:43:48.575	line That is how many mind maps are presented Are there any ways of quantifying the size of those embeddings on screen, so they are not just points and can be assigned a region of space Yes, that definitely could be done I have not done that yet I do not have
key_points_to_vtt_windows	key_point:001	🧭 Emoji quad outline topic tree	key_point	3	0.500045	0.0	vtt:ngram:3:0025	to ask, just unmute and go right ahead I have one question I really liked what y	vtt_ngram_3	00:11:08.621	00:12:09.269	668.621	729.269	00:43:07.621	to ask, just unmute and go right ahead I have one question I really liked what you mentioned about reverse-projecting into high-dimensional spaces Mathematicians like to simplify things into spherical cows When modelling things in 2D, we model everything as p
key_points_to_vtt_windows	key_point:002	🧭 Emoji quad outline topic tree	key_point	1	0.484611	0.857143	vtt:ngram:3:0001	Hello I’m interested in the problem of how we as human beings, can get a good me	vtt_ngram_3	00:00:00.838	00:01:18.256	0.838	78.256	00:31:59.838	Hello I’m interested in the problem of how we as human beings, can get a good mental model of what is going on I want to understand things and make use of our high-bandwidth visual centres, which are very good at interpreting information efficiently I’m inter
key_points_to_vtt_windows	key_point:002	🧭 Emoji quad outline topic tree	key_point	2	0.390771	0.142857	vtt:ngram:3:0046	visual language to check that out, because he has thought about this stuff a lot	vtt_ngram_3	00:18:37.998	00:19:52.373	1117.998	1192.373	00:50:36.998	visual language to check that out, because he has thought about this stuff a lot People have been using this kind of thing actively for things like studying pandemics How do we communicate with hundreds of different people who have different specialisms in di
key_points_to_vtt_windows	key_point:002	🧭 Emoji quad outline topic tree	key_point	3	0.389441	0.571429	vtt:ngram:3:0038	So I put aside my naive way of finding a few columns that had useful parameters,	vtt_ngram_3	00:15:46.764	00:16:44.675	946.764	1004.675	00:47:45.764	So I put aside my naive way of finding a few columns that had useful parameters, and tried to get my head around the whole higher-dimensional geometry they are using, because it seems more fundamental If that answers your question It does exactly That paper i
key_points_to_vtt_windows	key_point:003	🧭 Emoji quad outline topic tree	key_point	1	0.525086	0.8	vtt:ngram:3:0001	Hello I’m interested in the problem of how we as human beings, can get a good me	vtt_ngram_3	00:00:00.838	00:01:18.256	0.838	78.256	00:31:59.838	Hello I’m interested in the problem of how we as human beings, can get a good mental model of what is going on I want to understand things and make use of our high-bandwidth visual centres, which are very good at interpreting information efficiently I’m inter
key_points_to_vtt_windows	key_point:003	🧭 Emoji quad outline topic tree	key_point	2	0.472552	0.2	vtt:ngram:3:0040	When I am talking to you and I can see that shape, that is another dimension we 	vtt_ngram_3	00:16:32.044	00:17:15.738	992.044	1035.738	00:48:31.044	When I am talking to you and I can see that shape, that is another dimension we can communicate across That is very much why I am trying to build my whole system What you are describing is that we need a visual medium for it This is really cool to see It show
key_points_to_vtt_windows	key_point:003	🧭 Emoji quad outline topic tree	key_point	3	0.451613	0.2	vtt:ngram:3:0041	This is really cool to see It shows how it works on the data side Thank you Very	vtt_ngram_3	00:16:44.705	00:17:48.207	1004.705	1068.207	00:48:43.705	This is really cool to see It shows how it works on the data side Thank you Very cool I also love to point to Bob Horn Robert Horn, who coined the term visual language or at least popularised it He wrote a book about it He is a wise elder gentleman who lives
key_points_to_vtt_windows	key_point:004	🧭 Emoji quad outline topic tree	key_point	1	0.543864	0.2	vtt:ngram:3:0006	But then we have to tweak all kinds of fiddly variables to keep the semantic int	vtt_ngram_3	00:02:06.681	00:03:49.380	126.681	229.38	00:34:05.681	But then we have to tweak all kinds of fiddly variables to keep the semantic integrity authentic It is also a bit of a kludge to switch to a different kind of algorithm at presentation time without any consideration of the semantic embeddings themselves I hav
key_points_to_vtt_windows	key_point:004	🧭 Emoji quad outline topic tree	key_point	2	0.534414	0.2	vtt:ngram:3:0001	Hello I’m interested in the problem of how we as human beings, can get a good me	vtt_ngram_3	00:00:00.838	00:01:18.256	0.838	78.256	00:31:59.838	Hello I’m interested in the problem of how we as human beings, can get a good mental model of what is going on I want to understand things and make use of our high-bandwidth visual centres, which are very good at interpreting information efficiently I’m inter
key_points_to_vtt_windows	key_point:004	🧭 Emoji quad outline topic tree	key_point	3	0.525946	0.0	vtt:ngram:3:0031	People are interested in that from a machine-learning interpretability and safet	vtt_ngram_3	00:13:07.881	00:14:03.079	787.881	843.079	00:45:06.881	People are interested in that from a machine-learning interpretability and safety perspective as well Thanks We have time for one more question I have a quick one too That last point about high dimensionality and language reminds me of an article I saw on Hac
key_points_to_vtt_windows	key_point:005	🧭 Emoji quad outline topic tree	key_point	1	0.554987	0.333333	vtt:ngram:3:0001	Hello I’m interested in the problem of how we as human beings, can get a good me	vtt_ngram_3	00:00:00.838	00:01:18.256	0.838	78.256	00:31:59.838	Hello I’m interested in the problem of how we as human beings, can get a good mental model of what is going on I want to understand things and make use of our high-bandwidth visual centres, which are very good at interpreting information efficiently I’m inter
key_points_to_vtt_windows	key_point:005	🧭 Emoji quad outline topic tree	key_point	2	0.538607	0.166667	vtt:ngram:3:0013	There is a lot that could be done I do have large-language-model-generated salie	vtt_ngram_3	00:05:54.978	00:07:20.445	354.978	440.445	00:37:53.978	There is a lot that could be done I do have large-language-model-generated salience scores for some of the topics I use those to adjust the scale and opacity of some nodes For instance, there is a woman who was loosely related to some people in this area thro
key_points_to_vtt_windows	key_point:005	🧭 Emoji quad outline topic tree	key_point	3	0.536023	0.333333	vtt:ngram:3:0002	information efficiently I’m interested in how things like embeddings, generated 	vtt_ngram_3	00:00:25.679	00:01:42.276	25.679	102.276	00:32:24.679	information efficiently I’m interested in how things like embeddings, generated categories, different kinds of relationships and graph structures can be used to make useful visualisations that do not look like a mess Speaking of which, this looks like a mess
key_points_to_vtt_windows	key_point:006	🧭 Emoji quad outline topic tree	key_point	1	0.649201	0.571429	vtt:ngram:3:0002	information efficiently I’m interested in how things like embeddings, generated 	vtt_ngram_3	00:00:25.679	00:01:42.276	25.679	102.276	00:32:24.679	information efficiently I’m interested in how things like embeddings, generated categories, different kinds of relationships and graph structures can be used to make useful visualisations that do not look like a mess Speaking of which, this looks like a mess
key_points_to_vtt_windows	key_point:006	🧭 Emoji quad outline topic tree	key_point	2	0.640068	0.571429	vtt:ngram:3:0027	line That is how many mind maps are presented Are there any ways of quantifying 	vtt_ngram_3	00:11:49.575	00:12:43.185	709.575	763.185	00:43:48.575	line That is how many mind maps are presented Are there any ways of quantifying the size of those embeddings on screen, so they are not just points and can be assigned a region of space Yes, that definitely could be done I have not done that yet I do not have
key_points_to_vtt_windows	key_point:006	🧭 Emoji quad outline topic tree	key_point	3	0.622055	0.571429	vtt:ngram:3:0001	Hello I’m interested in the problem of how we as human beings, can get a good me	vtt_ngram_3	00:00:00.838	00:01:18.256	0.838	78.256	00:31:59.838	Hello I’m interested in the problem of how we as human beings, can get a good mental model of what is going on I want to understand things and make use of our high-bandwidth visual centres, which are very good at interpreting information efficiently I’m inter
key_points_to_vtt_windows	key_point:007	🧭 Emoji quad outline topic tree	key_point	1	0.685191	0.666667	vtt:ngram:3:0002	information efficiently I’m interested in how things like embeddings, generated 	vtt_ngram_3	00:00:25.679	00:01:42.276	25.679	102.276	00:32:24.679	information efficiently I’m interested in how things like embeddings, generated categories, different kinds of relationships and graph structures can be used to make useful visualisations that do not look like a mess Speaking of which, this looks like a mess
key_points_to_vtt_windows	key_point:007	🧭 Emoji quad outline topic tree	key_point	2	0.682314	0.666667	vtt:ngram:3:0003	This is what happens when a data set of topics is projected down from high-dimen	vtt_ngram_3	00:00:52.468	00:02:06.651	52.468	126.651	00:32:51.468	This is what happens when a data set of topics is projected down from high-dimensional space into 2D space We should expect it to be a mess We should expect overlap By default, there is not a clean reduction down to two-dimensional space That should not be su
key_points_to_vtt_windows	key_point:007	🧭 Emoji quad outline topic tree	key_point	3	0.643279	0.777778	vtt:ngram:3:0001	Hello I’m interested in the problem of how we as human beings, can get a good me	vtt_ngram_3	00:00:00.838	00:01:18.256	0.838	78.256	00:31:59.838	Hello I’m interested in the problem of how we as human beings, can get a good mental model of what is going on I want to understand things and make use of our high-bandwidth visual centres, which are very good at interpreting information efficiently I’m inter
key_points_to_vtt_windows	key_point:008	🧭 Emoji quad outline topic tree	key_point	1	0.482616	0.666667	vtt:ngram:3:0003	This is what happens when a data set of topics is projected down from high-dimen	vtt_ngram_3	00:00:52.468	00:02:06.651	52.468	126.651	00:32:51.468	This is what happens when a data set of topics is projected down from high-dimensional space into 2D space We should expect it to be a mess We should expect overlap By default, there is not a clean reduction down to two-dimensional space That should not be su
key_points_to_vtt_windows	key_point:008	🧭 Emoji quad outline topic tree	key_point	2	0.462141	0.666667	vtt:ngram:3:0005	added When we add that dimension, we then have to decide what to do about overla	vtt_ngram_3	00:01:42.557	00:03:15.272	102.557	195.272	00:33:41.557	added When we add that dimension, we then have to decide what to do about overlap One common thing people do is use a force-directed effect: if one node is too close to another node the nodes push themselves apart But then we have to tweak all kinds of fiddly
key_points_to_vtt_windows	key_point:008	🧭 Emoji quad outline topic tree	key_point	3	0.409789	0.666667	vtt:ngram:3:0004	two-dimensional space That should not be surprising, but it is really annoying T	vtt_ngram_3	00:01:18.504	00:02:45.924	78.504	165.924	00:33:17.504	two-dimensional space That should not be surprising, but it is really annoying The reason this happens is that each item is mathematically just a point It does not have any dimension in the two-dimensional representation unless that dimension is deliberately
key_points_to_vtt_windows	key_point:009	🧭 Emoji quad outline topic tree	key_point	1	0.527927	0.625	vtt:ngram:3:0026	But in an actual 2D space, things also have dimensions They have shapes We also 	vtt_ngram_3	00:11:30.422	00:12:23.639	690.422	743.639	00:43:29.422	But in an actual 2D space, things also have dimensions They have shapes We also think in categories On the screen, in a user interface many of those things could be grouped together by putting them in a box, or surrounding them with a line That is how many mi
key_points_to_vtt_windows	key_point:009	🧭 Emoji quad outline topic tree	key_point	2	0.498099	0.5	vtt:ngram:3:0027	line That is how many mind maps are presented Are there any ways of quantifying 	vtt_ngram_3	00:11:49.575	00:12:43.185	709.575	763.185	00:43:48.575	line That is how many mind maps are presented Are there any ways of quantifying the size of those embeddings on screen, so they are not just points and can be assigned a region of space Yes, that definitely could be done I have not done that yet I do not have
key_points_to_vtt_windows	key_point:009	🧭 Emoji quad outline topic tree	key_point	3	0.489111	0.625	vtt:ngram:3:0025	to ask, just unmute and go right ahead I have one question I really liked what y	vtt_ngram_3	00:11:08.621	00:12:09.269	668.621	729.269	00:43:07.621	to ask, just unmute and go right ahead I have one question I really liked what you mentioned about reverse-projecting into high-dimensional spaces Mathematicians like to simplify things into spherical cows When modelling things in 2D, we model everything as p
key_points_to_vtt_windows	key_point:010	🧭 Emoji quad outline topic tree	key_point	1	0.502766	0.333333	vtt:ngram:3:0005	added When we add that dimension, we then have to decide what to do about overla	vtt_ngram_3	00:01:42.557	00:03:15.272	102.557	195.272	00:33:41.557	added When we add that dimension, we then have to decide what to do about overlap One common thing people do is use a force-directed effect: if one node is too close to another node the nodes push themselves apart But then we have to tweak all kinds of fiddly
key_points_to_vtt_windows	key_point:010	🧭 Emoji quad outline topic tree	key_point	2	0.489151	0.333333	vtt:ngram:3:0004	two-dimensional space That should not be surprising, but it is really annoying T	vtt_ngram_3	00:01:18.504	00:02:45.924	78.504	165.924	00:33:17.504	two-dimensional space That should not be surprising, but it is really annoying The reason this happens is that each item is mathematically just a point It does not have any dimension in the two-dimensional representation unless that dimension is deliberately
key_points_to_vtt_windows	key_point:010	🧭 Emoji quad outline topic tree	key_point	3	0.488447	0.333333	vtt:ngram:3:0003	This is what happens when a data set of topics is projected down from high-dimen	vtt_ngram_3	00:00:52.468	00:02:06.651	52.468	126.651	00:32:51.468	This is what happens when a data set of topics is projected down from high-dimensional space into 2D space We should expect it to be a mess We should expect overlap By default, there is not a clean reduction down to two-dimensional space That should not be su
key_points_to_vtt_windows	key_point:011	🧭 Emoji quad outline topic tree	key_point	1	0.597999	0.333333	vtt:ngram:3:0006	But then we have to tweak all kinds of fiddly variables to keep the semantic int	vtt_ngram_3	00:02:06.681	00:03:49.380	126.681	229.38	00:34:05.681	But then we have to tweak all kinds of fiddly variables to keep the semantic integrity authentic It is also a bit of a kludge to switch to a different kind of algorithm at presentation time without any consideration of the semantic embeddings themselves I hav
key_points_to_vtt_windows	key_point:011	🧭 Emoji quad outline topic tree	key_point	2	0.554228	0.333333	vtt:ngram:3:0005	added When we add that dimension, we then have to decide what to do about overla	vtt_ngram_3	00:01:42.557	00:03:15.272	102.557	195.272	00:33:41.557	added When we add that dimension, we then have to decide what to do about overlap One common thing people do is use a force-directed effect: if one node is too close to another node the nodes push themselves apart But then we have to tweak all kinds of fiddly
key_points_to_vtt_windows	key_point:011	🧭 Emoji quad outline topic tree	key_point	3	0.505444	0.333333	vtt:ngram:3:0007	process happens in multiple stages, but those stages are aware of the semantic r	vtt_ngram_3	00:02:47.665	00:04:20.369	167.665	260.369	00:34:46.665	process happens in multiple stages, but those stages are aware of the semantic relationships between the nodes They use those relationships to find a good non-overlapping position for the nodes That gets us something a bit like this It has no overlap, which i
key_points_to_vtt_windows	key_point:012	🧭 Emoji quad outline topic tree	key_point	1	0.586956	0.666667	vtt:ngram:3:0006	But then we have to tweak all kinds of fiddly variables to keep the semantic int	vtt_ngram_3	00:02:06.681	00:03:49.380	126.681	229.38	00:34:05.681	But then we have to tweak all kinds of fiddly variables to keep the semantic integrity authentic It is also a bit of a kludge to switch to a different kind of algorithm at presentation time without any consideration of the semantic embeddings themselves I hav
key_points_to_vtt_windows	key_point:012	🧭 Emoji quad outline topic tree	key_point	2	0.500304	0.666667	vtt:ngram:3:0007	process happens in multiple stages, but those stages are aware of the semantic r	vtt_ngram_3	00:02:47.665	00:04:20.369	167.665	260.369	00:34:46.665	process happens in multiple stages, but those stages are aware of the semantic relationships between the nodes They use those relationships to find a good non-overlapping position for the nodes That gets us something a bit like this It has no overlap, which i
key_points_to_vtt_windows	key_point:012	🧭 Emoji quad outline topic tree	key_point	3	0.44989	0.666667	vtt:ngram:3:0005	added When we add that dimension, we then have to decide what to do about overla	vtt_ngram_3	00:01:42.557	00:03:15.272	102.557	195.272	00:33:41.557	added When we add that dimension, we then have to decide what to do about overlap One common thing people do is use a force-directed effect: if one node is too close to another node the nodes push themselves apart But then we have to tweak all kinds of fiddly
key_points_to_vtt_windows	key_point:013	🧭 Emoji quad outline topic tree	key_point	1	0.47016	0.5	vtt:ngram:3:0005	added When we add that dimension, we then have to decide what to do about overla	vtt_ngram_3	00:01:42.557	00:03:15.272	102.557	195.272	00:33:41.557	added When we add that dimension, we then have to decide what to do about overlap One common thing people do is use a force-directed effect: if one node is too close to another node the nodes push themselves apart But then we have to tweak all kinds of fiddly
key_points_to_vtt_windows	key_point:013	🧭 Emoji quad outline topic tree	key_point	2	0.455772	0.5	vtt:ngram:3:0003	This is what happens when a data set of topics is projected down from high-dimen	vtt_ngram_3	00:00:52.468	00:02:06.651	52.468	126.651	00:32:51.468	This is what happens when a data set of topics is projected down from high-dimensional space into 2D space We should expect it to be a mess We should expect overlap By default, there is not a clean reduction down to two-dimensional space That should not be su
key_points_to_vtt_windows	key_point:013	🧭 Emoji quad outline topic tree	key_point	3	0.415102	0.5	vtt:ngram:3:0004	two-dimensional space That should not be surprising, but it is really annoying T	vtt_ngram_3	00:01:18.504	00:02:45.924	78.504	165.924	00:33:17.504	two-dimensional space That should not be surprising, but it is really annoying The reason this happens is that each item is mathematically just a point It does not have any dimension in the two-dimensional representation unless that dimension is deliberately
key_points_to_vtt_windows	key_point:014	🧭 Emoji quad outline topic tree	key_point	1	0.495204	0.25	vtt:ngram:3:0023	Another common problem is that the orientation can flip around whenever one of t	vtt_ngram_3	00:10:07.891	00:11:30.362	607.891	690.362	00:42:06.891	Another common problem is that the orientation can flip around whenever one of these maps is regenerated There are different ways of doing dimensionality reduction and they are often based on a random seed or on other stochastic things, that make it hard to k
key_points_to_vtt_windows	key_point:014	🧭 Emoji quad outline topic tree	key_point	2	0.463028	0.25	vtt:ngram:3:0022	It is also sometimes useful to do drag and-drop image-collage work People often 	vtt_ngram_3	00:09:28.875	00:11:08.591	568.875	668.591	00:41:27.875	It is also sometimes useful to do drag and-drop image-collage work People often prefer paper for this kind of reason It is a real pain, when working digitally to lose the ability to arrange things freely So yes, I think that would be powerful Another common p
key_points_to_vtt_windows	key_point:014	🧭 Emoji quad outline topic tree	key_point	3	0.390729	0.25	vtt:ngram:3:0021	What might it mean, based on everything else the system knows about the space Ho	vtt_ngram_3	00:09:09.322	00:10:32.985	549.322	632.985	00:41:08.322	What might it mean, based on everything else the system knows about the space How might it relate to these personal things these social things, and these work things That can absolutely be done It is also sometimes useful to do drag and-drop image-collage wor
key_points_to_vtt_windows	key_point:015	🧭 Emoji quad outline topic tree	key_point	1	0.536316	0.6	vtt:ngram:3:0011	with a fittingly emptier area around it So the semantic integrity is good, but i	vtt_ngram_3	00:04:59.694	00:06:25.169	299.694	385.169	00:36:58.694	with a fittingly emptier area around it So the semantic integrity is good, but it is still not very intuitive These days we have image generators, so I semi-manually and semi-automatically generated icons for the topics That probably helps a little bit What w
key_points_to_vtt_windows	key_point:015	🧭 Emoji quad outline topic tree	key_point	2	0.516946	0.6	vtt:ngram:3:0039	That paper is perfect We are finding that things have a definitive shape Whether	vtt_ngram_3	00:16:16.066	00:17:01.386	976.066	1021.386	00:48:15.066	That paper is perfect We are finding that things have a definitive shape Whether I am speaking Italian, German, French English, or some weird mixture, if I say a word like good, bad, evil, or positive, it is going to have some kind of shape When I am talking
key_points_to_vtt_windows	key_point:015	🧭 Emoji quad outline topic tree	key_point	3	0.514718	0.6	vtt:ngram:3:0012	That probably helps a little bit What would be more useful is a zoomable user in	vtt_ngram_3	00:05:28.937	00:06:53.046	328.937	413.046	00:37:27.937	That probably helps a little bit What would be more useful is a zoomable user interface where we can look at different things at different levels and see different zoom states, very much like what Ivan Lugo was talking about earlier I have not done much with
key_points_to_vtt_windows	key_point:016	🧭 Emoji quad outline topic tree	key_point	1	0.580955	0.5	vtt:ngram:3:0011	with a fittingly emptier area around it So the semantic integrity is good, but i	vtt_ngram_3	00:04:59.694	00:06:25.169	299.694	385.169	00:36:58.694	with a fittingly emptier area around it So the semantic integrity is good, but it is still not very intuitive These days we have image generators, so I semi-manually and semi-automatically generated icons for the topics That probably helps a little bit What w
key_points_to_vtt_windows	key_point:016	🧭 Emoji quad outline topic tree	key_point	2	0.539458	0.5	vtt:ngram:3:0010	Gold fits into a psychological kind of cluster for him Likewise, his main occupa	vtt_ngram_3	00:04:26.415	00:05:54.948	266.415	354.948	00:36:25.415	Gold fits into a psychological kind of cluster for him Likewise, his main occupational duties are in a place, and there is a Navy cluster There is also the Great Fire of London with a fittingly emptier area around it So the semantic integrity is good, but it
key_points_to_vtt_windows	key_point:016	🧭 Emoji quad outline topic tree	key_point	3	0.492364	0.5	vtt:ngram:3:0001	Hello I’m interested in the problem of how we as human beings, can get a good me	vtt_ngram_3	00:00:00.838	00:01:18.256	0.838	78.256	00:31:59.838	Hello I’m interested in the problem of how we as human beings, can get a good mental model of what is going on I want to understand things and make use of our high-bandwidth visual centres, which are very good at interpreting information efficiently I’m inter
key_points_to_vtt_windows	key_point:017	🧭 Emoji quad outline topic tree	key_point	1	0.473954	0.25	vtt:ngram:3:0001	Hello I’m interested in the problem of how we as human beings, can get a good me	vtt_ngram_3	00:00:00.838	00:01:18.256	0.838	78.256	00:31:59.838	Hello I’m interested in the problem of how we as human beings, can get a good mental model of what is going on I want to understand things and make use of our high-bandwidth visual centres, which are very good at interpreting information efficiently I’m inter
key_points_to_vtt_windows	key_point:017	🧭 Emoji quad outline topic tree	key_point	2	0.462383	0.25	vtt:ngram:3:0013	There is a lot that could be done I do have large-language-model-generated salie	vtt_ngram_3	00:05:54.978	00:07:20.445	354.978	440.445	00:37:53.978	There is a lot that could be done I do have large-language-model-generated salience scores for some of the topics I use those to adjust the scale and opacity of some nodes For instance, there is a woman who was loosely related to some people in this area thro
key_points_to_vtt_windows	key_point:017	🧭 Emoji quad outline topic tree	key_point	3	0.452174	0.25	vtt:ngram:3:0011	with a fittingly emptier area around it So the semantic integrity is good, but i	vtt_ngram_3	00:04:59.694	00:06:25.169	299.694	385.169	00:36:58.694	with a fittingly emptier area around it So the semantic integrity is good, but it is still not very intuitive These days we have image generators, so I semi-manually and semi-automatically generated icons for the topics That probably helps a little bit What w
key_points_to_vtt_windows	key_point:018	🧭 Emoji quad outline topic tree	key_point	1	0.580721	0.8	vtt:ngram:3:0013	There is a lot that could be done I do have large-language-model-generated salie	vtt_ngram_3	00:05:54.978	00:07:20.445	354.978	440.445	00:37:53.978	There is a lot that could be done I do have large-language-model-generated salience scores for some of the topics I use those to adjust the scale and opacity of some nodes For instance, there is a woman who was loosely related to some people in this area thro
key_points_to_vtt_windows	key_point:018	🧭 Emoji quad outline topic tree	key_point	2	0.541466	0.8	vtt:ngram:3:0012	That probably helps a little bit What would be more useful is a zoomable user in	vtt_ngram_3	00:05:28.937	00:06:53.046	328.937	413.046	00:37:27.937	That probably helps a little bit What would be more useful is a zoomable user interface where we can look at different things at different levels and see different zoom states, very much like what Ivan Lugo was talking about earlier I have not done much with
key_points_to_vtt_windows	key_point:018	🧭 Emoji quad outline topic tree	key_point	3	0.499527	0.8	vtt:ngram:3:0011	with a fittingly emptier area around it So the semantic integrity is good, but i	vtt_ngram_3	00:04:59.694	00:06:25.169	299.694	385.169	00:36:58.694	with a fittingly emptier area around it So the semantic integrity is good, but it is still not very intuitive These days we have image generators, so I semi-manually and semi-automatically generated icons for the topics That probably helps a little bit What w
key_points_to_vtt_windows	key_point:019	🧭 Emoji quad outline topic tree	key_point	1	0.525871	0.4	vtt:ngram:3:0012	That probably helps a little bit What would be more useful is a zoomable user in	vtt_ngram_3	00:05:28.937	00:06:53.046	328.937	413.046	00:37:27.937	That probably helps a little bit What would be more useful is a zoomable user interface where we can look at different things at different levels and see different zoom states, very much like what Ivan Lugo was talking about earlier I have not done much with
key_points_to_vtt_windows	key_point:019	🧭 Emoji quad outline topic tree	key_point	2	0.491103	0.4	vtt:ngram:3:0015	worth foregrounding from the broad overview perspective of his life When I am zo	vtt_ngram_3	00:06:53.174	00:07:59.307	413.174	479.307	00:38:52.174	worth foregrounding from the broad overview perspective of his life When I am zoomed out, the map shows things that are high-rank and high-salience, or some combination of those When I zoom in, it shows more nodes without fading them out That is basically as
key_points_to_vtt_windows	key_point:019	🧭 Emoji quad outline topic tree	key_point	3	0.486157	0.4	vtt:ngram:3:0011	with a fittingly emptier area around it So the semantic integrity is good, but i	vtt_ngram_3	00:04:59.694	00:06:25.169	299.694	385.169	00:36:58.694	with a fittingly emptier area around it So the semantic integrity is good, but it is still not very intuitive These days we have image generators, so I semi-manually and semi-automatically generated icons for the topics That probably helps a little bit What w
key_points_to_vtt_windows	key_point:020	🧭 Emoji quad outline topic tree	key_point	1	0.633437	0.75	vtt:ngram:3:0016	That is basically as far as I have got with that I’m going to do the thing and j	vtt_ngram_3	00:07:24.427	00:08:16.171	444.427	496.171	00:39:23.427	That is basically as far as I have got with that I’m going to do the thing and jump in with a question in the middle That’s the format I have this weird personal belief: any interface that presents information, or presents a visualisation of something is also
key_points_to_vtt_windows	key_point:020	🧭 Emoji quad outline topic tree	key_point	2	0.524433	0.5	vtt:ngram:3:0017	information, or presents a visualisation of something is also potentially a good	vtt_ngram_3	00:07:44.079	00:08:40.395	464.079	520.395	00:39:43.079	information, or presents a visualisation of something is also potentially a good interface through which we can express something There are two sides to every interface So far, you have talked about what this interface is revealing, what it is showing, and ho
key_points_to_vtt_windows	key_point:020	🧭 Emoji quad outline topic tree	key_point	3	0.507319	0.5	vtt:ngram:3:0015	worth foregrounding from the broad overview perspective of his life When I am zo	vtt_ngram_3	00:06:53.174	00:07:59.307	413.174	479.307	00:38:52.174	worth foregrounding from the broad overview perspective of his life When I am zoomed out, the map shows things that are high-rank and high-salience, or some combination of those When I zoom in, it shows more nodes without fading them out That is basically as
key_points_to_vtt_windows	key_point:021	🧭 Emoji quad outline topic tree	key_point	1	0.477974	0.75	vtt:ngram:3:0022	It is also sometimes useful to do drag and-drop image-collage work People often 	vtt_ngram_3	00:09:28.875	00:11:08.591	568.875	668.591	00:41:27.875	It is also sometimes useful to do drag and-drop image-collage work People often prefer paper for this kind of reason It is a real pain, when working digitally to lose the ability to arrange things freely So yes, I think that would be powerful Another common p
key_points_to_vtt_windows	key_point:021	🧭 Emoji quad outline topic tree	key_point	2	0.460302	0.75	vtt:ngram:3:0021	What might it mean, based on everything else the system knows about the space Ho	vtt_ngram_3	00:09:09.322	00:10:32.985	549.322	632.985	00:41:08.322	What might it mean, based on everything else the system knows about the space How might it relate to these personal things these social things, and these work things That can absolutely be done It is also sometimes useful to do drag and-drop image-collage wor
key_points_to_vtt_windows	key_point:021	🧭 Emoji quad outline topic tree	key_point	3	0.428113	0.75	vtt:ngram:3:0020	That is not ideal But one cool thing it can do is project back It can let us pre	vtt_ngram_3	00:08:40.500	00:09:59.448	520.5	599.448	00:40:39.500	That is not ideal But one cool thing it can do is project back It can let us predict what high-dimensional representation or high-dimensional embedding, would make sense if for example, I put something new here What might it mean, based on everything else the
key_points_to_vtt_windows	key_point:022	🧭 Emoji quad outline topic tree	key_point	1	0.581509	0.2	vtt:ngram:3:0018	higher-dimensional spaces I’m curious what you have thought about with respect t	vtt_ngram_3	00:07:59.337	00:09:08.985	479.337	548.985	00:39:58.337	higher-dimensional spaces I’m curious what you have thought about with respect to doing expressive work through this interface Yes We can actually project back There is a popular library called UMAP Learn that lets us do that UMAP is a common solution for dim
key_points_to_vtt_windows	key_point:022	🧭 Emoji quad outline topic tree	key_point	2	0.561487	0.8	vtt:ngram:3:0028	I have not done that yet I do not have it saying, for example that this belongs 	vtt_ngram_3	00:12:09.299	00:13:05.943	729.299	785.943	00:44:08.299	I have not done that yet I do not have it saying, for example that this belongs to a work cluster I do not have that kind of membership information at the moment, but it is doable Just looking at the 2D screen, I guess something like a Voronoi map would be th
key_points_to_vtt_windows	key_point:022	🧭 Emoji quad outline topic tree	key_point	3	0.559275	0.6	vtt:ngram:3:0025	to ask, just unmute and go right ahead I have one question I really liked what y	vtt_ngram_3	00:11:08.621	00:12:09.269	668.621	729.269	00:43:07.621	to ask, just unmute and go right ahead I have one question I really liked what you mentioned about reverse-projecting into high-dimensional spaces Mathematicians like to simplify things into spherical cows When modelling things in 2D, we model everything as p
key_points_to_vtt_windows	key_point:023	🧭 Emoji quad outline topic tree	key_point	1	0.455521	0.428571	vtt:ngram:3:0001	Hello I’m interested in the problem of how we as human beings, can get a good me	vtt_ngram_3	00:00:00.838	00:01:18.256	0.838	78.256	00:31:59.838	Hello I’m interested in the problem of how we as human beings, can get a good mental model of what is going on I want to understand things and make use of our high-bandwidth visual centres, which are very good at interpreting information efficiently I’m inter
key_points_to_vtt_windows	key_point:023	🧭 Emoji quad outline topic tree	key_point	2	0.443518	0.571429	vtt:ngram:3:0021	What might it mean, based on everything else the system knows about the space Ho	vtt_ngram_3	00:09:09.322	00:10:32.985	549.322	632.985	00:41:08.322	What might it mean, based on everything else the system knows about the space How might it relate to these personal things these social things, and these work things That can absolutely be done It is also sometimes useful to do drag and-drop image-collage wor
key_points_to_vtt_windows	key_point:023	🧭 Emoji quad outline topic tree	key_point	3	0.435732	0.571429	vtt:ngram:3:0020	That is not ideal But one cool thing it can do is project back It can let us pre	vtt_ngram_3	00:08:40.500	00:09:59.448	520.5	599.448	00:40:39.500	That is not ideal But one cool thing it can do is project back It can let us predict what high-dimensional representation or high-dimensional embedding, would make sense if for example, I put something new here What might it mean, based on everything else the
key_points_to_vtt_windows	key_point:024	🧭 Emoji quad outline topic tree	key_point	1	0.557753	0.5	vtt:ngram:3:0038	So I put aside my naive way of finding a few columns that had useful parameters,	vtt_ngram_3	00:15:46.764	00:16:44.675	946.764	1004.675	00:47:45.764	So I put aside my naive way of finding a few columns that had useful parameters, and tried to get my head around the whole higher-dimensional geometry they are using, because it seems more fundamental If that answers your question It does exactly That paper i
key_points_to_vtt_windows	key_point:024	🧭 Emoji quad outline topic tree	key_point	2	0.552005	0.5	vtt:ngram:3:0039	That paper is perfect We are finding that things have a definitive shape Whether	vtt_ngram_3	00:16:16.066	00:17:01.386	976.066	1021.386	00:48:15.066	That paper is perfect We are finding that things have a definitive shape Whether I am speaking Italian, German, French English, or some weird mixture, if I say a word like good, bad, evil, or positive, it is going to have some kind of shape When I am talking
key_points_to_vtt_windows	key_point:024	🧭 Emoji quad outline topic tree	key_point	3	0.542754	0.5	vtt:ngram:3:0033	word groups, and semantics One thing that this project is showing is that this i	vtt_ngram_3	00:13:48.553	00:14:51.756	828.553	891.756	00:45:47.553	word groups, and semantics One thing that this project is showing is that this is a kind of language I’m looking at Dining, Great Fire, and Prize Goods and there is a certain visual theme and linguistic theme to it I’m curious because you have clearly operate
key_points_to_vtt_windows	key_point:025	🧭 Emoji quad outline topic tree	key_point	1	0.572214	0.2	vtt:ngram:3:0027	line That is how many mind maps are presented Are there any ways of quantifying 	vtt_ngram_3	00:11:49.575	00:12:43.185	709.575	763.185	00:43:48.575	line That is how many mind maps are presented Are there any ways of quantifying the size of those embeddings on screen, so they are not just points and can be assigned a region of space Yes, that definitely could be done I have not done that yet I do not have
key_points_to_vtt_windows	key_point:025	🧭 Emoji quad outline topic tree	key_point	2	0.569845	0.0	vtt:ngram:3:0028	I have not done that yet I do not have it saying, for example that this belongs 	vtt_ngram_3	00:12:09.299	00:13:05.943	729.299	785.943	00:44:08.299	I have not done that yet I do not have it saying, for example that this belongs to a work cluster I do not have that kind of membership information at the moment, but it is doable Just looking at the 2D screen, I guess something like a Voronoi map would be th
key_points_to_vtt_windows	key_point:025	🧭 Emoji quad outline topic tree	key_point	3	0.55349	0.4	vtt:ngram:3:0036	That worked pretty well I would have a data set of different kinds of life event	vtt_ngram_3	00:14:53.344	00:16:16.048	893.344	976.048	00:46:52.344	That worked pretty well I would have a data set of different kinds of life events at different scales Then we could zoom in on ways to slice the normal embeddings we get for a piece of text and use that to predict something like salience in a really efficient
key_points_to_vtt_windows	key_point:026	🧭 Emoji quad outline topic tree	key_point	1	0.495821	1.0	vtt:ngram:3:0030	and embedding spaces, they are finding out some really cool things recently Part	vtt_ngram_3	00:12:43.215	00:13:48.333	763.215	828.333	00:44:42.215	and embedding spaces, they are finding out some really cool things recently Particular geometric patterns are being shared among completely different models We are starting to peer into that geometric representation space that they have learned in high dimens
key_points_to_vtt_windows	key_point:026	🧭 Emoji quad outline topic tree	key_point	2	0.471976	0.333333	vtt:ngram:3:0037	really efficient way Then the Manifold Steering paper came out It basically show	vtt_ngram_3	00:15:17.357	00:16:32.003	917.357	992.003	00:47:16.357	really efficient way Then the Manifold Steering paper came out It basically showed things like different dates mapping to a particular shape inside large language models They look at things like weekdays in different language models corresponding to certain s
key_points_to_vtt_windows	key_point:026	🧭 Emoji quad outline topic tree	key_point	3	0.457474	0.666667	vtt:ngram:3:0032	of an article I saw on Hacker News or somewhere around there It was an arXiv pap	vtt_ngram_3	00:13:31.348	00:14:23.403	811.348	863.403	00:45:30.348	of an article I saw on Hacker News or somewhere around there It was an arXiv paper, and it talked about that very thing Researchers had found that across a number of languages there was a very definite pattern to certain words word groups, and semantics One t
key_points_to_vtt_windows	key_point:027	🧭 Emoji quad outline topic tree	key_point	1	0.598126	1.0	vtt:ngram:3:0032	of an article I saw on Hacker News or somewhere around there It was an arXiv pap	vtt_ngram_3	00:13:31.348	00:14:23.403	811.348	863.403	00:45:30.348	of an article I saw on Hacker News or somewhere around there It was an arXiv paper, and it talked about that very thing Researchers had found that across a number of languages there was a very definite pattern to certain words word groups, and semantics One t
key_points_to_vtt_windows	key_point:027	🧭 Emoji quad outline topic tree	key_point	2	0.535022	0.666667	vtt:ngram:3:0031	People are interested in that from a machine-learning interpretability and safet	vtt_ngram_3	00:13:07.881	00:14:03.079	787.881	843.079	00:45:06.881	People are interested in that from a machine-learning interpretability and safety perspective as well Thanks We have time for one more question I have a quick one too That last point about high dimensionality and language reminds me of an article I saw on Hac
key_points_to_vtt_windows	key_point:027	🧭 Emoji quad outline topic tree	key_point	3	0.518269	0.333333	vtt:ngram:3:0033	word groups, and semantics One thing that this project is showing is that this i	vtt_ngram_3	00:13:48.553	00:14:51.756	828.553	891.756	00:45:47.553	word groups, and semantics One thing that this project is showing is that this is a kind of language I’m looking at Dining, Great Fire, and Prize Goods and there is a certain visual theme and linguistic theme to it I’m curious because you have clearly operate
key_points_to_vtt_windows	key_point:028	🧭 Emoji quad outline topic tree	key_point	1	0.542763	0.666667	vtt:ngram:3:0031	People are interested in that from a machine-learning interpretability and safet	vtt_ngram_3	00:13:07.881	00:14:03.079	787.881	843.079	00:45:06.881	People are interested in that from a machine-learning interpretability and safety perspective as well Thanks We have time for one more question I have a quick one too That last point about high dimensionality and language reminds me of an article I saw on Hac
key_points_to_vtt_windows	key_point:028	🧭 Emoji quad outline topic tree	key_point	2	0.459997	0.666667	vtt:ngram:3:0030	and embedding spaces, they are finding out some really cool things recently Part	vtt_ngram_3	00:12:43.215	00:13:48.333	763.215	828.333	00:44:42.215	and embedding spaces, they are finding out some really cool things recently Particular geometric patterns are being shared among completely different models We are starting to peer into that geometric representation space that they have learned in high dimens
key_points_to_vtt_windows	key_point:028	🧭 Emoji quad outline topic tree	key_point	3	0.420587	0.333333	vtt:ngram:3:0035	but for another person Dining means that Have you been able to express that at a	vtt_ngram_3	00:14:23.433	00:15:46.725	863.433	946.725	00:46:22.433	but for another person Dining means that Have you been able to express that at all One thing I was looking into was whether I could use off-the-shelf MiniLM embeddings to do salience prediction by extracting a few dimensions and maybe multiplying some of them
key_points_to_vtt_windows	key_point:029	🧭 Emoji quad outline topic tree	key_point	1	0.699992	0.8	vtt:ngram:3:0041	This is really cool to see It shows how it works on the data side Thank you Very	vtt_ngram_3	00:16:44.705	00:17:48.207	1004.705	1068.207	00:48:43.705	This is really cool to see It shows how it works on the data side Thank you Very cool I also love to point to Bob Horn Robert Horn, who coined the term visual language or at least popularised it He wrote a book about it He is a wise elder gentleman who lives
key_points_to_vtt_windows	key_point:029	🧭 Emoji quad outline topic tree	key_point	2	0.645141	1.0	vtt:ngram:3:0040	When I am talking to you and I can see that shape, that is another dimension we 	vtt_ngram_3	00:16:32.044	00:17:15.738	992.044	1035.738	00:48:31.044	When I am talking to you and I can see that shape, that is another dimension we can communicate across That is very much why I am trying to build my whole system What you are describing is that we need a visual medium for it This is really cool to see It show
key_points_to_vtt_windows	key_point:029	🧭 Emoji quad outline topic tree	key_point	3	0.588936	1.0	vtt:ngram:3:0039	That paper is perfect We are finding that things have a definitive shape Whether	vtt_ngram_3	00:16:16.066	00:17:01.386	976.066	1021.386	00:48:15.066	That paper is perfect We are finding that things have a definitive shape Whether I am speaking Italian, German, French English, or some weird mixture, if I say a word like good, bad, evil, or positive, it is going to have some kind of shape When I am talking
key_points_to_vtt_windows	key_point:030	🧭 Emoji quad outline topic tree	key_point	1	0.539522	0.666667	vtt:ngram:3:0043	Maybe a decade ago, he published some really cool PDFs to archive.org, after the	vtt_ngram_3	00:17:18.847	00:18:37.968	1038.847	1117.968	00:49:17.847	Maybe a decade ago, he published some really cool PDFs to archive.org, after they had already scanned his visual language book He has a very clear walkthrough of how this can make sense between us How can somebody have an inkling of what this is about by look
key_points_to_vtt_windows	key_point:030	🧭 Emoji quad outline topic tree	key_point	2	0.524712	0.666667	vtt:ngram:3:0044	about by looking at it, without actually knowing about Pepys and his life There 	vtt_ngram_3	00:17:48.237	00:19:06.191	1068.237	1146.191	00:49:47.237	about by looking at it, without actually knowing about Pepys and his life There are a whole load of language components that he talks about and explains why it is important to have text why it is important to have visuals how they fit together, and what level
key_points_to_vtt_windows	key_point:030	🧭 Emoji quad outline topic tree	key_point	3	0.490416	0.166667	vtt:ngram:3:0039	That paper is perfect We are finding that things have a definitive shape Whether	vtt_ngram_3	00:16:16.066	00:17:01.386	976.066	1021.386	00:48:15.066	That paper is perfect We are finding that things have a definitive shape Whether I am speaking Italian, German, French English, or some weird mixture, if I say a word like good, bad, evil, or positive, it is going to have some kind of shape When I am talking
key_points_to_vtt_windows	key_point:031	🧭 Emoji quad outline topic tree	key_point	1	0.460722	0.4	vtt:ngram:3:0046	visual language to check that out, because he has thought about this stuff a lot	vtt_ngram_3	00:18:37.998	00:19:52.373	1117.998	1192.373	00:50:36.998	visual language to check that out, because he has thought about this stuff a lot People have been using this kind of thing actively for things like studying pandemics How do we communicate with hundreds of different people who have different specialisms in di
key_points_to_vtt_windows	key_point:031	🧭 Emoji quad outline topic tree	key_point	2	0.446874	0.4	vtt:ngram:3:0047	risk areas How do we get them to collaborate and share their findings in a usefu	vtt_ngram_3	00:19:06.267	00:20:11.681	1146.267	1211.681	00:51:05.267	risk areas How do we get them to collaborate and share their findings in a useful way We might make a mess map, or an information mural or something like that There is a defined language that has been mapped out to some degree That does not mean there are no
key_points_to_vtt_windows	key_point:031	🧭 Emoji quad outline topic tree	key_point	3	0.413689	0.4	vtt:ngram:3:0045	how they fit together, and what level of abstraction works His book is probably 	vtt_ngram_3	00:18:14.048	00:19:29.365	1094.048	1169.365	00:50:13.048	how they fit together, and what level of abstraction works His book is probably from the 1980s or 1990s I do not know how well-known it is but it is out there on archive.org and he posted it as himself I encourage people who are wondering about the grammar of
key_points_to_vtt_windows	key_point:032	🧭 Emoji quad outline topic tree	key_point	1	0.560698	0.444444	vtt:ngram:3:0047	risk areas How do we get them to collaborate and share their findings in a usefu	vtt_ngram_3	00:19:06.267	00:20:11.681	1146.267	1211.681	00:51:05.267	risk areas How do we get them to collaborate and share their findings in a useful way We might make a mess map, or an information mural or something like that There is a defined language that has been mapped out to some degree That does not mean there are no
key_points_to_vtt_windows	key_point:032	🧭 Emoji quad outline topic tree	key_point	2	0.553842	0.444444	vtt:ngram:3:0046	visual language to check that out, because he has thought about this stuff a lot	vtt_ngram_3	00:18:37.998	00:19:52.373	1117.998	1192.373	00:50:36.998	visual language to check that out, because he has thought about this stuff a lot People have been using this kind of thing actively for things like studying pandemics How do we communicate with hundreds of different people who have different specialisms in di
key_points_to_vtt_windows	key_point:032	🧭 Emoji quad outline topic tree	key_point	3	0.540071	0.444444	vtt:ngram:3:0045	how they fit together, and what level of abstraction works His book is probably 	vtt_ngram_3	00:18:14.048	00:19:29.365	1094.048	1169.365	00:50:13.048	how they fit together, and what level of abstraction works His book is probably from the 1980s or 1990s I do not know how well-known it is but it is out there on archive.org and he posted it as himself I encourage people who are wondering about the grammar of
key_points_to_vtt_windows	key_point:033	🔑 Key terms	key_point	1	0.477517	0.444444	vtt:ngram:3:0001	Hello I’m interested in the problem of how we as human beings, can get a good me	vtt_ngram_3	00:00:00.838	00:01:18.256	0.838	78.256	00:31:59.838	Hello I’m interested in the problem of how we as human beings, can get a good mental model of what is going on I want to understand things and make use of our high-bandwidth visual centres, which are very good at interpreting information efficiently I’m inter
key_points_to_vtt_windows	key_point:033	🔑 Key terms	key_point	2	0.38454	0.333333	vtt:ngram:3:0025	to ask, just unmute and go right ahead I have one question I really liked what y	vtt_ngram_3	00:11:08.621	00:12:09.269	668.621	729.269	00:43:07.621	to ask, just unmute and go right ahead I have one question I really liked what you mentioned about reverse-projecting into high-dimensional spaces Mathematicians like to simplify things into spherical cows When modelling things in 2D, we model everything as p
key_points_to_vtt_windows	key_point:033	🔑 Key terms	key_point	3	0.371298	0.222222	vtt:ngram:3:0037	really efficient way Then the Manifold Steering paper came out It basically show	vtt_ngram_3	00:15:17.357	00:16:32.003	917.357	992.003	00:47:16.357	really efficient way Then the Manifold Steering paper came out It basically showed things like different dates mapping to a particular shape inside large language models They look at things like weekdays in different language models corresponding to certain s
key_points_to_vtt_windows	key_point:034	🔑 Key terms	key_point	1	0.541561	0.818182	vtt:ngram:3:0001	Hello I’m interested in the problem of how we as human beings, can get a good me	vtt_ngram_3	00:00:00.838	00:01:18.256	0.838	78.256	00:31:59.838	Hello I’m interested in the problem of how we as human beings, can get a good mental model of what is going on I want to understand things and make use of our high-bandwidth visual centres, which are very good at interpreting information efficiently I’m inter
key_points_to_vtt_windows	key_point:034	🔑 Key terms	key_point	2	0.451465	0.181818	vtt:ngram:3:0040	When I am talking to you and I can see that shape, that is another dimension we 	vtt_ngram_3	00:16:32.044	00:17:15.738	992.044	1035.738	00:48:31.044	When I am talking to you and I can see that shape, that is another dimension we can communicate across That is very much why I am trying to build my whole system What you are describing is that we need a visual medium for it This is really cool to see It show
key_points_to_vtt_windows	key_point:034	🔑 Key terms	key_point	3	0.447074	0.181818	vtt:ngram:3:0041	This is really cool to see It shows how it works on the data side Thank you Very	vtt_ngram_3	00:16:44.705	00:17:48.207	1004.705	1068.207	00:48:43.705	This is really cool to see It shows how it works on the data side Thank you Very cool I also love to point to Bob Horn Robert Horn, who coined the term visual language or at least popularised it He wrote a book about it He is a wise elder gentleman who lives
key_points_to_vtt_windows	key_point:035	🔑 Key terms	key_point	1	0.53508	0.714286	vtt:ngram:3:0030	and embedding spaces, they are finding out some really cool things recently Part	vtt_ngram_3	00:12:43.215	00:13:48.333	763.215	828.333	00:44:42.215	and embedding spaces, they are finding out some really cool things recently Particular geometric patterns are being shared among completely different models We are starting to peer into that geometric representation space that they have learned in high dimens
key_points_to_vtt_windows	key_point:035	🔑 Key terms	key_point	2	0.526157	0.857143	vtt:ngram:3:0018	higher-dimensional spaces I’m curious what you have thought about with respect t	vtt_ngram_3	00:07:59.337	00:09:08.985	479.337	548.985	00:39:58.337	higher-dimensional spaces I’m curious what you have thought about with respect to doing expressive work through this interface Yes We can actually project back There is a popular library called UMAP Learn that lets us do that UMAP is a common solution for dim
key_points_to_vtt_windows	key_point:035	🔑 Key terms	key_point	3	0.511263	0.714286	vtt:ngram:3:0002	information efficiently I’m interested in how things like embeddings, generated 	vtt_ngram_3	00:00:25.679	00:01:42.276	25.679	102.276	00:32:24.679	information efficiently I’m interested in how things like embeddings, generated categories, different kinds of relationships and graph structures can be used to make useful visualisations that do not look like a mess Speaking of which, this looks like a mess
key_points_to_vtt_windows	key_point:036	🔑 Key terms	key_point	1	0.664314	0.6	vtt:ngram:3:0002	information efficiently I’m interested in how things like embeddings, generated 	vtt_ngram_3	00:00:25.679	00:01:42.276	25.679	102.276	00:32:24.679	information efficiently I’m interested in how things like embeddings, generated categories, different kinds of relationships and graph structures can be used to make useful visualisations that do not look like a mess Speaking of which, this looks like a mess
key_points_to_vtt_windows	key_point:036	🔑 Key terms	key_point	2	0.650591	0.6	vtt:ngram:3:0018	higher-dimensional spaces I’m curious what you have thought about with respect t	vtt_ngram_3	00:07:59.337	00:09:08.985	479.337	548.985	00:39:58.337	higher-dimensional spaces I’m curious what you have thought about with respect to doing expressive work through this interface Yes We can actually project back There is a popular library called UMAP Learn that lets us do that UMAP is a common solution for dim
key_points_to_vtt_windows	key_point:036	🔑 Key terms	key_point	3	0.633607	0.6	vtt:ngram:3:0001	Hello I’m interested in the problem of how we as human beings, can get a good me	vtt_ngram_3	00:00:00.838	00:01:18.256	0.838	78.256	00:31:59.838	Hello I’m interested in the problem of how we as human beings, can get a good mental model of what is going on I want to understand things and make use of our high-bandwidth visual centres, which are very good at interpreting information efficiently I’m inter
key_points_to_vtt_windows	key_point:037	🔑 Key terms	key_point	1	0.477252	0.2	vtt:ngram:3:0001	Hello I’m interested in the problem of how we as human beings, can get a good me	vtt_ngram_3	00:00:00.838	00:01:18.256	0.838	78.256	00:31:59.838	Hello I’m interested in the problem of how we as human beings, can get a good mental model of what is going on I want to understand things and make use of our high-bandwidth visual centres, which are very good at interpreting information efficiently I’m inter
key_points_to_vtt_windows	key_point:037	🔑 Key terms	key_point	2	0.470765	0.3	vtt:ngram:3:0002	information efficiently I’m interested in how things like embeddings, generated 	vtt_ngram_3	00:00:25.679	00:01:42.276	25.679	102.276	00:32:24.679	information efficiently I’m interested in how things like embeddings, generated categories, different kinds of relationships and graph structures can be used to make useful visualisations that do not look like a mess Speaking of which, this looks like a mess
key_points_to_vtt_windows	key_point:037	🔑 Key terms	key_point	3	0.456735	0.3	vtt:ngram:3:0027	line That is how many mind maps are presented Are there any ways of quantifying 	vtt_ngram_3	00:11:49.575	00:12:43.185	709.575	763.185	00:43:48.575	line That is how many mind maps are presented Are there any ways of quantifying the size of those embeddings on screen, so they are not just points and can be assigned a region of space Yes, that definitely could be done I have not done that yet I do not have
key_points_to_vtt_windows	key_point:038	🔑 Key terms	key_point	1	0.644453	0.375	vtt:ngram:3:0006	But then we have to tweak all kinds of fiddly variables to keep the semantic int	vtt_ngram_3	00:02:06.681	00:03:49.380	126.681	229.38	00:34:05.681	But then we have to tweak all kinds of fiddly variables to keep the semantic integrity authentic It is also a bit of a kludge to switch to a different kind of algorithm at presentation time without any consideration of the semantic embeddings themselves I hav
key_points_to_vtt_windows	key_point:038	🔑 Key terms	key_point	2	0.567873	0.375	vtt:ngram:3:0005	added When we add that dimension, we then have to decide what to do about overla	vtt_ngram_3	00:01:42.557	00:03:15.272	102.557	195.272	00:33:41.557	added When we add that dimension, we then have to decide what to do about overlap One common thing people do is use a force-directed effect: if one node is too close to another node the nodes push themselves apart But then we have to tweak all kinds of fiddly
key_points_to_vtt_windows	key_point:038	🔑 Key terms	key_point	3	0.544864	0.375	vtt:ngram:3:0007	process happens in multiple stages, but those stages are aware of the semantic r	vtt_ngram_3	00:02:47.665	00:04:20.369	167.665	260.369	00:34:46.665	process happens in multiple stages, but those stages are aware of the semantic relationships between the nodes They use those relationships to find a good non-overlapping position for the nodes That gets us something a bit like this It has no overlap, which i
key_points_to_vtt_windows	key_point:039	🔑 Key terms	key_point	1	0.568376	0.5	vtt:ngram:3:0005	added When we add that dimension, we then have to decide what to do about overla	vtt_ngram_3	00:01:42.557	00:03:15.272	102.557	195.272	00:33:41.557	added When we add that dimension, we then have to decide what to do about overlap One common thing people do is use a force-directed effect: if one node is too close to another node the nodes push themselves apart But then we have to tweak all kinds of fiddly
key_points_to_vtt_windows	key_point:039	🔑 Key terms	key_point	2	0.499572	0.571429	vtt:ngram:3:0004	two-dimensional space That should not be surprising, but it is really annoying T	vtt_ngram_3	00:01:18.504	00:02:45.924	78.504	165.924	00:33:17.504	two-dimensional space That should not be surprising, but it is really annoying The reason this happens is that each item is mathematically just a point It does not have any dimension in the two-dimensional representation unless that dimension is deliberately
key_points_to_vtt_windows	key_point:039	🔑 Key terms	key_point	3	0.470988	0.5	vtt:ngram:3:0003	This is what happens when a data set of topics is projected down from high-dimen	vtt_ngram_3	00:00:52.468	00:02:06.651	52.468	126.651	00:32:51.468	This is what happens when a data set of topics is projected down from high-dimensional space into 2D space We should expect it to be a mess We should expect overlap By default, there is not a clean reduction down to two-dimensional space That should not be su
key_points_to_vtt_windows	key_point:040	🔑 Key terms	key_point	1	0.706143	0.545455	vtt:ngram:3:0018	higher-dimensional spaces I’m curious what you have thought about with respect t	vtt_ngram_3	00:07:59.337	00:09:08.985	479.337	548.985	00:39:58.337	higher-dimensional spaces I’m curious what you have thought about with respect to doing expressive work through this interface Yes We can actually project back There is a popular library called UMAP Learn that lets us do that UMAP is a common solution for dim
key_points_to_vtt_windows	key_point:040	🔑 Key terms	key_point	2	0.703609	0.545455	vtt:ngram:3:0019	us do that UMAP is a common solution for dimensionality reduction of high dimens	vtt_ngram_3	00:08:16.200	00:09:28.845	496.2	568.845	00:40:15.200	us do that UMAP is a common solution for dimensionality reduction of high dimensional data It does not have a global objective It is mostly local, which means it might mess up how things fit together in aggregate That is not ideal But one cool thing it can do
key_points_to_vtt_windows	key_point:040	🔑 Key terms	key_point	3	0.637572	0.636364	vtt:ngram:3:0017	information, or presents a visualisation of something is also potentially a good	vtt_ngram_3	00:07:44.079	00:08:40.395	464.079	520.395	00:39:43.079	information, or presents a visualisation of something is also potentially a good interface through which we can express something There are two sides to every interface So far, you have talked about what this interface is revealing, what it is showing, and ho
key_points_to_vtt_windows	key_point:041	🔑 Key terms	key_point	1	0.604154	0.583333	vtt:ngram:3:0025	to ask, just unmute and go right ahead I have one question I really liked what y	vtt_ngram_3	00:11:08.621	00:12:09.269	668.621	729.269	00:43:07.621	to ask, just unmute and go right ahead I have one question I really liked what you mentioned about reverse-projecting into high-dimensional spaces Mathematicians like to simplify things into spherical cows When modelling things in 2D, we model everything as p
key_points_to_vtt_windows	key_point:041	🔑 Key terms	key_point	2	0.603674	0.416667	vtt:ngram:3:0018	higher-dimensional spaces I’m curious what you have thought about with respect t	vtt_ngram_3	00:07:59.337	00:09:08.985	479.337	548.985	00:39:58.337	higher-dimensional spaces I’m curious what you have thought about with respect to doing expressive work through this interface Yes We can actually project back There is a popular library called UMAP Learn that lets us do that UMAP is a common solution for dim
key_points_to_vtt_windows	key_point:041	🔑 Key terms	key_point	3	0.574185	0.583333	vtt:ngram:3:0024	I perform a rotation that anchors two points When I regenerate the map, the enti	vtt_ngram_3	00:10:36.123	00:11:49.545	636.123	709.545	00:42:35.123	I perform a rotation that anchors two points When I regenerate the map, the entire map coheres which is really nice, especially for adding or removing points We have time for maybe two more questions If anybody in the audience has something they would like to
key_points_to_vtt_windows	key_point:042	🔑 Key terms	key_point	1	0.590881	0.5	vtt:ngram:3:0013	There is a lot that could be done I do have large-language-model-generated salie	vtt_ngram_3	00:05:54.978	00:07:20.445	354.978	440.445	00:37:53.978	There is a lot that could be done I do have large-language-model-generated salience scores for some of the topics I use those to adjust the scale and opacity of some nodes For instance, there is a woman who was loosely related to some people in this area thro
key_points_to_vtt_windows	key_point:042	🔑 Key terms	key_point	2	0.508729	0.416667	vtt:ngram:3:0012	That probably helps a little bit What would be more useful is a zoomable user in	vtt_ngram_3	00:05:28.937	00:06:53.046	328.937	413.046	00:37:27.937	That probably helps a little bit What would be more useful is a zoomable user interface where we can look at different things at different levels and see different zoom states, very much like what Ivan Lugo was talking about earlier I have not done much with
key_points_to_vtt_windows	key_point:042	🔑 Key terms	key_point	3	0.464759	0.5	vtt:ngram:3:0014	loosely related to some people in this area through gossip She is not as central	vtt_ngram_3	00:06:25.199	00:07:43.618	385.199	463.618	00:38:24.199	loosely related to some people in this area through gossip She is not as central to Pepys’s life Her centrality is low, but she is still an interesting figure She is not at full opacity, because she is not worth foregrounding from the broad overview perspecti
key_points_to_vtt_windows	key_point:043	🔑 Key terms	key_point	1	0.608358	0.818182	vtt:ngram:3:0012	That probably helps a little bit What would be more useful is a zoomable user in	vtt_ngram_3	00:05:28.937	00:06:53.046	328.937	413.046	00:37:27.937	That probably helps a little bit What would be more useful is a zoomable user interface where we can look at different things at different levels and see different zoom states, very much like what Ivan Lugo was talking about earlier I have not done much with
key_points_to_vtt_windows	key_point:043	🔑 Key terms	key_point	2	0.604609	0.727273	vtt:ngram:3:0011	with a fittingly emptier area around it So the semantic integrity is good, but i	vtt_ngram_3	00:04:59.694	00:06:25.169	299.694	385.169	00:36:58.694	with a fittingly emptier area around it So the semantic integrity is good, but it is still not very intuitive These days we have image generators, so I semi-manually and semi-automatically generated icons for the topics That probably helps a little bit What w
key_points_to_vtt_windows	key_point:043	🔑 Key terms	key_point	3	0.581253	0.181818	vtt:ngram:3:0015	worth foregrounding from the broad overview perspective of his life When I am zo	vtt_ngram_3	00:06:53.174	00:07:59.307	413.174	479.307	00:38:52.174	worth foregrounding from the broad overview perspective of his life When I am zoomed out, the map shows things that are high-rank and high-salience, or some combination of those When I zoom in, it shows more nodes without fading them out That is basically as
key_points_to_vtt_windows	key_point:044	🔑 Key terms	key_point	1	0.663613	0.5	vtt:ngram:3:0037	really efficient way Then the Manifold Steering paper came out It basically show	vtt_ngram_3	00:15:17.357	00:16:32.003	917.357	992.003	00:47:16.357	really efficient way Then the Manifold Steering paper came out It basically showed things like different dates mapping to a particular shape inside large language models They look at things like weekdays in different language models corresponding to certain s
key_points_to_vtt_windows	key_point:044	🔑 Key terms	key_point	2	0.593406	0.5	vtt:ngram:3:0036	That worked pretty well I would have a data set of different kinds of life event	vtt_ngram_3	00:14:53.344	00:16:16.048	893.344	976.048	00:46:52.344	That worked pretty well I would have a data set of different kinds of life events at different scales Then we could zoom in on ways to slice the normal embeddings we get for a piece of text and use that to predict something like salience in a really efficient
key_points_to_vtt_windows	key_point:044	🔑 Key terms	key_point	3	0.512929	0.1	vtt:ngram:3:0029	a Voronoi map would be the easiest approach But there is this underlying structu	vtt_ngram_3	00:12:23.669	00:13:31.318	743.669	811.318	00:44:22.669	a Voronoi map would be the easiest approach But there is this underlying structure in the projection where different sections of the embedding space occupy different parts of the screen Yes In terms of what people are doing with pretrained models and embeddin
key_points_to_vtt_windows	key_point:045	🔑 Key terms	key_point	1	0.581776	0.714286	vtt:ngram:3:0044	about by looking at it, without actually knowing about Pepys and his life There 	vtt_ngram_3	00:17:48.237	00:19:06.191	1068.237	1146.191	00:49:47.237	about by looking at it, without actually knowing about Pepys and his life There are a whole load of language components that he talks about and explains why it is important to have text why it is important to have visuals how they fit together, and what level
key_points_to_vtt_windows	key_point:045	🔑 Key terms	key_point	2	0.580232	0.714286	vtt:ngram:3:0043	Maybe a decade ago, he published some really cool PDFs to archive.org, after the	vtt_ngram_3	00:17:18.847	00:18:37.968	1038.847	1117.968	00:49:17.847	Maybe a decade ago, he published some really cool PDFs to archive.org, after they had already scanned his visual language book He has a very clear walkthrough of how this can make sense between us How can somebody have an inkling of what this is about by look
key_points_to_vtt_windows	key_point:045	🔑 Key terms	key_point	3	0.575412	0.285714	vtt:ngram:3:0041	This is really cool to see It shows how it works on the data side Thank you Very	vtt_ngram_3	00:16:44.705	00:17:48.207	1004.705	1068.207	00:48:43.705	This is really cool to see It shows how it works on the data side Thank you Very cool I also love to point to Bob Horn Robert Horn, who coined the term visual language or at least popularised it He wrote a book about it He is a wise elder gentleman who lives
key_points_to_vtt_windows	key_point:046	🔑 Key terms	key_point	1	0.542487	0.454545	vtt:ngram:3:0046	visual language to check that out, because he has thought about this stuff a lot	vtt_ngram_3	00:18:37.998	00:19:52.373	1117.998	1192.373	00:50:36.998	visual language to check that out, because he has thought about this stuff a lot People have been using this kind of thing actively for things like studying pandemics How do we communicate with hundreds of different people who have different specialisms in di
key_points_to_vtt_windows	key_point:046	🔑 Key terms	key_point	2	0.537465	0.454545	vtt:ngram:3:0045	how they fit together, and what level of abstraction works His book is probably 	vtt_ngram_3	00:18:14.048	00:19:29.365	1094.048	1169.365	00:50:13.048	how they fit together, and what level of abstraction works His book is probably from the 1980s or 1990s I do not know how well-known it is but it is out there on archive.org and he posted it as himself I encourage people who are wondering about the grammar of
key_points_to_vtt_windows	key_point:046	🔑 Key terms	key_point	3	0.514645	0.363636	vtt:ngram:3:0047	risk areas How do we get them to collaborate and share their findings in a usefu	vtt_ngram_3	00:19:06.267	00:20:11.681	1146.267	1211.681	00:51:05.267	risk areas How do we get them to collaborate and share their findings in a useful way We might make a mess map, or an information mural or something like that There is a defined language that has been mapped out to some degree That does not mean there are no
key_points_to_vtt_windows	key_point:047	🧵 Key themes	key_point	1	0.503026	0.357143	vtt:ngram:3:0001	Hello I’m interested in the problem of how we as human beings, can get a good me	vtt_ngram_3	00:00:00.838	00:01:18.256	0.838	78.256	00:31:59.838	Hello I’m interested in the problem of how we as human beings, can get a good mental model of what is going on I want to understand things and make use of our high-bandwidth visual centres, which are very good at interpreting information efficiently I’m inter
key_points_to_vtt_windows	key_point:047	🧵 Key themes	key_point	2	0.393278	0.214286	vtt:ngram:3:0010	Gold fits into a psychological kind of cluster for him Likewise, his main occupa	vtt_ngram_3	00:04:26.415	00:05:54.948	266.415	354.948	00:36:25.415	Gold fits into a psychological kind of cluster for him Likewise, his main occupational duties are in a place, and there is a Navy cluster There is also the Great Fire of London with a fittingly emptier area around it So the semantic integrity is good, but it
key_points_to_vtt_windows	key_point:047	🧵 Key themes	key_point	3	0.392492	0.214286	vtt:ngram:3:0036	That worked pretty well I would have a data set of different kinds of life event	vtt_ngram_3	00:14:53.344	00:16:16.048	893.344	976.048	00:46:52.344	That worked pretty well I would have a data set of different kinds of life events at different scales Then we could zoom in on ways to slice the normal embeddings we get for a piece of text and use that to predict something like salience in a really efficient
key_points_to_vtt_windows	key_point:048	🧵 Key themes	key_point	1	0.468433	0.214286	vtt:ngram:3:0026	But in an actual 2D space, things also have dimensions They have shapes We also 	vtt_ngram_3	00:11:30.422	00:12:23.639	690.422	743.639	00:43:29.422	But in an actual 2D space, things also have dimensions They have shapes We also think in categories On the screen, in a user interface many of those things could be grouped together by putting them in a box, or surrounding them with a line That is how many mi
key_points_to_vtt_windows	key_point:048	🧵 Key themes	key_point	2	0.443036	0.214286	vtt:ngram:3:0038	So I put aside my naive way of finding a few columns that had useful parameters,	vtt_ngram_3	00:15:46.764	00:16:44.675	946.764	1004.675	00:47:45.764	So I put aside my naive way of finding a few columns that had useful parameters, and tried to get my head around the whole higher-dimensional geometry they are using, because it seems more fundamental If that answers your question It does exactly That paper i
key_points_to_vtt_windows	key_point:048	🧵 Key themes	key_point	3	0.431552	0.142857	vtt:ngram:3:0033	word groups, and semantics One thing that this project is showing is that this i	vtt_ngram_3	00:13:48.553	00:14:51.756	828.553	891.756	00:45:47.553	word groups, and semantics One thing that this project is showing is that this is a kind of language I’m looking at Dining, Great Fire, and Prize Goods and there is a certain visual theme and linguistic theme to it I’m curious because you have clearly operate
key_points_to_vtt_windows	key_point:049	🧵 Key themes	key_point	1	0.593722	0.4	vtt:ngram:3:0039	That paper is perfect We are finding that things have a definitive shape Whether	vtt_ngram_3	00:16:16.066	00:17:01.386	976.066	1021.386	00:48:15.066	That paper is perfect We are finding that things have a definitive shape Whether I am speaking Italian, German, French English, or some weird mixture, if I say a word like good, bad, evil, or positive, it is going to have some kind of shape When I am talking
key_points_to_vtt_windows	key_point:049	🧵 Key themes	key_point	2	0.580606	0.4	vtt:ngram:3:0040	When I am talking to you and I can see that shape, that is another dimension we 	vtt_ngram_3	00:16:32.044	00:17:15.738	992.044	1035.738	00:48:31.044	When I am talking to you and I can see that shape, that is another dimension we can communicate across That is very much why I am trying to build my whole system What you are describing is that we need a visual medium for it This is really cool to see It show
key_points_to_vtt_windows	key_point:049	🧵 Key themes	key_point	3	0.562302	0.333333	vtt:ngram:3:0045	how they fit together, and what level of abstraction works His book is probably 	vtt_ngram_3	00:18:14.048	00:19:29.365	1094.048	1169.365	00:50:13.048	how they fit together, and what level of abstraction works His book is probably from the 1980s or 1990s I do not know how well-known it is but it is out there on archive.org and he posted it as himself I encourage people who are wondering about the grammar of
key_points_to_vtt_windows	key_point:050	🧵 Key themes	key_point	1	0.61169	0.5	vtt:ngram:3:0016	That is basically as far as I have got with that I’m going to do the thing and j	vtt_ngram_3	00:07:24.427	00:08:16.171	444.427	496.171	00:39:23.427	That is basically as far as I have got with that I’m going to do the thing and jump in with a question in the middle That’s the format I have this weird personal belief: any interface that presents information, or presents a visualisation of something is also
key_points_to_vtt_windows	key_point:050	🧵 Key themes	key_point	2	0.577036	0.555556	vtt:ngram:3:0015	worth foregrounding from the broad overview perspective of his life When I am zo	vtt_ngram_3	00:06:53.174	00:07:59.307	413.174	479.307	00:38:52.174	worth foregrounding from the broad overview perspective of his life When I am zoomed out, the map shows things that are high-rank and high-salience, or some combination of those When I zoom in, it shows more nodes without fading them out That is basically as
key_points_to_vtt_windows	key_point:050	🧵 Key themes	key_point	3	0.555702	0.5	vtt:ngram:3:0017	information, or presents a visualisation of something is also potentially a good	vtt_ngram_3	00:07:44.079	00:08:40.395	464.079	520.395	00:39:43.079	information, or presents a visualisation of something is also potentially a good interface through which we can express something There are two sides to every interface So far, you have talked about what this interface is revealing, what it is showing, and ho
key_points_to_vtt_windows	key_point:051	🧵 Key themes	key_point	1	0.680138	0.5	vtt:ngram:3:0030	and embedding spaces, they are finding out some really cool things recently Part	vtt_ngram_3	00:12:43.215	00:13:48.333	763.215	828.333	00:44:42.215	and embedding spaces, they are finding out some really cool things recently Particular geometric patterns are being shared among completely different models We are starting to peer into that geometric representation space that they have learned in high dimens
key_points_to_vtt_windows	key_point:051	🧵 Key themes	key_point	2	0.640771	0.357143	vtt:ngram:3:0029	a Voronoi map would be the easiest approach But there is this underlying structu	vtt_ngram_3	00:12:23.669	00:13:31.318	743.669	811.318	00:44:22.669	a Voronoi map would be the easiest approach But there is this underlying structure in the projection where different sections of the embedding space occupy different parts of the screen Yes In terms of what people are doing with pretrained models and embeddin
key_points_to_vtt_windows	key_point:051	🧵 Key themes	key_point	3	0.61096	0.357143	vtt:ngram:3:0028	I have not done that yet I do not have it saying, for example that this belongs 	vtt_ngram_3	00:12:09.299	00:13:05.943	729.299	785.943	00:44:08.299	I have not done that yet I do not have it saying, for example that this belongs to a work cluster I do not have that kind of membership information at the moment, but it is doable Just looking at the 2D screen, I guess something like a Voronoi map would be th
key_points_to_vtt_windows	key_point:052	🧵 Key themes	key_point	1	0.552192	0.285714	vtt:ngram:3:0046	visual language to check that out, because he has thought about this stuff a lot	vtt_ngram_3	00:18:37.998	00:19:52.373	1117.998	1192.373	00:50:36.998	visual language to check that out, because he has thought about this stuff a lot People have been using this kind of thing actively for things like studying pandemics How do we communicate with hundreds of different people who have different specialisms in di
key_points_to_vtt_windows	key_point:052	🧵 Key themes	key_point	2	0.5395	0.285714	vtt:ngram:3:0045	how they fit together, and what level of abstraction works His book is probably 	vtt_ngram_3	00:18:14.048	00:19:29.365	1094.048	1169.365	00:50:13.048	how they fit together, and what level of abstraction works His book is probably from the 1980s or 1990s I do not know how well-known it is but it is out there on archive.org and he posted it as himself I encourage people who are wondering about the grammar of
key_points_to_vtt_windows	key_point:052	🧵 Key themes	key_point	3	0.532866	0.214286	vtt:ngram:3:0001	Hello I’m interested in the problem of how we as human beings, can get a good me	vtt_ngram_3	00:00:00.838	00:01:18.256	0.838	78.256	00:31:59.838	Hello I’m interested in the problem of how we as human beings, can get a good mental model of what is going on I want to understand things and make use of our high-bandwidth visual centres, which are very good at interpreting information efficiently I’m inter
key_points_to_vtt_windows	key_point:053	⚠️ Key problems and proposed solutions	key_point	1	0.619123	0.2	vtt:ngram:3:0002	information efficiently I’m interested in how things like embeddings, generated 	vtt_ngram_3	00:00:25.679	00:01:42.276	25.679	102.276	00:32:24.679	information efficiently I’m interested in how things like embeddings, generated categories, different kinds of relationships and graph structures can be used to make useful visualisations that do not look like a mess Speaking of which, this looks like a mess
key_points_to_vtt_windows	key_point:053	⚠️ Key problems and proposed solutions	key_point	2	0.584459	0.2	vtt:ngram:3:0004	two-dimensional space That should not be surprising, but it is really annoying T	vtt_ngram_3	00:01:18.504	00:02:45.924	78.504	165.924	00:33:17.504	two-dimensional space That should not be surprising, but it is really annoying The reason this happens is that each item is mathematically just a point It does not have any dimension in the two-dimensional representation unless that dimension is deliberately
key_points_to_vtt_windows	key_point:053	⚠️ Key problems and proposed solutions	key_point	3	0.580939	0.2	vtt:ngram:3:0003	This is what happens when a data set of topics is projected down from high-dimen	vtt_ngram_3	00:00:52.468	00:02:06.651	52.468	126.651	00:32:51.468	This is what happens when a data set of topics is projected down from high-dimensional space into 2D space We should expect it to be a mess We should expect overlap By default, there is not a clean reduction down to two-dimensional space That should not be su
key_points_to_vtt_windows	key_point:054	⚠️ Key problems and proposed solutions	key_point	1	0.61383	0.466667	vtt:ngram:3:0026	But in an actual 2D space, things also have dimensions They have shapes We also 	vtt_ngram_3	00:11:30.422	00:12:23.639	690.422	743.639	00:43:29.422	But in an actual 2D space, things also have dimensions They have shapes We also think in categories On the screen, in a user interface many of those things could be grouped together by putting them in a box, or surrounding them with a line That is how many mi
key_points_to_vtt_windows	key_point:054	⚠️ Key problems and proposed solutions	key_point	2	0.555535	0.333333	vtt:ngram:3:0027	line That is how many mind maps are presented Are there any ways of quantifying 	vtt_ngram_3	00:11:49.575	00:12:43.185	709.575	763.185	00:43:48.575	line That is how many mind maps are presented Are there any ways of quantifying the size of those embeddings on screen, so they are not just points and can be assigned a region of space Yes, that definitely could be done I have not done that yet I do not have
key_points_to_vtt_windows	key_point:054	⚠️ Key problems and proposed solutions	key_point	3	0.548544	0.466667	vtt:ngram:3:0025	to ask, just unmute and go right ahead I have one question I really liked what y	vtt_ngram_3	00:11:08.621	00:12:09.269	668.621	729.269	00:43:07.621	to ask, just unmute and go right ahead I have one question I really liked what you mentioned about reverse-projecting into high-dimensional spaces Mathematicians like to simplify things into spherical cows When modelling things in 2D, we model everything as p
key_points_to_vtt_windows	key_point:055	⚠️ Key problems and proposed solutions	key_point	1	0.585456	0.375	vtt:ngram:3:0005	added When we add that dimension, we then have to decide what to do about overla	vtt_ngram_3	00:01:42.557	00:03:15.272	102.557	195.272	00:33:41.557	added When we add that dimension, we then have to decide what to do about overlap One common thing people do is use a force-directed effect: if one node is too close to another node the nodes push themselves apart But then we have to tweak all kinds of fiddly
key_points_to_vtt_windows	key_point:055	⚠️ Key problems and proposed solutions	key_point	2	0.575758	0.375	vtt:ngram:3:0006	But then we have to tweak all kinds of fiddly variables to keep the semantic int	vtt_ngram_3	00:02:06.681	00:03:49.380	126.681	229.38	00:34:05.681	But then we have to tweak all kinds of fiddly variables to keep the semantic integrity authentic It is also a bit of a kludge to switch to a different kind of algorithm at presentation time without any consideration of the semantic embeddings themselves I hav
key_points_to_vtt_windows	key_point:055	⚠️ Key problems and proposed solutions	key_point	3	0.528116	0.375	vtt:ngram:3:0007	process happens in multiple stages, but those stages are aware of the semantic r	vtt_ngram_3	00:02:47.665	00:04:20.369	167.665	260.369	00:34:46.665	process happens in multiple stages, but those stages are aware of the semantic relationships between the nodes They use those relationships to find a good non-overlapping position for the nodes That gets us something a bit like this It has no overlap, which i
key_points_to_vtt_windows	key_point:056	⚠️ Key problems and proposed solutions	key_point	1	0.628537	0.461538	vtt:ngram:3:0005	added When we add that dimension, we then have to decide what to do about overla	vtt_ngram_3	00:01:42.557	00:03:15.272	102.557	195.272	00:33:41.557	added When we add that dimension, we then have to decide what to do about overlap One common thing people do is use a force-directed effect: if one node is too close to another node the nodes push themselves apart But then we have to tweak all kinds of fiddly
key_points_to_vtt_windows	key_point:056	⚠️ Key problems and proposed solutions	key_point	2	0.598717	0.461538	vtt:ngram:3:0004	two-dimensional space That should not be surprising, but it is really annoying T	vtt_ngram_3	00:01:18.504	00:02:45.924	78.504	165.924	00:33:17.504	two-dimensional space That should not be surprising, but it is really annoying The reason this happens is that each item is mathematically just a point It does not have any dimension in the two-dimensional representation unless that dimension is deliberately
key_points_to_vtt_windows	key_point:056	⚠️ Key problems and proposed solutions	key_point	3	0.587143	0.307692	vtt:ngram:3:0006	But then we have to tweak all kinds of fiddly variables to keep the semantic int	vtt_ngram_3	00:02:06.681	00:03:49.380	126.681	229.38	00:34:05.681	But then we have to tweak all kinds of fiddly variables to keep the semantic integrity authentic It is also a bit of a kludge to switch to a different kind of algorithm at presentation time without any consideration of the semantic embeddings themselves I hav
key_points_to_vtt_windows	key_point:057	⚠️ Key problems and proposed solutions	key_point	1	0.667384	0.769231	vtt:ngram:3:0023	Another common problem is that the orientation can flip around whenever one of t	vtt_ngram_3	00:10:07.891	00:11:30.362	607.891	690.362	00:42:06.891	Another common problem is that the orientation can flip around whenever one of these maps is regenerated There are different ways of doing dimensionality reduction and they are often based on a random seed or on other stochastic things, that make it hard to k
key_points_to_vtt_windows	key_point:057	⚠️ Key problems and proposed solutions	key_point	2	0.628451	0.769231	vtt:ngram:3:0022	It is also sometimes useful to do drag and-drop image-collage work People often 	vtt_ngram_3	00:09:28.875	00:11:08.591	568.875	668.591	00:41:27.875	It is also sometimes useful to do drag and-drop image-collage work People often prefer paper for this kind of reason It is a real pain, when working digitally to lose the ability to arrange things freely So yes, I think that would be powerful Another common p
key_points_to_vtt_windows	key_point:057	⚠️ Key problems and proposed solutions	key_point	3	0.571536	0.384615	vtt:ngram:3:0024	I perform a rotation that anchors two points When I regenerate the map, the enti	vtt_ngram_3	00:10:36.123	00:11:49.545	636.123	709.545	00:42:35.123	I perform a rotation that anchors two points When I regenerate the map, the entire map coheres which is really nice, especially for adding or removing points We have time for maybe two more questions If anybody in the audience has something they would like to
key_points_to_vtt_windows	key_point:058	⚠️ Key problems and proposed solutions	key_point	1	0.640052	0.5625	vtt:ngram:3:0013	There is a lot that could be done I do have large-language-model-generated salie	vtt_ngram_3	00:05:54.978	00:07:20.445	354.978	440.445	00:37:53.978	There is a lot that could be done I do have large-language-model-generated salience scores for some of the topics I use those to adjust the scale and opacity of some nodes For instance, there is a woman who was loosely related to some people in this area thro
key_points_to_vtt_windows	key_point:058	⚠️ Key problems and proposed solutions	key_point	2	0.593038	0.5	vtt:ngram:3:0012	That probably helps a little bit What would be more useful is a zoomable user in	vtt_ngram_3	00:05:28.937	00:06:53.046	328.937	413.046	00:37:27.937	That probably helps a little bit What would be more useful is a zoomable user interface where we can look at different things at different levels and see different zoom states, very much like what Ivan Lugo was talking about earlier I have not done much with
key_points_to_vtt_windows	key_point:058	⚠️ Key problems and proposed solutions	key_point	3	0.565176	0.5	vtt:ngram:3:0011	with a fittingly emptier area around it So the semantic integrity is good, but i	vtt_ngram_3	00:04:59.694	00:06:25.169	299.694	385.169	00:36:58.694	with a fittingly emptier area around it So the semantic integrity is good, but it is still not very intuitive These days we have image generators, so I semi-manually and semi-automatically generated icons for the topics That probably helps a little bit What w
key_points_to_vtt_windows	key_point:059	⚠️ Key problems and proposed solutions	key_point	1	0.546448	0.333333	vtt:ngram:3:0012	That probably helps a little bit What would be more useful is a zoomable user in	vtt_ngram_3	00:05:28.937	00:06:53.046	328.937	413.046	00:37:27.937	That probably helps a little bit What would be more useful is a zoomable user interface where we can look at different things at different levels and see different zoom states, very much like what Ivan Lugo was talking about earlier I have not done much with
key_points_to_vtt_windows	key_point:059	⚠️ Key problems and proposed solutions	key_point	2	0.529687	0.166667	vtt:ngram:3:0015	worth foregrounding from the broad overview perspective of his life When I am zo	vtt_ngram_3	00:06:53.174	00:07:59.307	413.174	479.307	00:38:52.174	worth foregrounding from the broad overview perspective of his life When I am zoomed out, the map shows things that are high-rank and high-salience, or some combination of those When I zoom in, it shows more nodes without fading them out That is basically as
key_points_to_vtt_windows	key_point:059	⚠️ Key problems and proposed solutions	key_point	3	0.504626	0.166667	vtt:ngram:3:0014	loosely related to some people in this area through gossip She is not as central	vtt_ngram_3	00:06:25.199	00:07:43.618	385.199	463.618	00:38:24.199	loosely related to some people in this area through gossip She is not as central to Pepys’s life Her centrality is low, but she is still an interesting figure She is not at full opacity, because she is not worth foregrounding from the broad overview perspecti
key_points_to_vtt_windows	key_point:060	⚠️ Key problems and proposed solutions	key_point	1	0.57326	0.142857	vtt:ngram:3:0033	word groups, and semantics One thing that this project is showing is that this i	vtt_ngram_3	00:13:48.553	00:14:51.756	828.553	891.756	00:45:47.553	word groups, and semantics One thing that this project is showing is that this is a kind of language I’m looking at Dining, Great Fire, and Prize Goods and there is a certain visual theme and linguistic theme to it I’m curious because you have clearly operate
key_points_to_vtt_windows	key_point:060	⚠️ Key problems and proposed solutions	key_point	2	0.562369	0.428571	vtt:ngram:3:0030	and embedding spaces, they are finding out some really cool things recently Part	vtt_ngram_3	00:12:43.215	00:13:48.333	763.215	828.333	00:44:42.215	and embedding spaces, they are finding out some really cool things recently Particular geometric patterns are being shared among completely different models We are starting to peer into that geometric representation space that they have learned in high dimens
key_points_to_vtt_windows	key_point:060	⚠️ Key problems and proposed solutions	key_point	3	0.557214	0.142857	vtt:ngram:3:0034	I’m curious because you have clearly operated on this from different texts and d	vtt_ngram_3	00:14:05.193	00:15:17.327	845.193	917.327	00:46:04.193	I’m curious because you have clearly operated on this from different texts and different spaces Have you seen linguistic patterns in the way you have built this out Have you tried to visualise that For instance, in this case Dining means this but for another
key_points_to_vtt_windows	key_point:061	⚠️ Key problems and proposed solutions	key_point	1	0.627047	0.368421	vtt:ngram:3:0044	about by looking at it, without actually knowing about Pepys and his life There 	vtt_ngram_3	00:17:48.237	00:19:06.191	1068.237	1146.191	00:49:47.237	about by looking at it, without actually knowing about Pepys and his life There are a whole load of language components that he talks about and explains why it is important to have text why it is important to have visuals how they fit together, and what level
key_points_to_vtt_windows	key_point:061	⚠️ Key problems and proposed solutions	key_point	2	0.62343	0.315789	vtt:ngram:3:0041	This is really cool to see It shows how it works on the data side Thank you Very	vtt_ngram_3	00:16:44.705	00:17:48.207	1004.705	1068.207	00:48:43.705	This is really cool to see It shows how it works on the data side Thank you Very cool I also love to point to Bob Horn Robert Horn, who coined the term visual language or at least popularised it He wrote a book about it He is a wise elder gentleman who lives
key_points_to_vtt_windows	key_point:061	⚠️ Key problems and proposed solutions	key_point	3	0.622198	0.315789	vtt:ngram:3:0040	When I am talking to you and I can see that shape, that is another dimension we 	vtt_ngram_3	00:16:32.044	00:17:15.738	992.044	1035.738	00:48:31.044	When I am talking to you and I can see that shape, that is another dimension we can communicate across That is very much why I am trying to build my whole system What you are describing is that we need a visual medium for it This is really cool to see It show
key_points_to_vtt_windows	key_point:062	✅ Key takeaways	key_point	1	0.623142	0.454545	vtt:ngram:3:0001	Hello I’m interested in the problem of how we as human beings, can get a good me	vtt_ngram_3	00:00:00.838	00:01:18.256	0.838	78.256	00:31:59.838	Hello I’m interested in the problem of how we as human beings, can get a good mental model of what is going on I want to understand things and make use of our high-bandwidth visual centres, which are very good at interpreting information efficiently I’m inter
key_points_to_vtt_windows	key_point:062	✅ Key takeaways	key_point	2	0.514911	0.454545	vtt:ngram:3:0002	information efficiently I’m interested in how things like embeddings, generated 	vtt_ngram_3	00:00:25.679	00:01:42.276	25.679	102.276	00:32:24.679	information efficiently I’m interested in how things like embeddings, generated categories, different kinds of relationships and graph structures can be used to make useful visualisations that do not look like a mess Speaking of which, this looks like a mess
key_points_to_vtt_windows	key_point:062	✅ Key takeaways	key_point	3	0.50406	0.454545	vtt:ngram:3:0025	to ask, just unmute and go right ahead I have one question I really liked what y	vtt_ngram_3	00:11:08.621	00:12:09.269	668.621	729.269	00:43:07.621	to ask, just unmute and go right ahead I have one question I really liked what you mentioned about reverse-projecting into high-dimensional spaces Mathematicians like to simplify things into spherical cows When modelling things in 2D, we model everything as p
key_points_to_vtt_windows	key_point:063	✅ Key takeaways	key_point	1	0.66165	0.375	vtt:ngram:3:0002	information efficiently I’m interested in how things like embeddings, generated 	vtt_ngram_3	00:00:25.679	00:01:42.276	25.679	102.276	00:32:24.679	information efficiently I’m interested in how things like embeddings, generated categories, different kinds of relationships and graph structures can be used to make useful visualisations that do not look like a mess Speaking of which, this looks like a mess
key_points_to_vtt_windows	key_point:063	✅ Key takeaways	key_point	2	0.62481	0.375	vtt:ngram:3:0001	Hello I’m interested in the problem of how we as human beings, can get a good me	vtt_ngram_3	00:00:00.838	00:01:18.256	0.838	78.256	00:31:59.838	Hello I’m interested in the problem of how we as human beings, can get a good mental model of what is going on I want to understand things and make use of our high-bandwidth visual centres, which are very good at interpreting information efficiently I’m inter
key_points_to_vtt_windows	key_point:063	✅ Key takeaways	key_point	3	0.620791	0.3125	vtt:ngram:3:0018	higher-dimensional spaces I’m curious what you have thought about with respect t	vtt_ngram_3	00:07:59.337	00:09:08.985	479.337	548.985	00:39:58.337	higher-dimensional spaces I’m curious what you have thought about with respect to doing expressive work through this interface Yes We can actually project back There is a popular library called UMAP Learn that lets us do that UMAP is a common solution for dim
key_points_to_vtt_windows	key_point:064	✅ Key takeaways	key_point	1	0.534527	0.357143	vtt:ngram:3:0006	But then we have to tweak all kinds of fiddly variables to keep the semantic int	vtt_ngram_3	00:02:06.681	00:03:49.380	126.681	229.38	00:34:05.681	But then we have to tweak all kinds of fiddly variables to keep the semantic integrity authentic It is also a bit of a kludge to switch to a different kind of algorithm at presentation time without any consideration of the semantic embeddings themselves I hav
key_points_to_vtt_windows	key_point:064	✅ Key takeaways	key_point	2	0.471281	0.357143	vtt:ngram:3:0005	added When we add that dimension, we then have to decide what to do about overla	vtt_ngram_3	00:01:42.557	00:03:15.272	102.557	195.272	00:33:41.557	added When we add that dimension, we then have to decide what to do about overlap One common thing people do is use a force-directed effect: if one node is too close to another node the nodes push themselves apart But then we have to tweak all kinds of fiddly
key_points_to_vtt_windows	key_point:064	✅ Key takeaways	key_point	3	0.466405	0.142857	vtt:ngram:3:0031	People are interested in that from a machine-learning interpretability and safet	vtt_ngram_3	00:13:07.881	00:14:03.079	787.881	843.079	00:45:06.881	People are interested in that from a machine-learning interpretability and safety perspective as well Thanks We have time for one more question I have a quick one too That last point about high dimensionality and language reminds me of an article I saw on Hac
key_points_to_vtt_windows	key_point:065	✅ Key takeaways	key_point	1	0.587113	0.5	vtt:ngram:3:0011	with a fittingly emptier area around it So the semantic integrity is good, but i	vtt_ngram_3	00:04:59.694	00:06:25.169	299.694	385.169	00:36:58.694	with a fittingly emptier area around it So the semantic integrity is good, but it is still not very intuitive These days we have image generators, so I semi-manually and semi-automatically generated icons for the topics That probably helps a little bit What w
key_points_to_vtt_windows	key_point:065	✅ Key takeaways	key_point	2	0.567215	0.333333	vtt:ngram:3:0015	worth foregrounding from the broad overview perspective of his life When I am zo	vtt_ngram_3	00:06:53.174	00:07:59.307	413.174	479.307	00:38:52.174	worth foregrounding from the broad overview perspective of his life When I am zoomed out, the map shows things that are high-rank and high-salience, or some combination of those When I zoom in, it shows more nodes without fading them out That is basically as
key_points_to_vtt_windows	key_point:065	✅ Key takeaways	key_point	3	0.551826	0.444444	vtt:ngram:3:0013	There is a lot that could be done I do have large-language-model-generated salie	vtt_ngram_3	00:05:54.978	00:07:20.445	354.978	440.445	00:37:53.978	There is a lot that could be done I do have large-language-model-generated salience scores for some of the topics I use those to adjust the scale and opacity of some nodes For instance, there is a woman who was loosely related to some people in this area thro
key_points_to_vtt_windows	key_point:066	✅ Key takeaways	key_point	1	0.719483	0.473684	vtt:ngram:3:0016	That is basically as far as I have got with that I’m going to do the thing and j	vtt_ngram_3	00:07:24.427	00:08:16.171	444.427	496.171	00:39:23.427	That is basically as far as I have got with that I’m going to do the thing and jump in with a question in the middle That’s the format I have this weird personal belief: any interface that presents information, or presents a visualisation of something is also
key_points_to_vtt_windows	key_point:066	✅ Key takeaways	key_point	2	0.663948	0.473684	vtt:ngram:3:0017	information, or presents a visualisation of something is also potentially a good	vtt_ngram_3	00:07:44.079	00:08:40.395	464.079	520.395	00:39:43.079	information, or presents a visualisation of something is also potentially a good interface through which we can express something There are two sides to every interface So far, you have talked about what this interface is revealing, what it is showing, and ho
key_points_to_vtt_windows	key_point:066	✅ Key takeaways	key_point	3	0.615738	0.473684	vtt:ngram:3:0020	That is not ideal But one cool thing it can do is project back It can let us pre	vtt_ngram_3	00:08:40.500	00:09:59.448	520.5	599.448	00:40:39.500	That is not ideal But one cool thing it can do is project back It can let us predict what high-dimensional representation or high-dimensional embedding, would make sense if for example, I put something new here What might it mean, based on everything else the
key_points_to_vtt_windows	key_point:067	✅ Key takeaways	key_point	1	0.621957	0.333333	vtt:ngram:3:0030	and embedding spaces, they are finding out some really cool things recently Part	vtt_ngram_3	00:12:43.215	00:13:48.333	763.215	828.333	00:44:42.215	and embedding spaces, they are finding out some really cool things recently Particular geometric patterns are being shared among completely different models We are starting to peer into that geometric representation space that they have learned in high dimens
key_points_to_vtt_windows	key_point:067	✅ Key takeaways	key_point	2	0.596084	0.2	vtt:ngram:3:0029	a Voronoi map would be the easiest approach But there is this underlying structu	vtt_ngram_3	00:12:23.669	00:13:31.318	743.669	811.318	00:44:22.669	a Voronoi map would be the easiest approach But there is this underlying structure in the projection where different sections of the embedding space occupy different parts of the screen Yes In terms of what people are doing with pretrained models and embeddin
key_points_to_vtt_windows	key_point:067	✅ Key takeaways	key_point	3	0.589738	0.4	vtt:ngram:3:0036	That worked pretty well I would have a data set of different kinds of life event	vtt_ngram_3	00:14:53.344	00:16:16.048	893.344	976.048	00:46:52.344	That worked pretty well I would have a data set of different kinds of life events at different scales Then we could zoom in on ways to slice the normal embeddings we get for a piece of text and use that to predict something like salience in a really efficient
key_points_to_vtt_windows	key_point:068	✅ Key takeaways	key_point	1	0.625623	0.3125	vtt:ngram:3:0030	and embedding spaces, they are finding out some really cool things recently Part	vtt_ngram_3	00:12:43.215	00:13:48.333	763.215	828.333	00:44:42.215	and embedding spaces, they are finding out some really cool things recently Particular geometric patterns are being shared among completely different models We are starting to peer into that geometric representation space that they have learned in high dimens
key_points_to_vtt_windows	key_point:068	✅ Key takeaways	key_point	2	0.603669	0.375	vtt:ngram:3:0029	a Voronoi map would be the easiest approach But there is this underlying structu	vtt_ngram_3	00:12:23.669	00:13:31.318	743.669	811.318	00:44:22.669	a Voronoi map would be the easiest approach But there is this underlying structure in the projection where different sections of the embedding space occupy different parts of the screen Yes In terms of what people are doing with pretrained models and embeddin
key_points_to_vtt_windows	key_point:068	✅ Key takeaways	key_point	3	0.544309	0.3125	vtt:ngram:3:0031	People are interested in that from a machine-learning interpretability and safet	vtt_ngram_3	00:13:07.881	00:14:03.079	787.881	843.079	00:45:06.881	People are interested in that from a machine-learning interpretability and safety perspective as well Thanks We have time for one more question I have a quick one too That last point about high dimensionality and language reminds me of an article I saw on Hac
key_points_to_vtt_windows	key_point:069	✅ Key takeaways	key_point	1	0.6825	0.333333	vtt:ngram:3:0041	This is really cool to see It shows how it works on the data side Thank you Very	vtt_ngram_3	00:16:44.705	00:17:48.207	1004.705	1068.207	00:48:43.705	This is really cool to see It shows how it works on the data side Thank you Very cool I also love to point to Bob Horn Robert Horn, who coined the term visual language or at least popularised it He wrote a book about it He is a wise elder gentleman who lives
key_points_to_vtt_windows	key_point:069	✅ Key takeaways	key_point	2	0.65206	0.388889	vtt:ngram:3:0040	When I am talking to you and I can see that shape, that is another dimension we 	vtt_ngram_3	00:16:32.044	00:17:15.738	992.044	1035.738	00:48:31.044	When I am talking to you and I can see that shape, that is another dimension we can communicate across That is very much why I am trying to build my whole system What you are describing is that we need a visual medium for it This is really cool to see It show
key_points_to_vtt_windows	key_point:069	✅ Key takeaways	key_point	3	0.581454	0.277778	vtt:ngram:3:0039	That paper is perfect We are finding that things have a definitive shape Whether	vtt_ngram_3	00:16:16.066	00:17:01.386	976.066	1021.386	00:48:15.066	That paper is perfect We are finding that things have a definitive shape Whether I am speaking Italian, German, French English, or some weird mixture, if I say a word like good, bad, evil, or positive, it is going to have some kind of shape When I am talking
key_points_to_vtt_windows	key_point:070	✅ Key takeaways	key_point	1	0.457293	0.235294	vtt:ngram:3:0047	risk areas How do we get them to collaborate and share their findings in a usefu	vtt_ngram_3	00:19:06.267	00:20:11.681	1146.267	1211.681	00:51:05.267	risk areas How do we get them to collaborate and share their findings in a useful way We might make a mess map, or an information mural or something like that There is a defined language that has been mapped out to some degree That does not mean there are no
key_points_to_vtt_windows	key_point:070	✅ Key takeaways	key_point	2	0.447783	0.235294	vtt:ngram:3:0046	visual language to check that out, because he has thought about this stuff a lot	vtt_ngram_3	00:18:37.998	00:19:52.373	1117.998	1192.373	00:50:36.998	visual language to check that out, because he has thought about this stuff a lot People have been using this kind of thing actively for things like studying pandemics How do we communicate with hundreds of different people who have different specialisms in di
key_points_to_vtt_windows	key_point:070	✅ Key takeaways	key_point	3	0.437676	0.176471	vtt:ngram:3:0001	Hello I’m interested in the problem of how we as human beings, can get a good me	vtt_ngram_3	00:00:00.838	00:01:18.256	0.838	78.256	00:31:59.838	Hello I’m interested in the problem of how we as human beings, can get a good mental model of what is going on I want to understand things and make use of our high-bandwidth visual centres, which are very good at interpreting information efficiently I’m inter
key_points_to_chapters	key_point:001	🧭 Emoji quad outline topic tree	key_point	1	0.702139	0.6	chapter:01	Intro: good mental models, high-bandwidth visual cognition	chapter	00:00:00.838	00:00:52.468	0.838	52.468	00:31:59.838	Intro: good mental models, high-bandwidth visual cognition. Hello I’m interested in the problem of how we as human beings, can get a good mental model of what is going on I want to understand things and make use of our high-bandwidth visual centres, which are
key_points_to_chapters	key_point:001	🧭 Emoji quad outline topic tree	key_point	2	0.521635	0.4	chapter:13	MiniLM salience, then the Manifold Steering paper	chapter	00:15:26.504	00:16:57.935	926.504	1017.935	00:47:25.504	MiniLM salience, then the Manifold Steering paper. It basically showed things like different dates mapping to a particular shape inside large language models They look at things like weekdays in different language models corresponding to certain shapes So I p
key_points_to_chapters	key_point:002	🧭 Emoji quad outline topic tree	key_point	1	0.500524	0.857143	chapter:01	Intro: good mental models, high-bandwidth visual cognition	chapter	00:00:00.838	00:00:52.468	0.838	52.468	00:31:59.838	Intro: good mental models, high-bandwidth visual cognition. Hello I’m interested in the problem of how we as human beings, can get a good mental model of what is going on I want to understand things and make use of our high-bandwidth visual centres, which are
key_points_to_chapters	key_point:002	🧭 Emoji quad outline topic tree	key_point	2	0.38692	0.142857	chapter:04	Pepys as corpus: bladder-stone, gold, Navy, Great Fire clusters	chapter	00:03:57.121	00:05:24.413	237.121	324.413	00:35:56.121	Pepys as corpus: bladder-stone, gold, Navy, Great Fire clusters. The stone was a personal concern of his He had frequent pains, especially when he got cold, and it became one of his anxious preoccupations Another one is gold Gold fits into a psychological kin
key_points_to_chapters	key_point:003	🧭 Emoji quad outline topic tree	key_point	1	0.6027	0.8	chapter:01	Intro: good mental models, high-bandwidth visual cognition	chapter	00:00:00.838	00:00:52.468	0.838	52.468	00:31:59.838	Intro: good mental models, high-bandwidth visual cognition. Hello I’m interested in the problem of how we as human beings, can get a good mental model of what is going on I want to understand things and make use of our high-bandwidth visual centres, which are
key_points_to_chapters	key_point:003	🧭 Emoji quad outline topic tree	key_point	2	0.469107	0.4	chapter:05	Adding visual language: generated icons	chapter	00:05:24.413	00:06:14.406	324.413	374.406	00:37:23.413	Adding visual language: generated icons. semi-manually and semi-automatically generated icons for the topics That probably helps a little bit What would be more useful is a zoomable user interface where we can look at different things at different levels and
key_points_to_chapters	key_point:004	🧭 Emoji quad outline topic tree	key_point	1	0.543898	0.0	chapter:11	Shared geometry across models; interpretability and safety	chapter	00:12:55.193	00:14:05.193	775.193	845.193	00:44:54.193	Shared geometry across models; interpretability and safety. different models We are starting to peer into that geometric representation space that they have learned in high dimensions People are interested in that from a machine-learning interpretability and
key_points_to_chapters	key_point:004	🧭 Emoji quad outline topic tree	key_point	2	0.528212	0.0	chapter:13	MiniLM salience, then the Manifold Steering paper	chapter	00:15:26.504	00:16:57.935	926.504	1017.935	00:47:25.504	MiniLM salience, then the Manifold Steering paper. It basically showed things like different dates mapping to a particular shape inside large language models They look at things like weekdays in different language models corresponding to certain shapes So I p
key_points_to_chapters	key_point:005	🧭 Emoji quad outline topic tree	key_point	1	0.558484	0.166667	chapter:05	Adding visual language: generated icons	chapter	00:05:24.413	00:06:14.406	324.413	374.406	00:37:23.413	Adding visual language: generated icons. semi-manually and semi-automatically generated icons for the topics That probably helps a little bit What would be more useful is a zoomable user interface where we can look at different things at different levels and
key_points_to_chapters	key_point:005	🧭 Emoji quad outline topic tree	key_point	2	0.527243	0.333333	chapter:02	Why the first map looks messy (high-D to 2D, overlap, force-directed kludge)	chapter	00:00:52.468	00:01:35.655	52.468	95.655	00:32:51.468	Why the first map looks messy (high-D to 2D, overlap, force-directed kludge). This is what happens when a data set of topics is projected down from high-dimensional space into 2D space We should expect it to be a mess We should expect overlap By default, ther
key_points_to_chapters	key_point:006	🧭 Emoji quad outline topic tree	key_point	1	0.627971	0.571429	chapter:02	Why the first map looks messy (high-D to 2D, overlap, force-directed kludge)	chapter	00:00:52.468	00:01:35.655	52.468	95.655	00:32:51.468	Why the first map looks messy (high-D to 2D, overlap, force-directed kludge). This is what happens when a data set of topics is projected down from high-dimensional space into 2D space We should expect it to be a mess We should expect overlap By default, ther
key_points_to_chapters	key_point:006	🧭 Emoji quad outline topic tree	key_point	2	0.594473	0.571429	chapter:10	Q (maf): nodes as regions not points, Voronoi	chapter	00:11:35.105	00:12:55.193	695.105	775.193	00:43:34.105	Q (maf): nodes as regions not points, Voronoi. They have shapes We also think in categories On the screen, in a user interface many of those things could be grouped together by putting them in a box, or surrounding them with a line That is how many mind maps
key_points_to_chapters	key_point:007	🧭 Emoji quad outline topic tree	key_point	1	0.715476	0.777778	chapter:02	Why the first map looks messy (high-D to 2D, overlap, force-directed kludge)	chapter	00:00:52.468	00:01:35.655	52.468	95.655	00:32:51.468	Why the first map looks messy (high-D to 2D, overlap, force-directed kludge). This is what happens when a data set of topics is projected down from high-dimensional space into 2D space We should expect it to be a mess We should expect overlap By default, ther
key_points_to_chapters	key_point:007	🧭 Emoji quad outline topic tree	key_point	2	0.58668	0.444444	chapter:08	Projecting back with UMAP: where would a new thing land?	chapter	00:08:12.087	00:10:12.774	492.087	612.774	00:40:11.087	Projecting back with UMAP: where would a new thing land?. There is a popular library called UMAP Learn that lets us do that UMAP is a common solution for dimensionality reduction of high dimensional data It does not have a global objective It is mostly local,
key_points_to_chapters	key_point:008	🧭 Emoji quad outline topic tree	key_point	1	0.459965	0.666667	chapter:03	No-overlap layout that keeps semantic integrity	chapter	00:01:35.655	00:03:57.121	95.655	237.121	00:33:34.655	No-overlap layout that keeps semantic integrity. two-dimensional representation unless that dimension is deliberately added When we add that dimension, we then have to decide what to do about overlap One common thing people do is use a force-directed effect:
key_points_to_chapters	key_point:008	🧭 Emoji quad outline topic tree	key_point	2	0.458021	0.666667	chapter:02	Why the first map looks messy (high-D to 2D, overlap, force-directed kludge)	chapter	00:00:52.468	00:01:35.655	52.468	95.655	00:32:51.468	Why the first map looks messy (high-D to 2D, overlap, force-directed kludge). This is what happens when a data set of topics is projected down from high-dimensional space into 2D space We should expect it to be a mess We should expect overlap By default, ther
key_points_to_chapters	key_point:009	🧭 Emoji quad outline topic tree	key_point	1	0.490443	0.625	chapter:10	Q (maf): nodes as regions not points, Voronoi	chapter	00:11:35.105	00:12:55.193	695.105	775.193	00:43:34.105	Q (maf): nodes as regions not points, Voronoi. They have shapes We also think in categories On the screen, in a user interface many of those things could be grouped together by putting them in a box, or surrounding them with a line That is how many mind maps
key_points_to_chapters	key_point:009	🧭 Emoji quad outline topic tree	key_point	2	0.429579	0.625	chapter:02	Why the first map looks messy (high-D to 2D, overlap, force-directed kludge)	chapter	00:00:52.468	00:01:35.655	52.468	95.655	00:32:51.468	Why the first map looks messy (high-D to 2D, overlap, force-directed kludge). This is what happens when a data set of topics is projected down from high-dimensional space into 2D space We should expect it to be a mess We should expect overlap By default, ther
key_points_to_chapters	key_point:010	🧭 Emoji quad outline topic tree	key_point	1	0.496586	0.333333	chapter:03	No-overlap layout that keeps semantic integrity	chapter	00:01:35.655	00:03:57.121	95.655	237.121	00:33:34.655	No-overlap layout that keeps semantic integrity. two-dimensional representation unless that dimension is deliberately added When we add that dimension, we then have to decide what to do about overlap One common thing people do is use a force-directed effect:
key_points_to_chapters	key_point:010	🧭 Emoji quad outline topic tree	key_point	2	0.482138	0.333333	chapter:02	Why the first map looks messy (high-D to 2D, overlap, force-directed kludge)	chapter	00:00:52.468	00:01:35.655	52.468	95.655	00:32:51.468	Why the first map looks messy (high-D to 2D, overlap, force-directed kludge). This is what happens when a data set of topics is projected down from high-dimensional space into 2D space We should expect it to be a mess We should expect overlap By default, ther
key_points_to_chapters	key_point:011	🧭 Emoji quad outline topic tree	key_point	1	0.61805	0.5	chapter:03	No-overlap layout that keeps semantic integrity	chapter	00:01:35.655	00:03:57.121	95.655	237.121	00:33:34.655	No-overlap layout that keeps semantic integrity. two-dimensional representation unless that dimension is deliberately added When we add that dimension, we then have to decide what to do about overlap One common thing people do is use a force-directed effect:
key_points_to_chapters	key_point:011	🧭 Emoji quad outline topic tree	key_point	2	0.474423	0.0	chapter:05	Adding visual language: generated icons	chapter	00:05:24.413	00:06:14.406	324.413	374.406	00:37:23.413	Adding visual language: generated icons. semi-manually and semi-automatically generated icons for the topics That probably helps a little bit What would be more useful is a zoomable user interface where we can look at different things at different levels and
key_points_to_chapters	key_point:012	🧭 Emoji quad outline topic tree	key_point	1	0.521768	0.666667	chapter:03	No-overlap layout that keeps semantic integrity	chapter	00:01:35.655	00:03:57.121	95.655	237.121	00:33:34.655	No-overlap layout that keeps semantic integrity. two-dimensional representation unless that dimension is deliberately added When we add that dimension, we then have to decide what to do about overlap One common thing people do is use a force-directed effect:
key_points_to_chapters	key_point:012	🧭 Emoji quad outline topic tree	key_point	2	0.418568	0.0	chapter:11	Shared geometry across models; interpretability and safety	chapter	00:12:55.193	00:14:05.193	775.193	845.193	00:44:54.193	Shared geometry across models; interpretability and safety. different models We are starting to peer into that geometric representation space that they have learned in high dimensions People are interested in that from a machine-learning interpretability and
key_points_to_chapters	key_point:013	🧭 Emoji quad outline topic tree	key_point	1	0.486042	0.5	chapter:03	No-overlap layout that keeps semantic integrity	chapter	00:01:35.655	00:03:57.121	95.655	237.121	00:33:34.655	No-overlap layout that keeps semantic integrity. two-dimensional representation unless that dimension is deliberately added When we add that dimension, we then have to decide what to do about overlap One common thing people do is use a force-directed effect:
key_points_to_chapters	key_point:013	🧭 Emoji quad outline topic tree	key_point	2	0.41403	0.5	chapter:02	Why the first map looks messy (high-D to 2D, overlap, force-directed kludge)	chapter	00:00:52.468	00:01:35.655	52.468	95.655	00:32:51.468	Why the first map looks messy (high-D to 2D, overlap, force-directed kludge). This is what happens when a data set of topics is projected down from high-dimensional space into 2D space We should expect it to be a mess We should expect overlap By default, ther
key_points_to_chapters	key_point:014	🧭 Emoji quad outline topic tree	key_point	1	0.606554	0.5	chapter:09	Rotation anchor: stable orientation on regeneration	chapter	00:10:12.774	00:11:35.105	612.774	695.105	00:42:11.774	Rotation anchor: stable orientation on regeneration. whenever one of these maps is regenerated There are different ways of doing dimensionality reduction and they are often based on a random seed or on other stochastic things, that make it hard to keep the sa
key_points_to_chapters	key_point:014	🧭 Emoji quad outline topic tree	key_point	2	0.348663	0.0	chapter:03	No-overlap layout that keeps semantic integrity	chapter	00:01:35.655	00:03:57.121	95.655	237.121	00:33:34.655	No-overlap layout that keeps semantic integrity. two-dimensional representation unless that dimension is deliberately added When we add that dimension, we then have to decide what to do about overlap One common thing people do is use a force-directed effect:
key_points_to_chapters	key_point:015	🧭 Emoji quad outline topic tree	key_point	1	0.622571	0.8	chapter:05	Adding visual language: generated icons	chapter	00:05:24.413	00:06:14.406	324.413	374.406	00:37:23.413	Adding visual language: generated icons. semi-manually and semi-automatically generated icons for the topics That probably helps a little bit What would be more useful is a zoomable user interface where we can look at different things at different levels and
key_points_to_chapters	key_point:015	🧭 Emoji quad outline topic tree	key_point	2	0.512303	0.2	chapter:06	Salience-driven scale and opacity; zoom states	chapter	00:06:14.406	00:07:54.548	374.406	474.548	00:38:13.406	Salience-driven scale and opacity; zoom states. of some nodes For instance, there is a woman who was loosely related to some people in this area through gossip She is not as central to Pepys’s life Her centrality is low, but she is still an interesting figure
key_points_to_chapters	key_point:016	🧭 Emoji quad outline topic tree	key_point	1	0.6556	0.5	chapter:05	Adding visual language: generated icons	chapter	00:05:24.413	00:06:14.406	324.413	374.406	00:37:23.413	Adding visual language: generated icons. semi-manually and semi-automatically generated icons for the topics That probably helps a little bit What would be more useful is a zoomable user interface where we can look at different things at different levels and
key_points_to_chapters	key_point:016	🧭 Emoji quad outline topic tree	key_point	2	0.496824	0.5	chapter:01	Intro: good mental models, high-bandwidth visual cognition	chapter	00:00:00.838	00:00:52.468	0.838	52.468	00:31:59.838	Intro: good mental models, high-bandwidth visual cognition. Hello I’m interested in the problem of how we as human beings, can get a good mental model of what is going on I want to understand things and make use of our high-bandwidth visual centres, which are
key_points_to_chapters	key_point:017	🧭 Emoji quad outline topic tree	key_point	1	0.491857	0.25	chapter:05	Adding visual language: generated icons	chapter	00:05:24.413	00:06:14.406	324.413	374.406	00:37:23.413	Adding visual language: generated icons. semi-manually and semi-automatically generated icons for the topics That probably helps a little bit What would be more useful is a zoomable user interface where we can look at different things at different levels and
key_points_to_chapters	key_point:017	🧭 Emoji quad outline topic tree	key_point	2	0.414563	0.0	chapter:13	MiniLM salience, then the Manifold Steering paper	chapter	00:15:26.504	00:16:57.935	926.504	1017.935	00:47:25.504	MiniLM salience, then the Manifold Steering paper. It basically showed things like different dates mapping to a particular shape inside large language models They look at things like weekdays in different language models corresponding to certain shapes So I p
key_points_to_chapters	key_point:018	🧭 Emoji quad outline topic tree	key_point	1	0.60829	0.8	chapter:06	Salience-driven scale and opacity; zoom states	chapter	00:06:14.406	00:07:54.548	374.406	474.548	00:38:13.406	Salience-driven scale and opacity; zoom states. of some nodes For instance, there is a woman who was loosely related to some people in this area through gossip She is not as central to Pepys’s life Her centrality is low, but she is still an interesting figure
key_points_to_chapters	key_point:018	🧭 Emoji quad outline topic tree	key_point	2	0.532945	0.8	chapter:05	Adding visual language: generated icons	chapter	00:05:24.413	00:06:14.406	324.413	374.406	00:37:23.413	Adding visual language: generated icons. semi-manually and semi-automatically generated icons for the topics That probably helps a little bit What would be more useful is a zoomable user interface where we can look at different things at different levels and
key_points_to_chapters	key_point:019	🧭 Emoji quad outline topic tree	key_point	1	0.541873	0.4	chapter:06	Salience-driven scale and opacity; zoom states	chapter	00:06:14.406	00:07:54.548	374.406	474.548	00:38:13.406	Salience-driven scale and opacity; zoom states. of some nodes For instance, there is a woman who was loosely related to some people in this area through gossip She is not as central to Pepys’s life Her centrality is low, but she is still an interesting figure
key_points_to_chapters	key_point:019	🧭 Emoji quad outline topic tree	key_point	2	0.52882	0.4	chapter:05	Adding visual language: generated icons	chapter	00:05:24.413	00:06:14.406	324.413	374.406	00:37:23.413	Adding visual language: generated icons. semi-manually and semi-automatically generated icons for the topics That probably helps a little bit What would be more useful is a zoomable user interface where we can look at different things at different levels and
key_points_to_chapters	key_point:020	🧭 Emoji quad outline topic tree	key_point	1	0.645498	0.5	chapter:07	Q (Ivy): can the interface express, not just reveal?	chapter	00:07:54.548	00:08:12.087	474.548	492.087	00:39:53.548	Q (Ivy): can the interface express, not just reveal?. So far, you have talked about what this interface is revealing, what it is showing, and how it relates to higher-dimensional spaces I’m curious what you have thought about with respect to doing expressive
key_points_to_chapters	key_point:020	🧭 Emoji quad outline topic tree	key_point	2	0.485493	0.25	chapter:05	Adding visual language: generated icons	chapter	00:05:24.413	00:06:14.406	324.413	374.406	00:37:23.413	Adding visual language: generated icons. semi-manually and semi-automatically generated icons for the topics That probably helps a little bit What would be more useful is a zoomable user interface where we can look at different things at different levels and
key_points_to_chapters	key_point:021	🧭 Emoji quad outline topic tree	key_point	1	0.395357	0.25	chapter:03	No-overlap layout that keeps semantic integrity	chapter	00:01:35.655	00:03:57.121	95.655	237.121	00:33:34.655	No-overlap layout that keeps semantic integrity. two-dimensional representation unless that dimension is deliberately added When we add that dimension, we then have to decide what to do about overlap One common thing people do is use a force-directed effect:
key_points_to_chapters	key_point:021	🧭 Emoji quad outline topic tree	key_point	2	0.38735	0.75	chapter:08	Projecting back with UMAP: where would a new thing land?	chapter	00:08:12.087	00:10:12.774	492.087	612.774	00:40:11.087	Projecting back with UMAP: where would a new thing land?. There is a popular library called UMAP Learn that lets us do that UMAP is a common solution for dimensionality reduction of high dimensional data It does not have a global objective It is mostly local,
key_points_to_chapters	key_point:022	🧭 Emoji quad outline topic tree	key_point	1	0.574745	0.4	chapter:08	Projecting back with UMAP: where would a new thing land?	chapter	00:08:12.087	00:10:12.774	492.087	612.774	00:40:11.087	Projecting back with UMAP: where would a new thing land?. There is a popular library called UMAP Learn that lets us do that UMAP is a common solution for dimensionality reduction of high dimensional data It does not have a global objective It is mostly local,
key_points_to_chapters	key_point:022	🧭 Emoji quad outline topic tree	key_point	2	0.528596	0.6	chapter:09	Rotation anchor: stable orientation on regeneration	chapter	00:10:12.774	00:11:35.105	612.774	695.105	00:42:11.774	Rotation anchor: stable orientation on regeneration. whenever one of these maps is regenerated There are different ways of doing dimensionality reduction and they are often based on a random seed or on other stochastic things, that make it hard to keep the sa
key_points_to_chapters	key_point:023	🧭 Emoji quad outline topic tree	key_point	1	0.487121	0.428571	chapter:01	Intro: good mental models, high-bandwidth visual cognition	chapter	00:00:00.838	00:00:52.468	0.838	52.468	00:31:59.838	Intro: good mental models, high-bandwidth visual cognition. Hello I’m interested in the problem of how we as human beings, can get a good mental model of what is going on I want to understand things and make use of our high-bandwidth visual centres, which are
key_points_to_chapters	key_point:023	🧭 Emoji quad outline topic tree	key_point	2	0.418174	0.571429	chapter:13	MiniLM salience, then the Manifold Steering paper	chapter	00:15:26.504	00:16:57.935	926.504	1017.935	00:47:25.504	MiniLM salience, then the Manifold Steering paper. It basically showed things like different dates mapping to a particular shape inside large language models They look at things like weekdays in different language models corresponding to certain shapes So I p
key_points_to_chapters	key_point:024	🧭 Emoji quad outline topic tree	key_point	1	0.646971	0.833333	chapter:11	Shared geometry across models; interpretability and safety	chapter	00:12:55.193	00:14:05.193	775.193	845.193	00:44:54.193	Shared geometry across models; interpretability and safety. different models We are starting to peer into that geometric representation space that they have learned in high dimensions People are interested in that from a machine-learning interpretability and
key_points_to_chapters	key_point:024	🧭 Emoji quad outline topic tree	key_point	2	0.585489	0.666667	chapter:13	MiniLM salience, then the Manifold Steering paper	chapter	00:15:26.504	00:16:57.935	926.504	1017.935	00:47:25.504	MiniLM salience, then the Manifold Steering paper. It basically showed things like different dates mapping to a particular shape inside large language models They look at things like weekdays in different language models corresponding to certain shapes So I p
key_points_to_chapters	key_point:025	🧭 Emoji quad outline topic tree	key_point	1	0.560186	0.4	chapter:10	Q (maf): nodes as regions not points, Voronoi	chapter	00:11:35.105	00:12:55.193	695.105	775.193	00:43:34.105	Q (maf): nodes as regions not points, Voronoi. They have shapes We also think in categories On the screen, in a user interface many of those things could be grouped together by putting them in a box, or surrounding them with a line That is how many mind maps
key_points_to_chapters	key_point:025	🧭 Emoji quad outline topic tree	key_point	2	0.553741	0.4	chapter:12	Q (Ivan Lugo): shared shapes across languages	chapter	00:14:05.193	00:15:26.504	845.193	926.504	00:46:04.193	Q (Ivan Lugo): shared shapes across languages. I’m curious because you have clearly operated on this from different texts and different spaces Have you seen linguistic patterns in the way you have built this out Have you tried to visualise that For instance,
key_points_to_chapters	key_point:026	🧭 Emoji quad outline topic tree	key_point	1	0.500325	0.666667	chapter:11	Shared geometry across models; interpretability and safety	chapter	00:12:55.193	00:14:05.193	775.193	845.193	00:44:54.193	Shared geometry across models; interpretability and safety. different models We are starting to peer into that geometric representation space that they have learned in high dimensions People are interested in that from a machine-learning interpretability and
key_points_to_chapters	key_point:026	🧭 Emoji quad outline topic tree	key_point	2	0.466935	0.666667	chapter:12	Q (Ivan Lugo): shared shapes across languages	chapter	00:14:05.193	00:15:26.504	845.193	926.504	00:46:04.193	Q (Ivan Lugo): shared shapes across languages. I’m curious because you have clearly operated on this from different texts and different spaces Have you seen linguistic patterns in the way you have built this out Have you tried to visualise that For instance,
key_points_to_chapters	key_point:027	🧭 Emoji quad outline topic tree	key_point	1	0.544017	1.0	chapter:12	Q (Ivan Lugo): shared shapes across languages	chapter	00:14:05.193	00:15:26.504	845.193	926.504	00:46:04.193	Q (Ivan Lugo): shared shapes across languages. I’m curious because you have clearly operated on this from different texts and different spaces Have you seen linguistic patterns in the way you have built this out Have you tried to visualise that For instance,
key_points_to_chapters	key_point:027	🧭 Emoji quad outline topic tree	key_point	2	0.487553	0.666667	chapter:11	Shared geometry across models; interpretability and safety	chapter	00:12:55.193	00:14:05.193	775.193	845.193	00:44:54.193	Shared geometry across models; interpretability and safety. different models We are starting to peer into that geometric representation space that they have learned in high dimensions People are interested in that from a machine-learning interpretability and
key_points_to_chapters	key_point:028	🧭 Emoji quad outline topic tree	key_point	1	0.559524	0.666667	chapter:11	Shared geometry across models; interpretability and safety	chapter	00:12:55.193	00:14:05.193	775.193	845.193	00:44:54.193	Shared geometry across models; interpretability and safety. different models We are starting to peer into that geometric representation space that they have learned in high dimensions People are interested in that from a machine-learning interpretability and
key_points_to_chapters	key_point:028	🧭 Emoji quad outline topic tree	key_point	2	0.427798	0.333333	chapter:13	MiniLM salience, then the Manifold Steering paper	chapter	00:15:26.504	00:16:57.935	926.504	1017.935	00:47:25.504	MiniLM salience, then the Manifold Steering paper. It basically showed things like different dates mapping to a particular shape inside large language models They look at things like weekdays in different language models corresponding to certain shapes So I p
key_points_to_chapters	key_point:029	🧭 Emoji quad outline topic tree	key_point	1	0.724859	1.0	chapter:14	Robert Horn and visual language; pandemic mess-maps	chapter	00:16:57.935	00:19:55.657	1017.935	1195.657	00:48:56.935	Robert Horn and visual language; pandemic mess-maps. Robert Horn, who coined the term visual language or at least popularised it He wrote a book about it He is a wise elder gentleman who lives somewhere in San Francisco, as far as I know I do not know how act
key_points_to_chapters	key_point:029	🧭 Emoji quad outline topic tree	key_point	2	0.48123	0.8	chapter:13	MiniLM salience, then the Manifold Steering paper	chapter	00:15:26.504	00:16:57.935	926.504	1017.935	00:47:25.504	MiniLM salience, then the Manifold Steering paper. It basically showed things like different dates mapping to a particular shape inside large language models They look at things like weekdays in different language models corresponding to certain shapes So I p
key_points_to_chapters	key_point:030	🧭 Emoji quad outline topic tree	key_point	1	0.458843	0.666667	chapter:14	Robert Horn and visual language; pandemic mess-maps	chapter	00:16:57.935	00:19:55.657	1017.935	1195.657	00:48:56.935	Robert Horn and visual language; pandemic mess-maps. Robert Horn, who coined the term visual language or at least popularised it He wrote a book about it He is a wise elder gentleman who lives somewhere in San Francisco, as far as I know I do not know how act
key_points_to_chapters	key_point:030	🧭 Emoji quad outline topic tree	key_point	2	0.448289	0.166667	chapter:13	MiniLM salience, then the Manifold Steering paper	chapter	00:15:26.504	00:16:57.935	926.504	1017.935	00:47:25.504	MiniLM salience, then the Manifold Steering paper. It basically showed things like different dates mapping to a particular shape inside large language models They look at things like weekdays in different language models corresponding to certain shapes So I p
key_points_to_chapters	key_point:031	🧭 Emoji quad outline topic tree	key_point	1	0.387695	0.4	chapter:08	Projecting back with UMAP: where would a new thing land?	chapter	00:08:12.087	00:10:12.774	492.087	612.774	00:40:11.087	Projecting back with UMAP: where would a new thing land?. There is a popular library called UMAP Learn that lets us do that UMAP is a common solution for dimensionality reduction of high dimensional data It does not have a global objective It is mostly local,
key_points_to_chapters	key_point:031	🧭 Emoji quad outline topic tree	key_point	2	0.375549	0.4	chapter:05	Adding visual language: generated icons	chapter	00:05:24.413	00:06:14.406	324.413	374.406	00:37:23.413	Adding visual language: generated icons. semi-manually and semi-automatically generated icons for the topics That probably helps a little bit What would be more useful is a zoomable user interface where we can look at different things at different levels and
key_points_to_chapters	key_point:032	🧭 Emoji quad outline topic tree	key_point	1	0.52592	0.555556	chapter:14	Robert Horn and visual language; pandemic mess-maps	chapter	00:16:57.935	00:19:55.657	1017.935	1195.657	00:48:56.935	Robert Horn and visual language; pandemic mess-maps. Robert Horn, who coined the term visual language or at least popularised it He wrote a book about it He is a wise elder gentleman who lives somewhere in San Francisco, as far as I know I do not know how act
key_points_to_chapters	key_point:032	🧭 Emoji quad outline topic tree	key_point	2	0.518739	0.444444	chapter:01	Intro: good mental models, high-bandwidth visual cognition	chapter	00:00:00.838	00:00:52.468	0.838	52.468	00:31:59.838	Intro: good mental models, high-bandwidth visual cognition. Hello I’m interested in the problem of how we as human beings, can get a good mental model of what is going on I want to understand things and make use of our high-bandwidth visual centres, which are
key_points_to_chapters	key_point:033	🔑 Key terms	key_point	1	0.585065	0.444444	chapter:01	Intro: good mental models, high-bandwidth visual cognition	chapter	00:00:00.838	00:00:52.468	0.838	52.468	00:31:59.838	Intro: good mental models, high-bandwidth visual cognition. Hello I’m interested in the problem of how we as human beings, can get a good mental model of what is going on I want to understand things and make use of our high-bandwidth visual centres, which are
key_points_to_chapters	key_point:033	🔑 Key terms	key_point	2	0.403081	0.222222	chapter:13	MiniLM salience, then the Manifold Steering paper	chapter	00:15:26.504	00:16:57.935	926.504	1017.935	00:47:25.504	MiniLM salience, then the Manifold Steering paper. It basically showed things like different dates mapping to a particular shape inside large language models They look at things like weekdays in different language models corresponding to certain shapes So I p
key_points_to_chapters	key_point:034	🔑 Key terms	key_point	1	0.659837	0.909091	chapter:01	Intro: good mental models, high-bandwidth visual cognition	chapter	00:00:00.838	00:00:52.468	0.838	52.468	00:31:59.838	Intro: good mental models, high-bandwidth visual cognition. Hello I’m interested in the problem of how we as human beings, can get a good mental model of what is going on I want to understand things and make use of our high-bandwidth visual centres, which are
key_points_to_chapters	key_point:034	🔑 Key terms	key_point	2	0.403286	0.272727	chapter:14	Robert Horn and visual language; pandemic mess-maps	chapter	00:16:57.935	00:19:55.657	1017.935	1195.657	00:48:56.935	Robert Horn and visual language; pandemic mess-maps. Robert Horn, who coined the term visual language or at least popularised it He wrote a book about it He is a wise elder gentleman who lives somewhere in San Francisco, as far as I know I do not know how act
key_points_to_chapters	key_point:035	🔑 Key terms	key_point	1	0.48589	0.285714	chapter:12	Q (Ivan Lugo): shared shapes across languages	chapter	00:14:05.193	00:15:26.504	845.193	926.504	00:46:04.193	Q (Ivan Lugo): shared shapes across languages. I’m curious because you have clearly operated on this from different texts and different spaces Have you seen linguistic patterns in the way you have built this out Have you tried to visualise that For instance,
key_points_to_chapters	key_point:035	🔑 Key terms	key_point	2	0.476947	0.571429	chapter:11	Shared geometry across models; interpretability and safety	chapter	00:12:55.193	00:14:05.193	775.193	845.193	00:44:54.193	Shared geometry across models; interpretability and safety. different models We are starting to peer into that geometric representation space that they have learned in high dimensions People are interested in that from a machine-learning interpretability and
key_points_to_chapters	key_point:036	🔑 Key terms	key_point	1	0.62421	0.6	chapter:02	Why the first map looks messy (high-D to 2D, overlap, force-directed kludge)	chapter	00:00:52.468	00:01:35.655	52.468	95.655	00:32:51.468	Why the first map looks messy (high-D to 2D, overlap, force-directed kludge). This is what happens when a data set of topics is projected down from high-dimensional space into 2D space We should expect it to be a mess We should expect overlap By default, ther
key_points_to_chapters	key_point:036	🔑 Key terms	key_point	2	0.588482	0.7	chapter:08	Projecting back with UMAP: where would a new thing land?	chapter	00:08:12.087	00:10:12.774	492.087	612.774	00:40:11.087	Projecting back with UMAP: where would a new thing land?. There is a popular library called UMAP Learn that lets us do that UMAP is a common solution for dimensionality reduction of high dimensional data It does not have a global objective It is mostly local,
key_points_to_chapters	key_point:037	🔑 Key terms	key_point	1	0.499867	0.3	chapter:02	Why the first map looks messy (high-D to 2D, overlap, force-directed kludge)	chapter	00:00:52.468	00:01:35.655	52.468	95.655	00:32:51.468	Why the first map looks messy (high-D to 2D, overlap, force-directed kludge). This is what happens when a data set of topics is projected down from high-dimensional space into 2D space We should expect it to be a mess We should expect overlap By default, ther
key_points_to_chapters	key_point:037	🔑 Key terms	key_point	2	0.464391	0.4	chapter:10	Q (maf): nodes as regions not points, Voronoi	chapter	00:11:35.105	00:12:55.193	695.105	775.193	00:43:34.105	Q (maf): nodes as regions not points, Voronoi. They have shapes We also think in categories On the screen, in a user interface many of those things could be grouped together by putting them in a box, or surrounding them with a line That is how many mind maps
key_points_to_chapters	key_point:038	🔑 Key terms	key_point	1	0.660411	0.5	chapter:03	No-overlap layout that keeps semantic integrity	chapter	00:01:35.655	00:03:57.121	95.655	237.121	00:33:34.655	No-overlap layout that keeps semantic integrity. two-dimensional representation unless that dimension is deliberately added When we add that dimension, we then have to decide what to do about overlap One common thing people do is use a force-directed effect:
key_points_to_chapters	key_point:038	🔑 Key terms	key_point	2	0.480108	0.125	chapter:05	Adding visual language: generated icons	chapter	00:05:24.413	00:06:14.406	324.413	374.406	00:37:23.413	Adding visual language: generated icons. semi-manually and semi-automatically generated icons for the topics That probably helps a little bit What would be more useful is a zoomable user interface where we can look at different things at different levels and
key_points_to_chapters	key_point:039	🔑 Key terms	key_point	1	0.566282	0.642857	chapter:03	No-overlap layout that keeps semantic integrity	chapter	00:01:35.655	00:03:57.121	95.655	237.121	00:33:34.655	No-overlap layout that keeps semantic integrity. two-dimensional representation unless that dimension is deliberately added When we add that dimension, we then have to decide what to do about overlap One common thing people do is use a force-directed effect:
key_points_to_chapters	key_point:039	🔑 Key terms	key_point	2	0.411464	0.285714	chapter:10	Q (maf): nodes as regions not points, Voronoi	chapter	00:11:35.105	00:12:55.193	695.105	775.193	00:43:34.105	Q (maf): nodes as regions not points, Voronoi. They have shapes We also think in categories On the screen, in a user interface many of those things could be grouped together by putting them in a box, or surrounding them with a line That is how many mind maps
key_points_to_chapters	key_point:040	🔑 Key terms	key_point	1	0.724696	0.636364	chapter:08	Projecting back with UMAP: where would a new thing land?	chapter	00:08:12.087	00:10:12.774	492.087	612.774	00:40:11.087	Projecting back with UMAP: where would a new thing land?. There is a popular library called UMAP Learn that lets us do that UMAP is a common solution for dimensionality reduction of high dimensional data It does not have a global objective It is mostly local,
key_points_to_chapters	key_point:040	🔑 Key terms	key_point	2	0.542605	0.545455	chapter:09	Rotation anchor: stable orientation on regeneration	chapter	00:10:12.774	00:11:35.105	612.774	695.105	00:42:11.774	Rotation anchor: stable orientation on regeneration. whenever one of these maps is regenerated There are different ways of doing dimensionality reduction and they are often based on a random seed or on other stochastic things, that make it hard to keep the sa
key_points_to_chapters	key_point:041	🔑 Key terms	key_point	1	0.605301	0.416667	chapter:08	Projecting back with UMAP: where would a new thing land?	chapter	00:08:12.087	00:10:12.774	492.087	612.774	00:40:11.087	Projecting back with UMAP: where would a new thing land?. There is a popular library called UMAP Learn that lets us do that UMAP is a common solution for dimensionality reduction of high dimensional data It does not have a global objective It is mostly local,
key_points_to_chapters	key_point:041	🔑 Key terms	key_point	2	0.567742	0.583333	chapter:09	Rotation anchor: stable orientation on regeneration	chapter	00:10:12.774	00:11:35.105	612.774	695.105	00:42:11.774	Rotation anchor: stable orientation on regeneration. whenever one of these maps is regenerated There are different ways of doing dimensionality reduction and they are often based on a random seed or on other stochastic things, that make it hard to keep the sa
key_points_to_chapters	key_point:042	🔑 Key terms	key_point	1	0.508902	0.5	chapter:06	Salience-driven scale and opacity; zoom states	chapter	00:06:14.406	00:07:54.548	374.406	474.548	00:38:13.406	Salience-driven scale and opacity; zoom states. of some nodes For instance, there is a woman who was loosely related to some people in this area through gossip She is not as central to Pepys’s life Her centrality is low, but she is still an interesting figure
key_points_to_chapters	key_point:042	🔑 Key terms	key_point	2	0.483198	0.333333	chapter:05	Adding visual language: generated icons	chapter	00:05:24.413	00:06:14.406	324.413	374.406	00:37:23.413	Adding visual language: generated icons. semi-manually and semi-automatically generated icons for the topics That probably helps a little bit What would be more useful is a zoomable user interface where we can look at different things at different levels and
key_points_to_chapters	key_point:043	🔑 Key terms	key_point	1	0.615864	0.727273	chapter:05	Adding visual language: generated icons	chapter	00:05:24.413	00:06:14.406	324.413	374.406	00:37:23.413	Adding visual language: generated icons. semi-manually and semi-automatically generated icons for the topics That probably helps a little bit What would be more useful is a zoomable user interface where we can look at different things at different levels and
key_points_to_chapters	key_point:043	🔑 Key terms	key_point	2	0.572982	0.363636	chapter:06	Salience-driven scale and opacity; zoom states	chapter	00:06:14.406	00:07:54.548	374.406	474.548	00:38:13.406	Salience-driven scale and opacity; zoom states. of some nodes For instance, there is a woman who was loosely related to some people in this area through gossip She is not as central to Pepys’s life Her centrality is low, but she is still an interesting figure
key_points_to_chapters	key_point:044	🔑 Key terms	key_point	1	0.62068	0.5	chapter:13	MiniLM salience, then the Manifold Steering paper	chapter	00:15:26.504	00:16:57.935	926.504	1017.935	00:47:25.504	MiniLM salience, then the Manifold Steering paper. It basically showed things like different dates mapping to a particular shape inside large language models They look at things like weekdays in different language models corresponding to certain shapes So I p
key_points_to_chapters	key_point:044	🔑 Key terms	key_point	2	0.531341	0.2	chapter:11	Shared geometry across models; interpretability and safety	chapter	00:12:55.193	00:14:05.193	775.193	845.193	00:44:54.193	Shared geometry across models; interpretability and safety. different models We are starting to peer into that geometric representation space that they have learned in high dimensions People are interested in that from a machine-learning interpretability and
key_points_to_chapters	key_point:045	🔑 Key terms	key_point	1	0.579384	0.714286	chapter:14	Robert Horn and visual language; pandemic mess-maps	chapter	00:16:57.935	00:19:55.657	1017.935	1195.657	00:48:56.935	Robert Horn and visual language; pandemic mess-maps. Robert Horn, who coined the term visual language or at least popularised it He wrote a book about it He is a wise elder gentleman who lives somewhere in San Francisco, as far as I know I do not know how act
key_points_to_chapters	key_point:045	🔑 Key terms	key_point	2	0.464212	0.285714	chapter:01	Intro: good mental models, high-bandwidth visual cognition	chapter	00:00:00.838	00:00:52.468	0.838	52.468	00:31:59.838	Intro: good mental models, high-bandwidth visual cognition. Hello I’m interested in the problem of how we as human beings, can get a good mental model of what is going on I want to understand things and make use of our high-bandwidth visual centres, which are
key_points_to_chapters	key_point:046	🔑 Key terms	key_point	1	0.480288	0.454545	chapter:14	Robert Horn and visual language; pandemic mess-maps	chapter	00:16:57.935	00:19:55.657	1017.935	1195.657	00:48:56.935	Robert Horn and visual language; pandemic mess-maps. Robert Horn, who coined the term visual language or at least popularised it He wrote a book about it He is a wise elder gentleman who lives somewhere in San Francisco, as far as I know I do not know how act
key_points_to_chapters	key_point:046	🔑 Key terms	key_point	2	0.47317	0.272727	chapter:01	Intro: good mental models, high-bandwidth visual cognition	chapter	00:00:00.838	00:00:52.468	0.838	52.468	00:31:59.838	Intro: good mental models, high-bandwidth visual cognition. Hello I’m interested in the problem of how we as human beings, can get a good mental model of what is going on I want to understand things and make use of our high-bandwidth visual centres, which are
key_points_to_chapters	key_point:047	🧵 Key themes	key_point	1	0.575056	0.428571	chapter:01	Intro: good mental models, high-bandwidth visual cognition	chapter	00:00:00.838	00:00:52.468	0.838	52.468	00:31:59.838	Intro: good mental models, high-bandwidth visual cognition. Hello I’m interested in the problem of how we as human beings, can get a good mental model of what is going on I want to understand things and make use of our high-bandwidth visual centres, which are
key_points_to_chapters	key_point:047	🧵 Key themes	key_point	2	0.41099	0.285714	chapter:13	MiniLM salience, then the Manifold Steering paper	chapter	00:15:26.504	00:16:57.935	926.504	1017.935	00:47:25.504	MiniLM salience, then the Manifold Steering paper. It basically showed things like different dates mapping to a particular shape inside large language models They look at things like weekdays in different language models corresponding to certain shapes So I p
key_points_to_chapters	key_point:048	🧵 Key themes	key_point	1	0.451182	0.357143	chapter:06	Salience-driven scale and opacity; zoom states	chapter	00:06:14.406	00:07:54.548	374.406	474.548	00:38:13.406	Salience-driven scale and opacity; zoom states. of some nodes For instance, there is a woman who was loosely related to some people in this area through gossip She is not as central to Pepys’s life Her centrality is low, but she is still an interesting figure
key_points_to_chapters	key_point:048	🧵 Key themes	key_point	2	0.445715	0.214286	chapter:10	Q (maf): nodes as regions not points, Voronoi	chapter	00:11:35.105	00:12:55.193	695.105	775.193	00:43:34.105	Q (maf): nodes as regions not points, Voronoi. They have shapes We also think in categories On the screen, in a user interface many of those things could be grouped together by putting them in a box, or surrounding them with a line That is how many mind maps
key_points_to_chapters	key_point:049	🧵 Key themes	key_point	1	0.610514	0.533333	chapter:05	Adding visual language: generated icons	chapter	00:05:24.413	00:06:14.406	324.413	374.406	00:37:23.413	Adding visual language: generated icons. semi-manually and semi-automatically generated icons for the topics That probably helps a little bit What would be more useful is a zoomable user interface where we can look at different things at different levels and
key_points_to_chapters	key_point:049	🧵 Key themes	key_point	2	0.563272	0.4	chapter:14	Robert Horn and visual language; pandemic mess-maps	chapter	00:16:57.935	00:19:55.657	1017.935	1195.657	00:48:56.935	Robert Horn and visual language; pandemic mess-maps. Robert Horn, who coined the term visual language or at least popularised it He wrote a book about it He is a wise elder gentleman who lives somewhere in San Francisco, as far as I know I do not know how act
key_points_to_chapters	key_point:050	🧵 Key themes	key_point	1	0.583774	0.333333	chapter:07	Q (Ivy): can the interface express, not just reveal?	chapter	00:07:54.548	00:08:12.087	474.548	492.087	00:39:53.548	Q (Ivy): can the interface express, not just reveal?. So far, you have talked about what this interface is revealing, what it is showing, and how it relates to higher-dimensional spaces I’m curious what you have thought about with respect to doing expressive
key_points_to_chapters	key_point:050	🧵 Key themes	key_point	2	0.49	0.666667	chapter:06	Salience-driven scale and opacity; zoom states	chapter	00:06:14.406	00:07:54.548	374.406	474.548	00:38:13.406	Salience-driven scale and opacity; zoom states. of some nodes For instance, there is a woman who was loosely related to some people in this area through gossip She is not as central to Pepys’s life Her centrality is low, but she is still an interesting figure
key_points_to_chapters	key_point:051	🧵 Key themes	key_point	1	0.644143	0.428571	chapter:11	Shared geometry across models; interpretability and safety	chapter	00:12:55.193	00:14:05.193	775.193	845.193	00:44:54.193	Shared geometry across models; interpretability and safety. different models We are starting to peer into that geometric representation space that they have learned in high dimensions People are interested in that from a machine-learning interpretability and
key_points_to_chapters	key_point:051	🧵 Key themes	key_point	2	0.550515	0.357143	chapter:12	Q (Ivan Lugo): shared shapes across languages	chapter	00:14:05.193	00:15:26.504	845.193	926.504	00:46:04.193	Q (Ivan Lugo): shared shapes across languages. I’m curious because you have clearly operated on this from different texts and different spaces Have you seen linguistic patterns in the way you have built this out Have you tried to visualise that For instance,
key_points_to_chapters	key_point:052	🧵 Key themes	key_point	1	0.542343	0.214286	chapter:01	Intro: good mental models, high-bandwidth visual cognition	chapter	00:00:00.838	00:00:52.468	0.838	52.468	00:31:59.838	Intro: good mental models, high-bandwidth visual cognition. Hello I’m interested in the problem of how we as human beings, can get a good mental model of what is going on I want to understand things and make use of our high-bandwidth visual centres, which are
key_points_to_chapters	key_point:052	🧵 Key themes	key_point	2	0.492684	0.428571	chapter:14	Robert Horn and visual language; pandemic mess-maps	chapter	00:16:57.935	00:19:55.657	1017.935	1195.657	00:48:56.935	Robert Horn and visual language; pandemic mess-maps. Robert Horn, who coined the term visual language or at least popularised it He wrote a book about it He is a wise elder gentleman who lives somewhere in San Francisco, as far as I know I do not know how act
key_points_to_chapters	key_point:053	⚠️ Key problems and proposed solutions	key_point	1	0.627535	0.2	chapter:02	Why the first map looks messy (high-D to 2D, overlap, force-directed kludge)	chapter	00:00:52.468	00:01:35.655	52.468	95.655	00:32:51.468	Why the first map looks messy (high-D to 2D, overlap, force-directed kludge). This is what happens when a data set of topics is projected down from high-dimensional space into 2D space We should expect it to be a mess We should expect overlap By default, ther
key_points_to_chapters	key_point:053	⚠️ Key problems and proposed solutions	key_point	2	0.60323	0.333333	chapter:03	No-overlap layout that keeps semantic integrity	chapter	00:01:35.655	00:03:57.121	95.655	237.121	00:33:34.655	No-overlap layout that keeps semantic integrity. two-dimensional representation unless that dimension is deliberately added When we add that dimension, we then have to decide what to do about overlap One common thing people do is use a force-directed effect:
key_points_to_chapters	key_point:054	⚠️ Key problems and proposed solutions	key_point	1	0.575029	0.133333	chapter:05	Adding visual language: generated icons	chapter	00:05:24.413	00:06:14.406	324.413	374.406	00:37:23.413	Adding visual language: generated icons. semi-manually and semi-automatically generated icons for the topics That probably helps a little bit What would be more useful is a zoomable user interface where we can look at different things at different levels and
key_points_to_chapters	key_point:054	⚠️ Key problems and proposed solutions	key_point	2	0.573294	0.533333	chapter:10	Q (maf): nodes as regions not points, Voronoi	chapter	00:11:35.105	00:12:55.193	695.105	775.193	00:43:34.105	Q (maf): nodes as regions not points, Voronoi. They have shapes We also think in categories On the screen, in a user interface many of those things could be grouped together by putting them in a box, or surrounding them with a line That is how many mind maps
key_points_to_chapters	key_point:055	⚠️ Key problems and proposed solutions	key_point	1	0.621861	0.375	chapter:03	No-overlap layout that keeps semantic integrity	chapter	00:01:35.655	00:03:57.121	95.655	237.121	00:33:34.655	No-overlap layout that keeps semantic integrity. two-dimensional representation unless that dimension is deliberately added When we add that dimension, we then have to decide what to do about overlap One common thing people do is use a force-directed effect:
key_points_to_chapters	key_point:055	⚠️ Key problems and proposed solutions	key_point	2	0.482461	0.125	chapter:02	Why the first map looks messy (high-D to 2D, overlap, force-directed kludge)	chapter	00:00:52.468	00:01:35.655	52.468	95.655	00:32:51.468	Why the first map looks messy (high-D to 2D, overlap, force-directed kludge). This is what happens when a data set of topics is projected down from high-dimensional space into 2D space We should expect it to be a mess We should expect overlap By default, ther
key_points_to_chapters	key_point:056	⚠️ Key problems and proposed solutions	key_point	1	0.668097	0.538462	chapter:03	No-overlap layout that keeps semantic integrity	chapter	00:01:35.655	00:03:57.121	95.655	237.121	00:33:34.655	No-overlap layout that keeps semantic integrity. two-dimensional representation unless that dimension is deliberately added When we add that dimension, we then have to decide what to do about overlap One common thing people do is use a force-directed effect:
key_points_to_chapters	key_point:056	⚠️ Key problems and proposed solutions	key_point	2	0.522994	0.230769	chapter:02	Why the first map looks messy (high-D to 2D, overlap, force-directed kludge)	chapter	00:00:52.468	00:01:35.655	52.468	95.655	00:32:51.468	Why the first map looks messy (high-D to 2D, overlap, force-directed kludge). This is what happens when a data set of topics is projected down from high-dimensional space into 2D space We should expect it to be a mess We should expect overlap By default, ther
key_points_to_chapters	key_point:057	⚠️ Key problems and proposed solutions	key_point	1	0.691184	0.692308	chapter:09	Rotation anchor: stable orientation on regeneration	chapter	00:10:12.774	00:11:35.105	612.774	695.105	00:42:11.774	Rotation anchor: stable orientation on regeneration. whenever one of these maps is regenerated There are different ways of doing dimensionality reduction and they are often based on a random seed or on other stochastic things, that make it hard to keep the sa
key_points_to_chapters	key_point:057	⚠️ Key problems and proposed solutions	key_point	2	0.428171	0.384615	chapter:08	Projecting back with UMAP: where would a new thing land?	chapter	00:08:12.087	00:10:12.774	492.087	612.774	00:40:11.087	Projecting back with UMAP: where would a new thing land?. There is a popular library called UMAP Learn that lets us do that UMAP is a common solution for dimensionality reduction of high dimensional data It does not have a global objective It is mostly local,
key_points_to_chapters	key_point:058	⚠️ Key problems and proposed solutions	key_point	1	0.61263	0.4375	chapter:06	Salience-driven scale and opacity; zoom states	chapter	00:06:14.406	00:07:54.548	374.406	474.548	00:38:13.406	Salience-driven scale and opacity; zoom states. of some nodes For instance, there is a woman who was loosely related to some people in this area through gossip She is not as central to Pepys’s life Her centrality is low, but she is still an interesting figure
key_points_to_chapters	key_point:058	⚠️ Key problems and proposed solutions	key_point	2	0.606183	0.5625	chapter:05	Adding visual language: generated icons	chapter	00:05:24.413	00:06:14.406	324.413	374.406	00:37:23.413	Adding visual language: generated icons. semi-manually and semi-automatically generated icons for the topics That probably helps a little bit What would be more useful is a zoomable user interface where we can look at different things at different levels and
key_points_to_chapters	key_point:059	⚠️ Key problems and proposed solutions	key_point	1	0.583534	0.25	chapter:06	Salience-driven scale and opacity; zoom states	chapter	00:06:14.406	00:07:54.548	374.406	474.548	00:38:13.406	Salience-driven scale and opacity; zoom states. of some nodes For instance, there is a woman who was loosely related to some people in this area through gossip She is not as central to Pepys’s life Her centrality is low, but she is still an interesting figure
key_points_to_chapters	key_point:059	⚠️ Key problems and proposed solutions	key_point	2	0.52824	0.333333	chapter:05	Adding visual language: generated icons	chapter	00:05:24.413	00:06:14.406	324.413	374.406	00:37:23.413	Adding visual language: generated icons. semi-manually and semi-automatically generated icons for the topics That probably helps a little bit What would be more useful is a zoomable user interface where we can look at different things at different levels and
key_points_to_chapters	key_point:060	⚠️ Key problems and proposed solutions	key_point	1	0.610936	0.428571	chapter:12	Q (Ivan Lugo): shared shapes across languages	chapter	00:14:05.193	00:15:26.504	845.193	926.504	00:46:04.193	Q (Ivan Lugo): shared shapes across languages. I’m curious because you have clearly operated on this from different texts and different spaces Have you seen linguistic patterns in the way you have built this out Have you tried to visualise that For instance,
key_points_to_chapters	key_point:060	⚠️ Key problems and proposed solutions	key_point	2	0.588119	0.357143	chapter:11	Shared geometry across models; interpretability and safety	chapter	00:12:55.193	00:14:05.193	775.193	845.193	00:44:54.193	Shared geometry across models; interpretability and safety. different models We are starting to peer into that geometric representation space that they have learned in high dimensions People are interested in that from a machine-learning interpretability and
key_points_to_chapters	key_point:061	⚠️ Key problems and proposed solutions	key_point	1	0.681448	0.578947	chapter:14	Robert Horn and visual language; pandemic mess-maps	chapter	00:16:57.935	00:19:55.657	1017.935	1195.657	00:48:56.935	Robert Horn and visual language; pandemic mess-maps. Robert Horn, who coined the term visual language or at least popularised it He wrote a book about it He is a wise elder gentleman who lives somewhere in San Francisco, as far as I know I do not know how act
key_points_to_chapters	key_point:061	⚠️ Key problems and proposed solutions	key_point	2	0.498789	0.157895	chapter:01	Intro: good mental models, high-bandwidth visual cognition	chapter	00:00:00.838	00:00:52.468	0.838	52.468	00:31:59.838	Intro: good mental models, high-bandwidth visual cognition. Hello I’m interested in the problem of how we as human beings, can get a good mental model of what is going on I want to understand things and make use of our high-bandwidth visual centres, which are
key_points_to_chapters	key_point:062	✅ Key takeaways	key_point	1	0.677761	0.545455	chapter:01	Intro: good mental models, high-bandwidth visual cognition	chapter	00:00:00.838	00:00:52.468	0.838	52.468	00:31:59.838	Intro: good mental models, high-bandwidth visual cognition. Hello I’m interested in the problem of how we as human beings, can get a good mental model of what is going on I want to understand things and make use of our high-bandwidth visual centres, which are
key_points_to_chapters	key_point:062	✅ Key takeaways	key_point	2	0.476613	0.363636	chapter:05	Adding visual language: generated icons	chapter	00:05:24.413	00:06:14.406	324.413	374.406	00:37:23.413	Adding visual language: generated icons. semi-manually and semi-automatically generated icons for the topics That probably helps a little bit What would be more useful is a zoomable user interface where we can look at different things at different levels and
key_points_to_chapters	key_point:063	✅ Key takeaways	key_point	1	0.640237	0.375	chapter:02	Why the first map looks messy (high-D to 2D, overlap, force-directed kludge)	chapter	00:00:52.468	00:01:35.655	52.468	95.655	00:32:51.468	Why the first map looks messy (high-D to 2D, overlap, force-directed kludge). This is what happens when a data set of topics is projected down from high-dimensional space into 2D space We should expect it to be a mess We should expect overlap By default, ther
key_points_to_chapters	key_point:063	✅ Key takeaways	key_point	2	0.59719	0.3125	chapter:08	Projecting back with UMAP: where would a new thing land?	chapter	00:08:12.087	00:10:12.774	492.087	612.774	00:40:11.087	Projecting back with UMAP: where would a new thing land?. There is a popular library called UMAP Learn that lets us do that UMAP is a common solution for dimensionality reduction of high dimensional data It does not have a global objective It is mostly local,
key_points_to_chapters	key_point:064	✅ Key takeaways	key_point	1	0.557929	0.428571	chapter:03	No-overlap layout that keeps semantic integrity	chapter	00:01:35.655	00:03:57.121	95.655	237.121	00:33:34.655	No-overlap layout that keeps semantic integrity. two-dimensional representation unless that dimension is deliberately added When we add that dimension, we then have to decide what to do about overlap One common thing people do is use a force-directed effect:
key_points_to_chapters	key_point:064	✅ Key takeaways	key_point	2	0.451152	0.142857	chapter:11	Shared geometry across models; interpretability and safety	chapter	00:12:55.193	00:14:05.193	775.193	845.193	00:44:54.193	Shared geometry across models; interpretability and safety. different models We are starting to peer into that geometric representation space that they have learned in high dimensions People are interested in that from a machine-learning interpretability and
key_points_to_chapters	key_point:065	✅ Key takeaways	key_point	1	0.645366	0.555556	chapter:05	Adding visual language: generated icons	chapter	00:05:24.413	00:06:14.406	324.413	374.406	00:37:23.413	Adding visual language: generated icons. semi-manually and semi-automatically generated icons for the topics That probably helps a little bit What would be more useful is a zoomable user interface where we can look at different things at different levels and
key_points_to_chapters	key_point:065	✅ Key takeaways	key_point	2	0.612351	0.444444	chapter:06	Salience-driven scale and opacity; zoom states	chapter	00:06:14.406	00:07:54.548	374.406	474.548	00:38:13.406	Salience-driven scale and opacity; zoom states. of some nodes For instance, there is a woman who was loosely related to some people in this area through gossip She is not as central to Pepys’s life Her centrality is low, but she is still an interesting figure
key_points_to_chapters	key_point:066	✅ Key takeaways	key_point	1	0.643461	0.315789	chapter:07	Q (Ivy): can the interface express, not just reveal?	chapter	00:07:54.548	00:08:12.087	474.548	492.087	00:39:53.548	Q (Ivy): can the interface express, not just reveal?. So far, you have talked about what this interface is revealing, what it is showing, and how it relates to higher-dimensional spaces I’m curious what you have thought about with respect to doing expressive
key_points_to_chapters	key_point:066	✅ Key takeaways	key_point	2	0.579317	0.210526	chapter:01	Intro: good mental models, high-bandwidth visual cognition	chapter	00:00:00.838	00:00:52.468	0.838	52.468	00:31:59.838	Intro: good mental models, high-bandwidth visual cognition. Hello I’m interested in the problem of how we as human beings, can get a good mental model of what is going on I want to understand things and make use of our high-bandwidth visual centres, which are
key_points_to_chapters	key_point:067	✅ Key takeaways	key_point	1	0.608857	0.4	chapter:11	Shared geometry across models; interpretability and safety	chapter	00:12:55.193	00:14:05.193	775.193	845.193	00:44:54.193	Shared geometry across models; interpretability and safety. different models We are starting to peer into that geometric representation space that they have learned in high dimensions People are interested in that from a machine-learning interpretability and
key_points_to_chapters	key_point:067	✅ Key takeaways	key_point	2	0.570187	0.333333	chapter:12	Q (Ivan Lugo): shared shapes across languages	chapter	00:14:05.193	00:15:26.504	845.193	926.504	00:46:04.193	Q (Ivan Lugo): shared shapes across languages. I’m curious because you have clearly operated on this from different texts and different spaces Have you seen linguistic patterns in the way you have built this out Have you tried to visualise that For instance,
key_points_to_chapters	key_point:068	✅ Key takeaways	key_point	1	0.704784	0.4375	chapter:11	Shared geometry across models; interpretability and safety	chapter	00:12:55.193	00:14:05.193	775.193	845.193	00:44:54.193	Shared geometry across models; interpretability and safety. different models We are starting to peer into that geometric representation space that they have learned in high dimensions People are interested in that from a machine-learning interpretability and
key_points_to_chapters	key_point:068	✅ Key takeaways	key_point	2	0.551667	0.3125	chapter:13	MiniLM salience, then the Manifold Steering paper	chapter	00:15:26.504	00:16:57.935	926.504	1017.935	00:47:25.504	MiniLM salience, then the Manifold Steering paper. It basically showed things like different dates mapping to a particular shape inside large language models They look at things like weekdays in different language models corresponding to certain shapes So I p
key_points_to_chapters	key_point:069	✅ Key takeaways	key_point	1	0.755116	0.5	chapter:14	Robert Horn and visual language; pandemic mess-maps	chapter	00:16:57.935	00:19:55.657	1017.935	1195.657	00:48:56.935	Robert Horn and visual language; pandemic mess-maps. Robert Horn, who coined the term visual language or at least popularised it He wrote a book about it He is a wise elder gentleman who lives somewhere in San Francisco, as far as I know I do not know how act
key_points_to_chapters	key_point:069	✅ Key takeaways	key_point	2	0.466728	0.222222	chapter:13	MiniLM salience, then the Manifold Steering paper	chapter	00:15:26.504	00:16:57.935	926.504	1017.935	00:47:25.504	MiniLM salience, then the Manifold Steering paper. It basically showed things like different dates mapping to a particular shape inside large language models They look at things like weekdays in different language models corresponding to certain shapes So I p
key_points_to_chapters	key_point:070	✅ Key takeaways	key_point	1	0.440387	0.176471	chapter:01	Intro: good mental models, high-bandwidth visual cognition	chapter	00:00:00.838	00:00:52.468	0.838	52.468	00:31:59.838	Intro: good mental models, high-bandwidth visual cognition. Hello I’m interested in the problem of how we as human beings, can get a good mental model of what is going on I want to understand things and make use of our high-bandwidth visual centres, which are
key_points_to_chapters	key_point:070	✅ Key takeaways	key_point	2	0.426854	0.235294	chapter:11	Shared geometry across models; interpretability and safety	chapter	00:12:55.193	00:14:05.193	775.193	845.193	00:44:54.193	Shared geometry across models; interpretability and safety. different models We are starting to peer into that geometric representation space that they have learned in high dimensions People are interested in that from a machine-learning interpretability and
